timestamp,temperature,humidity,wind_speed,pm2_5,pm10,no2,o3,co,so2,aqi,hour,day_of_week,month
2025-07-25 00:00:00+00:00,27.1,92.0,4.6,70.5,84.1,86.9,14.0,2527.0,17.6,140,0,4,7
2025-07-25 01:00:00+00:00,26.7,89.0,7.0,54.4,66.6,73.2,20.0,1396.0,15.7,141,1,4,7
2025-07-25 02:00:00+00:00,25.5,94.0,9.2,48.8,66.6,62.2,23.0,573.0,14.1,141,2,4,7
2025-07-25 03:00:00+00:00,25.1,97.0,5.7,46.1,69.2,58.1,19.0,322.0,12.9,141,3,4,7
2025-07-25 04:00:00+00:00,24.8,98.0,7.7,47.5,75.0,56.6,13.0,379.0,12.0,141,4,4,7
2025-07-25 05:00:00+00:00,24.7,97.0,5.6,33.1,61.5,27.8,36.0,556.0,7.6,141,5,4,7
2025-07-25 06:00:00+00:00,25.8,94.0,8.5,32.9,60.3,25.9,42.0,901.0,7.9,137,6,4,7
2025-07-25 07:00:00+00:00,26.3,91.0,4.5,32.6,67.8,23.2,52.0,1366.0,8.3,133,7,4,7
2025-07-25 08:00:00+00:00,26.8,89.0,2.3,32.6,75.9,20.1,67.0,1623.0,8.9,129,8,4,7
2025-07-25 09:00:00+00:00,28.0,85.0,2.2,32.5,78.2,16.4,90.0,1466.0,10.2,125,9,4,7
2025-07-25 10:00:00+00:00,30.3,76.0,0.9,35.0,82.9,12.4,118.0,1101.0,11.6,123,10,4,7
2025-07-25 11:00:00+00:00,31.4,72.0,1.8,38.6,89.9,9.3,141.0,817.0,12.4,122,11,4,7
2025-07-25 12:00:00+00:00,32.0,69.0,1.2,41.0,91.5,7.7,154.0,729.0,11.6,121,12,4,7
2025-07-25 13:00:00+00:00,32.2,68.0,1.0,42.1,91.3,7.1,161.0,722.0,10.1,121,13,4,7
2025-07-25 14:00:00+00:00,32.6,67.0,0.8,44.9,91.5,7.4,169.0,744.0,9.2,121,14,4,7
2025-07-25 15:00:00+00:00,32.7,66.0,1.1,47.3,90.8,6.0,183.0,714.0,9.4,122,15,4,7
2025-07-25 16:00:00+00:00,32.9,65.0,2.1,47.4,86.1,5.5,198.0,713.0,10.3,122,16,4,7
2025-07-25 17:00:00+00:00,32.7,66.0,2.7,51.2,83.4,11.5,159.0,928.0,7.1,125,17,4,7
2025-07-25 18:00:00+00:00,31.8,75.0,1.5,54.0,82.4,42.1,125.0,1618.0,9.2,139,18,4,7
2025-07-25 19:00:00+00:00,31.0,77.0,0.5,70.3,93.6,84.4,77.0,2524.0,12.3,141,19,4,7
2025-07-25 20:00:00+00:00,30.1,80.0,0.5,91.5,114.3,116.9,39.0,3059.0,15.2,130,20,4,7
2025-07-25 21:00:00+00:00,29.6,82.0,1.5,109.0,131.3,130.1,21.0,2868.0,18.0,135,21,4,7
2025-07-25 22:00:00+00:00,28.9,85.0,3.6,120.6,142.5,133.4,13.0,2306.0,20.7,140,22,4,7
2025-07-25 23:00:00+00:00,28.2,89.0,4.0,127.6,148.1,133.5,8.0,1852.0,22.1,146,23,4,7
2025-07-26 00:00:00+00:00,28.0,90.0,2.0,119.7,137.4,132.4,4.0,1681.0,21.3,151,0,5,7
2025-07-26 01:00:00+00:00,27.7,92.0,2.2,109.7,125.3,128.0,3.0,1617.0,19.2,152,1,5,7
2025-07-26 02:00:00+00:00,27.4,93.0,1.6,109.0,124.8,121.1,4.0,1618.0,17.3,154,2,5,7
2025-07-26 03:00:00+00:00,27.2,94.0,1.0,112.9,129.0,111.4,4.0,1712.0,16.0,155,3,5,7
2025-07-26 04:00:00+00:00,27.1,94.0,1.3,112.2,126.2,99.2,6.0,1871.0,14.8,157,4,5,7
2025-07-26 05:00:00+00:00,26.8,95.0,4.1,99.4,112.9,98.2,6.0,1960.0,13.4,159,5,5,7
2025-07-26 06:00:00+00:00,28.1,89.0,1.3,82.2,92.7,79.3,34.0,1940.0,13.5,161,6,5,7
2025-07-26 07:00:00+00:00,29.0,88.0,1.1,71.0,81.7,53.0,73.0,1852.0,13.6,163,7,5,7
2025-07-26 08:00:00+00:00,30.4,80.0,2.7,56.3,70.1,31.4,108.0,1683.0,13.1,164,8,5,7
2025-07-26 09:00:00+00:00,31.5,75.0,4.0,44.9,59.5,19.4,135.0,1372.0,11.5,165,9,5,7
2025-07-26 10:00:00+00:00,32.4,73.0,5.0,39.7,53.4,12.2,158.0,981.0,9.2,165,10,5,7
2025-07-26 11:00:00+00:00,33.0,69.0,5.5,42.0,55.8,7.5,176.0,685.0,7.4,165,11,5,7
2025-07-26 12:00:00+00:00,33.8,66.0,4.7,41.3,54.7,5.1,189.0,559.0,6.4,165,12,5,7
2025-07-26 13:00:00+00:00,34.4,65.0,3.8,41.1,53.8,5.2,198.0,529.0,5.8,165,13,5,7
2025-07-26 14:00:00+00:00,34.4,64.0,2.7,42.8,55.2,6.2,204.0,548.0,5.6,165,14,5,7
2025-07-26 15:00:00+00:00,34.7,63.0,2.2,43.9,56.2,3.4,214.0,554.0,5.7,165,15,5,7
2025-07-26 16:00:00+00:00,34.6,62.0,2.2,45.3,58.0,1.4,221.0,610.0,6.2,165,16,5,7
2025-07-26 17:00:00+00:00,34.1,64.0,2.6,42.4,58.2,13.1,191.0,858.0,10.2,176,17,5,7
2025-07-26 18:00:00+00:00,33.1,74.0,1.8,43.3,57.5,44.1,148.0,1510.0,11.5,185,18,5,7
2025-07-26 19:00:00+00:00,31.9,80.0,1.6,54.9,66.8,86.6,90.0,2355.0,13.2,183,19,5,7
2025-07-26 20:00:00+00:00,31.1,84.0,2.7,73.6,85.0,116.5,44.0,2902.0,14.6,169,20,5,7
2025-07-26 21:00:00+00:00,30.6,85.0,4.5,83.1,93.6,121.8,25.0,2884.0,15.4,163,21,5,7
2025-07-26 22:00:00+00:00,30.3,87.0,3.1,88.9,99.0,114.6,19.0,2568.0,15.8,163,22,5,7
2025-07-26 23:00:00+00:00,29.9,87.0,3.2,93.1,102.7,106.9,16.0,2260.0,15.8,162,23,5,7
2025-07-27 00:00:00+00:00,29.4,87.0,4.0,95.5,104.8,103.3,12.0,2069.0,15.1,161,0,6,7
2025-07-27 01:00:00+00:00,29.3,87.0,3.7,95.2,103.6,99.1,10.0,1887.0,13.8,160,1,6,7
2025-07-27 02:00:00+00:00,29.2,88.0,3.1,90.3,97.8,93.1,10.0,1694.0,12.6,160,2,6,7
2025-07-27 03:00:00+00:00,29.1,89.0,2.3,87.1,93.8,84.2,11.0,1440.0,11.5,159,3,6,7
2025-07-27 04:00:00+00:00,29.2,87.0,0.2,85.9,92.7,73.3,14.0,1175.0,10.3,158,4,6,7
2025-07-27 05:00:00+00:00,28.8,90.0,0.6,76.4,81.5,50.8,16.0,1031.0,9.4,157,5,6,7
2025-07-27 06:00:00+00:00,29.6,88.0,3.1,74.7,78.7,43.1,39.0,1134.0,10.5,157,6,6,7
2025-07-27 07:00:00+00:00,30.4,88.0,2.9,68.7,73.1,32.3,72.0,1357.0,12.0,157,7,6,7
2025-07-27 08:00:00+00:00,31.7,80.0,2.5,51.9,56.3,22.8,106.0,1453.0,12.9,157,8,6,7
2025-07-27 09:00:00+00:00,32.7,72.0,2.6,41.2,44.7,16.0,140.0,1269.0,12.8,156,9,6,7
2025-07-27 10:00:00+00:00,33.3,70.0,2.9,37.5,40.5,10.5,174.0,957.0,12.2,156,10,6,7
2025-07-27 11:00:00+00:00,34.0,68.0,2.9,37.1,40.3,6.6,200.0,723.0,11.6,156,11,6,7
2025-07-27 12:00:00+00:00,34.7,64.0,2.2,36.3,39.8,4.8,213.0,651.0,11.0,156,12,6,7
2025-07-27 13:00:00+00:00,35.0,62.0,2.4,35.9,39.3,4.6,218.0,656.0,10.3,156,13,6,7
2025-07-27 14:00:00+00:00,35.1,61.0,2.9,35.6,39.0,5.4,220.0,694.0,9.9,156,14,6,7
2025-07-27 15:00:00+00:00,35.0,60.0,2.7,34.6,38.0,4.6,223.0,703.0,9.8,156,15,6,7
2025-07-27 16:00:00+00:00,34.8,61.0,2.9,35.4,39.2,4.8,222.0,745.0,9.9,176,16,6,7
2025-07-27 17:00:00+00:00,34.3,63.0,3.4,54.7,71.2,12.2,198.0,959.0,10.7,194,17,6,7
2025-07-27 18:00:00+00:00,34.0,69.0,3.7,57.3,73.3,48.4,157.0,1580.0,13.0,201,18,6,7
2025-07-27 19:00:00+00:00,32.3,78.0,4.4,71.9,87.1,98.2,99.0,2373.0,16.1,200,19,6,7
2025-07-27 20:00:00+00:00,31.4,82.0,5.2,89.6,105.7,133.8,53.0,2779.0,18.5,185,20,6,7
2025-07-27 21:00:00+00:00,31.0,82.0,6.4,110.1,127.1,143.2,30.0,2429.0,19.5,159,21,6,7
2025-07-27 22:00:00+00:00,30.6,81.0,6.6,121.5,138.3,138.4,19.0,1691.0,19.8,158,22,6,7
2025-07-27 23:00:00+00:00,30.1,82.0,6.1,113.9,129.5,127.9,13.0,1106.0,19.4,158,23,6,7
2025-07-28 00:00:00+00:00,29.6,83.0,5.4,98.3,114.1,111.5,13.0,894.0,17.9,159,0,0,7
2025-07-28 01:00:00+00:00,29.1,86.0,4.3,90.1,106.9,89.4,18.0,835.0,15.7,159,1,0,7
2025-07-28 02:00:00+00:00,28.7,89.0,4.8,85.0,102.2,70.7,23.0,813.0,13.9,159,2,0,7
2025-07-28 03:00:00+00:00,28.4,92.0,6.0,83.6,101.5,59.4,23.0,786.0,13.1,159,3,0,7
2025-07-28 04:00:00+00:00,28.2,94.0,9.3,82.2,99.2,51.6,22.0,794.0,12.7,159,4,0,7
2025-07-28 05:00:00+00:00,27.4,94.0,9.5,68.0,84.8,35.7,39.0,848.0,10.6,159,5,0,7
2025-07-28 06:00:00+00:00,28.8,91.0,5.5,66.8,88.7,31.2,52.0,1000.0,10.6,158,6,0,7
2025-07-28 07:00:00+00:00,29.5,90.0,4.7,60.1,82.9,24.8,72.0,1197.0,10.5,158,7,0,7
2025-07-28 08:00:00+00:00,30.9,85.0,5.6,53.2,81.3,19.0,95.0,1284.0,10.5,158,8,0,7
2025-07-28 09:00:00+00:00,32.1,79.0,5.3,48.8,77.3,14.5,124.0,1158.0,10.6,158,9,0,7
2025-07-28 10:00:00+00:00,33.2,70.0,2.9,52.4,85.2,10.7,156.0,923.0,10.8,158,10,0,7
2025-07-28 11:00:00+00:00,34.0,65.0,1.7,58.4,94.3,8.0,183.0,738.0,11.0,159,11,0,7
2025-07-28 12:00:00+00:00,34.8,61.0,2.2,61.2,98.3,6.9,203.0,669.0,11.5,159,12,0,7
2025-07-28 13:00:00+00:00,35.3,59.0,2.5,69.2,109.7,7.0,217.0,650.0,12.0,160,13,0,7
2025-07-28 14:00:00+00:00,35.7,57.0,3.4,67.1,104.8,7.7,224.0,649.0,12.3,161,14,0,7
2025-07-28 15:00:00+00:00,35.8,56.0,5.1,68.2,106.6,6.2,224.0,568.0,11.9,162,15,0,7
2025-07-28 16:00:00+00:00,35.7,57.0,4.6,66.4,104.3,5.4,217.0,504.0,11.3,165,16,0,7
2025-07-28 17:00:00+00:00,35.3,60.0,4.8,71.9,119.7,13.6,181.0,712.0,10.5,184,17,0,7
2025-07-28 18:00:00+00:00,34.2,68.0,2.2,75.7,115.9,42.8,143.0,1531.0,12.0,193,18,0,7
2025-07-28 19:00:00+00:00,33.0,76.0,2.0,87.3,128.5,82.3,91.0,2623.0,14.0,191,19,0,7
2025-07-28 20:00:00+00:00,31.8,80.0,3.7,99.2,139.2,106.7,53.0,3227.0,15.1,177,20,0,7
2025-07-28 21:00:00+00:00,31.1,80.0,5.9,99.2,129.0,102.3,42.0,2879.0,14.5,166,21,0,7
2025-07-28 22:00:00+00:00,30.6,80.0,6.9,93.4,116.9,82.8,44.0,2043.0,13.1,165,22,0,7
2025-07-28 23:00:00+00:00,30.0,83.0,8.4,87.3,107.6,63.8,50.0,1350.0,11.6,165,23,0,7
2025-07-29 00:00:00+00:00,29.7,86.0,8.8,81.0,98.7,49.7,56.0,1045.0,10.5,164,0,1,7
2025-07-29 01:00:00+00:00,29.3,87.0,9.2,76.6,91.5,36.1,65.0,883.0,9.3,163,1,1,7
2025-07-29 02:00:00+00:00,27.4,97.0,6.0,71.0,83.6,25.0,75.0,757.0,8.3,163,2,1,7
2025-07-29 03:00:00+00:00,26.7,95.0,9.5,61.9,71.5,17.2,87.0,615.0,7.3,162,3,1,7
2025-07-29 04:00:00+00:00,26.1,95.0,10.5,51.9,60.1,11.9,100.0,509.0,6.5,162,4,1,7
2025-07-29 05:00:00+00:00,26.3,94.0,8.8,17.1,26.4,11.6,93.0,493.0,4.0,161,5,1,7
2025-07-29 06:00:00+00:00,28.2,94.0,5.8,15.2,24.6,13.8,91.0,652.0,4.6,159,6,1,7
2025-07-29 07:00:00+00:00,29.1,91.0,6.5,17.2,26.9,16.6,90.0,901.0,5.4,158,7,1,7
2025-07-29 08:00:00+00:00,30.0,88.0,7.2,20.9,34.2,17.8,95.0,1040.0,6.3,157,8,1,7
2025-07-29 09:00:00+00:00,30.8,84.0,8.1,27.8,66.6,15.7,112.0,950.0,7.3,156,9,1,7
2025-07-29 10:00:00+00:00,31.6,79.0,9.5,43.9,132.7,11.9,135.0,750.0,8.4,155,10,1,7
2025-07-29 11:00:00+00:00,32.8,74.0,8.5,51.2,155.1,8.8,153.0,595.0,8.8,155,11,1,7
2025-07-29 12:00:00+00:00,33.2,72.0,9.0,53.9,156.5,7.1,162.0,548.0,8.1,154,12,1,7
2025-07-29 13:00:00+00:00,33.3,73.0,9.4,48.9,135.5,6.1,167.0,547.0,6.8,154,13,1,7
2025-07-29 14:00:00+00:00,31.8,78.0,9.6,54.4,146.7,6.1,168.0,562.0,5.9,154,14,1,7
2025-07-29 15:00:00+00:00,32.4,76.0,8.6,54.4,142.0,7.2,166.0,588.0,5.8,153,15,1,7
2025-07-29 16:00:00+00:00,33.3,72.0,10.3,50.4,123.4,9.2,161.0,629.0,5.9,153,16,1,7
2025-07-29 17:00:00+00:00,33.2,73.0,8.9,54.8,142.5,18.3,145.0,670.0,7.0,152,17,1,7
2025-07-29 18:00:00+00:00,32.4,77.0,10.8,55.9,129.5,20.9,127.0,712.0,6.6,152,18,1,7
2025-07-29 19:00:00+00:00,30.0,84.0,12.5,52.7,111.1,24.5,103.0,754.0,6.1,151,19,1,7
2025-07-29 20:00:00+00:00,29.1,88.0,13.3,48.7,96.4,26.3,87.0,769.0,5.9,150,20,1,7
2025-07-29 21:00:00+00:00,28.8,88.0,11.7,45.4,84.8,24.9,86.0,747.0,6.5,146,21,1,7
2025-07-29 22:00:00+00:00,28.7,88.0,13.1,43.1,79.2,21.7,93.0,698.0,7.5,140,22,1,7
2025-07-29 23:00:00+00:00,27.2,89.0,13.6,43.3,92.2,19.1,97.0,634.0,8.2,135,23,1,7
2025-07-30 00:00:00+00:00,26.4,97.0,9.4,47.1,126.2,17.7,92.0,538.0,8.4,130,0,2,7
2025-07-30 01:00:00+00:00,27.1,96.0,6.0,53.1,165.3,16.7,84.0,426.0,8.3,127,1,2,7
2025-07-30 02:00:00+00:00,27.3,94.0,9.7,58.7,190.9,16.2,76.0,353.0,8.3,124,2,2,7
2025-07-30 03:00:00+00:00,26.5,96.0,10.4,61.5,199.8,16.2,69.0,344.0,8.4,123,3,2,7
2025-07-30 04:00:00+00:00,26.4,93.0,14.8,65.0,208.2,16.5,63.0,373.0,8.6,123,4,2,7
2025-07-30 05:00:00+00:00,26.1,95.0,13.8,67.8,220.7,16.9,61.0,422.0,9.1,124,5,2,7
2025-07-30 06:00:00+00:00,26.4,95.0,14.9,69.2,221.7,17.7,63.0,506.0,10.2,130,6,2,7
2025-07-30 07:00:00+00:00,27.3,91.0,14.5,71.0,254.3,18.5,68.0,610.0,11.6,135,7,2,7
2025-07-30 08:00:00+00:00,28.1,88.0,12.4,69.2,228.6,17.9,80.0,664.0,12.4,141,8,2,7
2025-07-30 09:00:00+00:00,29.6,79.0,13.1,59.4,167.2,14.6,105.0,624.0,12.2,146,9,2,7
2025-07-30 10:00:00+00:00,30.5,77.0,12.3,48.1,110.6,10.0,136.0,536.0,11.4,149,10,2,7
2025-07-30 11:00:00+00:00,30.3,77.0,13.1,41.4,75.9,6.4,159.0,462.0,10.4,149,11,2,7
2025-07-30 12:00:00+00:00,30.7,76.0,12.0,36.4,53.7,4.7,167.0,415.0,9.1,148,12,2,7
2025-07-30 13:00:00+00:00,31.0,76.0,9.0,34.7,47.4,3.9,168.0,384.0,7.6,147,13,2,7
2025-07-30 14:00:00+00:00,31.2,77.0,9.9,29.7,34.7,4.3,166.0,397.0,6.7,145,14,2,7
2025-07-30 15:00:00+00:00,31.0,77.0,7.6,30.6,32.2,4.8,165.0,418.0,6.7,143,15,2,7
2025-07-30 16:00:00+00:00,31.3,74.0,5.2,32.8,36.0,6.4,162.0,484.0,7.3,140,16,2,7
2025-07-30 17:00:00+00:00,31.6,71.0,4.9,42.7,45.6,11.3,149.0,731.0,6.7,138,17,2,7
2025-07-30 18:00:00+00:00,30.2,80.0,5.9,43.8,45.2,26.1,127.0,1400.0,8.0,137,18,2,7
2025-07-30 19:00:00+00:00,29.3,85.0,5.6,47.5,48.2,46.2,96.0,2251.0,9.8,136,19,2,7
2025-07-30 20:00:00+00:00,28.8,88.0,5.1,56.9,57.3,59.8,71.0,2698.0,11.2,135,20,2,7
2025-07-30 21:00:00+00:00,28.5,89.0,6.7,56.3,56.3,61.0,57.0,2370.0,11.7,136,21,2,7
2025-07-30 22:00:00+00:00,28.2,90.0,8.3,58.4,58.4,55.6,48.0,1639.0,11.8,137,22,2,7
2025-07-30 23:00:00+00:00,28.0,89.0,9.4,61.0,61.0,49.4,43.0,1035.0,11.8,139,23,2,7
2025-07-31 00:00:00+00:00,27.7,90.0,8.3,59.8,59.8,43.3,41.0,758.0,11.7,141,0,3,7
2025-07-31 01:00:00+00:00,27.5,91.0,7.0,57.2,57.2,36.5,43.0,608.0,11.4,142,1,3,7
2025-07-31 02:00:00+00:00,27.2,92.0,6.8,54.2,54.2,31.7,42.0,521.0,11.0,142,2,3,7
2025-07-31 03:00:00+00:00,26.9,93.0,5.4,52.2,52.3,31.1,35.0,484.0,10.4,142,3,3,7
2025-07-31 04:00:00+00:00,26.7,92.0,5.4,51.3,51.6,32.6,27.0,510.0,9.6,141,4,3,7
2025-07-31 05:00:00+00:00,26.4,92.0,5.8,48.3,50.2,27.8,33.0,569.0,11.0,140,5,3,7
2025-07-31 06:00:00+00:00,27.1,89.0,7.8,46.7,49.2,26.2,43.0,691.0,12.7,138,6,3,7
2025-07-31 07:00:00+00:00,27.9,89.0,5.2,44.1,50.9,23.8,58.0,846.0,15.0,135,7,3,7
2025-07-31 08:00:00+00:00,29.0,81.0,11.6,41.7,55.5,20.8,72.0,912.0,15.8,132,8,3,7
2025-07-31 09:00:00+00:00,29.4,80.0,12.8,35.5,51.5,16.7,83.0,800.0,13.6,130,9,3,7
2025-07-31 10:00:00+00:00,29.0,78.0,13.8,24.7,33.2,12.1,92.0,600.0,9.9,127,10,3,7
2025-07-31 11:00:00+00:00,28.5,84.0,13.1,16.1,17.5,8.7,101.0,455.0,7.4,125,11,3,7
2025-07-31 12:00:00+00:00,29.5,80.0,12.3,17.2,17.2,7.1,110.0,422.0,7.5,122,12,3,7
2025-07-31 13:00:00+00:00,30.1,81.0,11.0,22.6,22.6,6.8,118.0,445.0,8.9,120,13,3,7
2025-07-31 14:00:00+00:00,30.7,78.0,10.3,22.9,22.9,8.3,120.0,501.0,9.7,119,14,3,7
2025-07-31 15:00:00+00:00,30.9,76.0,10.2,20.1,20.1,12.7,111.0,599.0,9.2,118,15,3,7
2025-07-31 16:00:00+00:00,29.7,79.0,10.9,21.7,21.7,19.0,96.0,731.0,8.2,117,16,3,7
2025-07-31 17:00:00+00:00,28.3,87.0,7.3,26.0,26.0,14.8,100.0,848.0,8.7,116,17,3,7
2025-07-31 18:00:00+00:00,29.7,81.0,6.5,29.6,29.6,19.9,88.0,945.0,9.0,114,18,3,7
2025-07-31 19:00:00+00:00,28.9,84.0,7.7,34.0,34.0,26.8,73.0,1027.0,9.6,113,19,3,7
2025-07-31 20:00:00+00:00,28.2,86.0,8.0,38.2,38.2,31.2,61.0,1069.0,10.5,111,20,3,7
2025-07-31 21:00:00+00:00,27.7,88.0,7.5,42.7,42.7,30.8,59.0,1054.0,12.2,109,21,3,7
2025-07-31 22:00:00+00:00,27.3,89.0,7.5,46.7,46.7,28.0,61.0,998.0,14.4,108,22,3,7
2025-07-31 23:00:00+00:00,27.1,91.0,6.2,49.0,49.0,25.6,61.0,924.0,16.0,107,23,3,7
2025-08-01 00:00:00+00:00,26.9,92.0,7.3,50.5,50.5,24.9,57.0,824.0,16.7,105,0,4,8
2025-08-01 01:00:00+00:00,26.7,92.0,8.1,52.4,52.4,24.6,51.0,706.0,16.8,104,1,4,8
2025-08-01 02:00:00+00:00,26.5,93.0,7.8,53.4,53.4,24.2,46.0,612.0,16.7,104,2,4,8
2025-08-01 03:00:00+00:00,26.4,94.0,8.5,52.4,52.5,22.8,44.0,534.0,16.4,104,3,4,8
2025-08-01 04:00:00+00:00,26.2,96.0,6.8,52.0,52.0,21.2,43.0,481.0,15.9,104,4,4,8
2025-08-01 05:00:00+00:00,26.1,95.0,6.0,52.0,52.6,26.0,31.0,518.0,14.7,104,5,4,8
2025-08-01 06:00:00+00:00,26.2,97.0,8.6,47.6,48.2,25.2,38.0,742.0,15.0,104,6,4,8
2025-08-01 07:00:00+00:00,26.3,97.0,8.6,43.2,43.9,23.9,49.0,1056.0,15.3,104,7,4,8
2025-08-01 08:00:00+00:00,26.6,97.0,9.4,37.4,38.1,22.2,60.0,1243.0,15.3,104,8,4,8
2025-08-01 09:00:00+00:00,27.4,94.0,9.2,32.0,32.9,19.8,72.0,1178.0,14.8,104,9,4,8
2025-08-01 10:00:00+00:00,27.3,95.0,9.9,30.6,31.4,16.9,85.0,986.0,14.0,103,10,4,8
2025-08-01 11:00:00+00:00,27.2,95.0,9.5,28.9,29.5,14.7,96.0,820.0,13.2,104,11,4,8
2025-08-01 12:00:00+00:00,27.8,91.0,12.2,29.7,30.4,13.4,104.0,714.0,12.6,105,12,4,8
2025-08-01 13:00:00+00:00,28.2,88.0,10.3,30.3,30.9,12.8,111.0,635.0,12.0,107,13,4,8
2025-08-01 14:00:00+00:00,29.6,81.0,8.1,28.9,29.5,13.0,116.0,640.0,11.5,107,14,4,8
2025-08-01 15:00:00+00:00,29.9,81.0,9.5,29.2,29.7,11.4,123.0,739.0,10.9,108,15,4,8
2025-08-01 16:00:00+00:00,29.0,84.0,8.0,29.8,30.4,10.5,129.0,922.0,10.4,109,16,4,8
2025-08-01 17:00:00+00:00,28.4,89.0,5.6,51.6,52.4,28.0,92.0,1214.0,10.7,110,17,4,8
2025-08-01 18:00:00+00:00,28.5,87.0,5.8,52.2,52.9,34.0,77.0,1729.0,10.9,113,18,4,8
2025-08-01 19:00:00+00:00,27.7,92.0,3.7,57.0,57.4,42.3,57.0,2353.0,11.2,115,19,4,8
2025-08-01 20:00:00+00:00,27.3,94.0,2.2,59.1,59.4,48.2,41.0,2765.0,11.4,117,20,4,8
2025-08-01 21:00:00+00:00,26.9,95.0,3.2,61.9,62.2,49.5,33.0,2799.0,11.4,119,21,4,8
2025-08-01 22:00:00+00:00,26.9,95.0,2.7,62.6,62.6,48.4,29.0,2622.0,11.2,121,22,4,8
2025-08-01 23:00:00+00:00,26.8,95.0,6.1,62.2,62.4,46.5,27.0,2413.0,10.8,123,23,4,8
2025-08-02 00:00:00+00:00,26.7,96.0,3.4,61.2,61.2,43.7,26.0,2230.0,10.1,124,0,5,8
2025-08-02 01:00:00+00:00,26.5,96.0,2.2,59.3,59.4,40.2,26.0,2015.0,9.1,126,1,5,8
2025-08-02 02:00:00+00:00,26.4,97.0,4.0,60.8,60.8,37.5,25.0,1780.0,8.4,126,2,5,8
2025-08-02 03:00:00+00:00,26.3,96.0,3.4,63.3,63.6,37.0,22.0,1480.0,8.0,127,3,5,8
2025-08-02 04:00:00+00:00,26.1,97.0,3.8,63.3,63.6,37.4,18.0,1159.0,7.7,128,4,5,8
2025-08-02 05:00:00+00:00,26.1,97.0,3.6,50.4,52.3,31.2,34.0,964.0,7.9,129,5,5,8
2025-08-02 06:00:00+00:00,26.6,97.0,4.9,44.7,46.7,31.7,37.0,1022.0,8.0,129,6,5,8
2025-08-02 07:00:00+00:00,26.7,97.0,5.9,36.2,38.5,32.2,42.0,1207.0,8.1,129,7,5,8
2025-08-02 08:00:00+00:00,27.1,95.0,7.2,32.2,34.6,30.6,53.0,1282.0,8.1,128,8,5,8
2025-08-02 09:00:00+00:00,28.1,88.0,8.5,27.0,29.6,25.3,73.0,1106.0,8.0,128,9,5,8
2025-08-02 10:00:00+00:00,29.3,81.0,6.7,23.8,26.6,17.9,99.0,821.0,7.9,127,10,5,8
2025-08-02 11:00:00+00:00,30.7,74.0,7.0,24.9,27.4,12.0,123.0,617.0,7.7,126,11,5,8
2025-08-02 12:00:00+00:00,31.6,72.0,4.0,22.8,24.8,8.6,145.0,581.0,7.4,126,12,5,8
2025-08-02 13:00:00+00:00,31.9,72.0,3.4,23.1,24.8,6.5,166.0,626.0,7.1,125,13,5,8
2025-08-02 14:00:00+00:00,32.5,69.0,3.4,24.7,26.2,5.8,178.0,677.0,6.9,125,14,5,8
2025-08-02 15:00:00+00:00,32.7,68.0,4.2,25.5,27.0,4.7,180.0,646.0,6.8,124,15,5,8
2025-08-02 16:00:00+00:00,32.6,68.0,5.1,26.0,27.5,5.1,173.0,622.0,6.7,124,16,5,8
2025-08-02 17:00:00+00:00,32.3,69.0,4.1,38.5,38.5,11.3,181.0,798.0,10.8,123,17,5,8
2025-08-02 18:00:00+00:00,31.6,75.0,1.8,43.1,43.2,46.8,139.0,1442.0,12.3,131,18,5,8
2025-08-02 19:00:00+00:00,30.4,81.0,3.1,61.7,61.7,95.0,81.0,2287.0,14.4,140,19,5,8
2025-08-02 20:00:00+00:00,29.7,83.0,4.1,81.3,81.3,125.6,39.0,2726.0,15.7,131,20,5,8
2025-08-02 21:00:00+00:00,29.0,84.0,6.2,79.6,79.9,121.0,28.0,2370.0,15.5,124,21,5,8
2025-08-02 22:00:00+00:00,28.4,87.0,7.4,76.4,76.4,98.8,32.0,1608.0,14.6,126,22,5,8
2025-08-02 23:00:00+00:00,27.8,91.0,4.1,76.1,76.4,81.7,34.0,1003.0,13.8,127,23,5,8
2025-08-03 00:00:00+00:00,27.3,93.0,3.6,80.6,81.0,79.8,27.0,784.0,13.6,129,0,6,8
2025-08-03 01:00:00+00:00,27.0,95.0,3.6,87.5,88.2,83.0,17.0,720.0,13.5,131,1,6,8
2025-08-03 02:00:00+00:00,26.6,96.0,3.0,94.1,94.8,84.0,11.0,685.0,13.3,133,2,6,8
2025-08-03 03:00:00+00:00,26.4,97.0,2.5,97.3,98.0,80.0,6.0,614.0,12.8,137,3,6,8
2025-08-03 04:00:00+00:00,26.4,97.0,2.3,97.8,98.7,73.8,4.0,572.0,12.1,141,4,6,8
2025-08-03 05:00:00+00:00,26.4,97.0,4.6,99.0,99.0,74.3,7.0,621.0,12.5,144,5,6,8
2025-08-03 06:00:00+00:00,27.7,95.0,5.8,95.5,97.1,64.1,31.0,862.0,12.1,149,6,6,8
2025-08-03 07:00:00+00:00,28.5,93.0,3.8,91.5,94.8,49.6,65.0,1196.0,11.6,151,7,6,8
2025-08-03 08:00:00+00:00,30.2,86.0,2.2,75.2,88.5,36.1,101.0,1381.0,11.9,153,8,6,8
2025-08-03 09:00:00+00:00,31.5,80.0,0.9,59.8,82.0,24.7,139.0,1280.0,13.9,154,9,6,8
2025-08-03 10:00:00+00:00,32.2,77.0,1.9,54.1,78.7,14.3,179.0,1032.0,16.6,155,10,6,8
2025-08-03 11:00:00+00:00,32.4,75.0,2.1,54.1,86.8,6.9,207.0,813.0,18.0,156,11,6,8
2025-08-03 12:00:00+00:00,31.6,78.0,7.0,57.7,98.7,3.8,217.0,662.0,16.9,157,12,6,8
2025-08-03 13:00:00+00:00,33.0,72.0,4.7,62.2,116.2,3.8,216.0,539.0,14.4,158,13,6,8
2025-08-03 14:00:00+00:00,33.8,66.0,4.9,64.0,130.4,5.1,211.0,503.0,12.6,159,14,6,8
2025-08-03 15:00:00+00:00,34.1,65.0,5.1,60.8,128.1,6.8,206.0,611.0,12.1,160,15,6,8
2025-08-03 16:00:00+00:00,34.3,65.0,4.5,59.4,130.4,9.8,197.0,807.0,12.3,173,16,6,8
2025-08-03 17:00:00+00:00,33.1,69.0,3.7,62.2,150.9,9.3,177.0,974.0,11.7,188,17,6,8
2025-08-03 18:00:00+00:00,33.4,70.0,3.6,63.6,139.7,35.6,136.0,1089.0,12.7,194,18,6,8
2025-08-03 19:00:00+00:00,31.5,76.0,4.8,75.2,142.5,71.0,80.0,1176.0,13.9,187,19,6,8
2025-08-03 20:00:00+00:00,29.6,81.0,7.1,86.4,147.1,92.0,43.0,1196.0,14.6,167,20,6,8
2025-08-03 21:00:00+00:00,28.8,83.0,6.6,82.2,128.5,85.0,43.0,1109.0,14.1,164,21,6,8
2025-08-03 22:00:00+00:00,28.3,85.0,6.6,74.3,103.1,63.5,63.0,955.0,13.0,164,22,6,8
2025-08-03 23:00:00+00:00,28.1,86.0,5.6,64.3,82.0,44.1,81.0,810.0,11.8,164,23,6,8
2025-08-04 00:00:00+00:00,27.8,88.0,4.6,58.1,70.3,32.0,91.0,696.0,10.3,164,0,0,8
2025-08-04 01:00:00+00:00,27.6,89.0,3.9,53.8,63.8,22.0,100.0,592.0,8.7,163,1,0,8
2025-08-04 02:00:00+00:00,27.5,89.0,4.4,45.3,54.6,15.0,105.0,510.0,7.6,162,2,0,8
2025-08-04 03:00:00+00:00,27.2,90.0,4.2,39.6,47.8,12.1,105.0,428.0,7.3,161,3,0,8
2025-08-04 04:00:00+00:00,26.1,91.0,11.1,38.8,48.4,12.1,102.0,368.0,7.4,159,4,0,8
2025-08-04 05:00:00+00:00,25.7,92.0,8.1,37.6,48.7,13.1,100.0,406.0,7.6,157,5,0,8
2025-08-04 06:00:00+00:00,27.6,92.0,5.6,35.6,48.2,15.3,99.0,641.0,7.9,155,6,0,8
2025-08-04 07:00:00+00:00,29.1,88.0,3.9,36.8,52.7,18.3,99.0,973.0,8.3,154,7,0,8
2025-08-04 08:00:00+00:00,30.3,81.0,5.8,39.3,57.4,19.2,105.0,1184.0,8.6,152,8,0,8
2025-08-04 09:00:00+00:00,30.4,82.0,8.3,39.6,65.0,15.8,123.0,1167.0,8.8,151,9,0,8
2025-08-04 10:00:00+00:00,31.2,79.0,8.6,41.0,86.8,10.3,147.0,1028.0,9.0,150,10,0,8
2025-08-04 11:00:00+00:00,32.4,75.0,5.7,49.1,131.8,6.1,168.0,866.0,9.1,150,11,0,8
2025-08-04 12:00:00+00:00,33.5,68.0,4.5,58.0,168.1,4.7,182.0,674.0,9.2,149,12,0,8
2025-08-04 13:00:00+00:00,34.4,64.0,4.7,61.7,177.0,4.7,193.0,458.0,9.3,150,13,0,8
2025-08-04 14:00:00+00:00,35.0,61.0,6.0,61.5,170.4,5.4,199.0,339.0,9.6,149,14,0,8
2025-08-04 15:00:00+00:00,35.2,57.0,8.0,59.8,162.1,4.6,203.0,354.0,10.1,149,15,0,8
2025-08-04 16:00:00+00:00,34.7,58.0,8.5,59.0,155.1,4.5,202.0,465.0,10.8,149,16,0,8
2025-08-04 17:00:00+00:00,34.1,63.0,7.0,43.4,93.8,14.3,127.0,679.0,8.7,163,17,0,8
2025-08-04 18:00:00+00:00,33.4,66.0,5.9,46.2,91.5,30.5,107.0,1118.0,9.3,164,18,0,8
2025-08-04 19:00:00+00:00,31.5,71.0,8.0,53.8,93.6,52.3,80.0,1660.0,10.0,158,19,0,8
2025-08-04 20:00:00+00:00,30.7,72.0,6.7,62.6,98.3,64.5,61.0,1949.0,10.3,143,20,0,8
2025-08-04 21:00:00+00:00,30.1,74.0,6.1,53.9,73.1,57.8,59.0,1762.0,9.6,141,21,0,8
2025-08-04 22:00:00+00:00,29.4,78.0,5.6,51.2,67.3,41.5,66.0,1323.0,8.5,138,22,0,8
2025-08-04 23:00:00+00:00,28.8,83.0,4.5,50.2,65.0,28.2,71.0,941.0,7.6,135,23,0,8
2025-08-05 00:00:00+00:00,28.3,84.0,5.1,48.3,63.6,22.9,69.0,724.0,7.2,134,0,1,8
2025-08-05 01:00:00+00:00,27.7,88.0,6.8,45.2,61.9,20.5,65.0,566.0,7.0,133,1,1,8
2025-08-05 02:00:00+00:00,27.4,90.0,5.6,43.2,62.6,18.8,62.0,456.0,6.8,132,2,1,8
2025-08-05 03:00:00+00:00,27.1,90.0,8.9,40.6,57.4,17.1,62.0,379.0,6.3,132,3,1,8
2025-08-05 04:00:00+00:00,26.7,92.0,11.0,36.3,51.8,16.0,64.0,351.0,5.8,132,4,1,8
2025-08-05 05:00:00+00:00,26.1,92.0,11.1,35.2,47.0,16.0,58.0,412.0,6.3,131,5,1,8
2025-08-05 06:00:00+00:00,27.6,88.0,5.3,34.6,53.6,17.1,57.0,655.0,6.8,131,6,1,8
2025-08-05 07:00:00+00:00,28.3,88.0,5.0,34.9,60.1,18.4,57.0,988.0,7.6,131,7,1,8
2025-08-05 08:00:00+00:00,29.7,82.0,4.5,40.2,85.4,18.4,67.0,1172.0,8.4,131,8,1,8
2025-08-05 09:00:00+00:00,31.2,75.0,4.6,48.8,129.5,15.7,95.0,1066.0,9.4,131,9,1,8
2025-08-05 10:00:00+00:00,32.3,72.0,4.8,58.8,175.1,11.7,132.0,811.0,10.5,132,10,1,8
2025-08-05 11:00:00+00:00,33.2,68.0,5.1,66.4,203.0,8.4,161.0,590.0,11.1,134,11,1,8
2025-08-05 12:00:00+00:00,33.5,66.0,5.8,64.7,188.1,6.4,174.0,438.0,10.9,136,12,1,8
2025-08-05 13:00:00+00:00,34.0,65.0,6.3,61.7,174.6,5.1,178.0,321.0,10.3,136,13,1,8
2025-08-05 14:00:00+00:00,34.2,64.0,6.7,56.3,157.4,4.9,177.0,312.0,9.7,136,14,1,8
2025-08-05 15:00:00+00:00,32.9,67.0,7.3,55.4,156.9,5.3,173.0,513.0,9.4,136,15,1,8
2025-08-05 16:00:00+00:00,30.7,75.0,9.6,55.3,160.2,6.8,164.0,823.0,9.1,135,16,1,8
2025-08-05 17:00:00+00:00,29.3,83.0,11.3,51.0,147.6,13.0,112.0,1017.0,6.2,135,17,1,8
2025-08-05 18:00:00+00:00,32.7,66.0,6.0,54.4,143.0,22.0,94.0,971.0,6.7,137,18,1,8
2025-08-05 19:00:00+00:00,30.9,74.0,5.5,57.9,133.6,34.2,70.0,809.0,7.3,137,19,1,8
2025-08-05 20:00:00+00:00,30.3,77.0,4.4,57.9,117.8,41.1,54.0,676.0,7.7,137,20,1,8
2025-08-05 21:00:00+00:00,29.5,79.0,8.6,54.6,101.5,37.7,53.0,636.0,7.5,137,21,1,8
2025-08-05 22:00:00+00:00,27.9,89.0,14.1,52.0,91.3,29.0,61.0,625.0,6.9,137,22,1,8
2025-08-05 23:00:00+00:00,26.4,90.0,12.7,49.4,82.4,21.7,67.0,600.0,6.8,137,23,1,8
2025-08-06 00:00:00+00:00,25.9,90.0,11.8,47.1,78.5,18.3,69.0,537.0,7.4,137,0,2,8
2025-08-06 01:00:00+00:00,25.6,90.0,11.8,46.4,83.1,16.3,71.0,459.0,8.5,136,1,2,8
2025-08-06 02:00:00+00:00,25.5,91.0,10.6,47.4,96.2,14.7,72.0,400.0,9.2,137,2,2,8
2025-08-06 03:00:00+00:00,25.3,91.0,10.8,46.1,99.7,13.2,74.0,352.0,9.3,137,3,2,8
2025-08-06 04:00:00+00:00,25.0,91.0,9.9,40.3,82.0,12.1,76.0,322.0,9.1,138,4,2,8
2025-08-06 05:00:00+00:00,24.8,92.0,10.8,44.6,56.2,22.0,52.0,361.0,8.2,138,5,2,8
2025-08-06 06:00:00+00:00,25.9,90.0,10.0,44.9,62.4,21.2,55.0,546.0,8.6,139,6,2,8
2025-08-06 07:00:00+00:00,26.5,88.0,7.9,42.7,65.0,20.0,61.0,801.0,9.2,140,7,2,8
2025-08-06 08:00:00+00:00,28.0,85.0,8.4,42.1,83.4,18.0,74.0,947.0,9.8,141,8,2,8
2025-08-06 09:00:00+00:00,29.6,81.0,6.5,51.3,126.2,14.6,100.0,877.0,10.5,141,9,2,8
2025-08-06 10:00:00+00:00,30.9,75.0,4.5,64.7,190.5,10.4,133.0,698.0,11.2,141,10,2,8
2025-08-06 11:00:00+00:00,31.8,70.0,2.7,70.3,213.7,7.2,160.0,553.0,11.6,142,11,2,8
2025-08-06 12:00:00+00:00,32.5,69.0,2.6,66.1,186.7,5.6,177.0,494.0,11.5,142,12,2,8
2025-08-06 13:00:00+00:00,33.2,67.0,1.8,61.5,164.8,4.9,187.0,468.0,11.0,142,13,2,8
2025-08-06 14:00:00+00:00,33.7,64.0,1.8,57.3,149.9,5.1,191.0,463.0,10.6,142,14,2,8
2025-08-06 15:00:00+00:00,33.8,62.0,1.9,57.2,150.9,5.3,189.0,430.0,10.4,143,15,2,8
2025-08-06 16:00:00+00:00,33.7,63.0,2.6,54.9,146.2,6.3,180.0,416.0,10.3,143,16,2,8
2025-08-06 17:00:00+00:00,33.2,62.0,1.1,70.1,232.4,10.6,147.0,554.0,8.4,147,17,2,8
2025-08-06 18:00:00+00:00,32.3,72.0,0.7,72.4,217.0,26.5,120.0,1021.0,8.9,155,18,2,8
2025-08-06 19:00:00+00:00,29.6,77.0,15.1,76.6,186.7,48.2,83.0,1638.0,9.7,153,19,2,8
2025-08-06 20:00:00+00:00,26.9,87.0,8.1,77.3,173.7,63.2,54.0,2004.0,10.3,149,20,2,8
2025-08-06 21:00:00+00:00,26.7,90.0,5.8,82.7,173.2,65.0,43.0,1891.0,10.6,150,21,2,8
2025-08-06 22:00:00+00:00,26.9,88.0,5.6,85.9,163.9,60.1,40.0,1527.0,10.8,151,22,2,8
2025-08-06 23:00:00+00:00,26.7,88.0,5.7,83.4,144.8,55.8,38.0,1187.0,10.7,152,23,2,8
2025-08-07 00:00:00+00:00,26.4,89.0,5.0,81.5,134.1,55.4,33.0,956.0,10.3,153,0,3,8
2025-08-07 01:00:00+00:00,26.1,91.0,3.8,81.5,129.9,55.6,28.0,750.0,9.7,154,1,3,8
2025-08-07 02:00:00+00:00,25.8,92.0,2.7,81.5,126.7,54.2,25.0,590.0,9.3,155,2,3,8
2025-08-07 03:00:00+00:00,25.6,93.0,5.1,80.6,123.4,49.5,24.0,475.0,9.1,156,3,3,8
2025-08-07 04:00:00+00:00,25.4,95.0,5.8,77.3,116.9,43.1,26.0,407.0,9.0,157,4,3,8
2025-08-07 05:00:00+00:00,25.6,96.0,5.7,72.9,112.9,37.5,32.0,412.0,9.1,158,5,3,8
2025-08-07 06:00:00+00:00,27.4,87.0,11.2,69.2,109.4,34.2,43.0,555.0,9.3,159,6,3,8
2025-08-07 07:00:00+00:00,26.2,89.0,8.8,68.7,111.3,31.6,58.0,771.0,9.7,160,7,3,8
2025-08-07 08:00:00+00:00,27.7,85.0,6.1,70.5,122.0,27.9,80.0,899.0,10.5,161,8,3,8
2025-08-07 09:00:00+00:00,29.5,81.0,7.6,67.8,137.4,21.2,117.0,844.0,12.2,161,9,3,8
2025-08-07 10:00:00+00:00,30.8,76.0,6.8,65.2,150.9,13.3,161.0,700.0,14.4,162,10,3,8
2025-08-07 11:00:00+00:00,32.2,70.0,3.9,68.5,188.6,7.4,193.0,588.0,15.5,162,11,3,8
2025-08-07 12:00:00+00:00,33.4,63.0,1.3,70.1,204.4,4.9,205.0,557.0,14.8,162,12,3,8
2025-08-07 13:00:00+00:00,34.1,59.0,2.3,69.2,204.4,4.5,206.0,558.0,13.1,162,13,3,8
2025-08-07 14:00:00+00:00,34.5,57.0,3.7,66.8,197.4,4.9,202.0,558.0,11.7,162,14,3,8
2025-08-07 15:00:00+00:00,34.7,56.0,6.2,64.7,190.9,3.0,198.0,522.0,11.1,162,15,3,8
2025-08-07 16:00:00+00:00,34.6,57.0,7.4,62.4,183.9,2.1,190.0,485.0,10.8,163,16,3,8
2025-08-07 17:00:00+00:00,34.2,57.0,7.1,43.2,104.1,9.8,177.0,525.0,10.5,172,17,3,8
2025-08-07 18:00:00+00:00,31.7,71.0,6.1,44.2,90.3,37.2,135.0,730.0,11.4,182,18,3,8
2025-08-07 19:00:00+00:00,30.2,79.0,4.9,60.1,99.7,74.3,77.0,1012.0,12.5,178,19,3,8
2025-08-07 20:00:00+00:00,29.7,82.0,3.4,70.1,106.4,97.4,35.0,1179.0,13.1,161,20,3,8
2025-08-07 21:00:00+00:00,29.3,84.0,4.3,67.8,100.1,92.6,25.0,1129.0,12.7,161,21,3,8
2025-08-07 22:00:00+00:00,29.0,85.0,5.5,65.0,99.9,73.7,31.0,965.0,11.7,160,22,3,8
2025-08-07 23:00:00+00:00,28.6,88.0,3.9,62.4,104.5,58.2,35.0,806.0,10.7,160,23,3,8
2025-08-08 00:00:00+00:00,28.3,89.0,3.1,61.7,110.6,52.8,30.0,680.0,9.8,159,0,4,8
2025-08-08 01:00:00+00:00,27.9,90.0,3.3,63.6,116.4,50.9,24.0,559.0,8.9,158,1,4,8
2025-08-08 02:00:00+00:00,27.7,91.0,3.3,65.4,119.7,49.3,19.0,475.0,8.2,158,2,4,8
2025-08-08 03:00:00+00:00,27.6,91.0,4.8,66.6,122.0,47.5,14.0,424.0,7.9,157,3,4,8
2025-08-08 04:00:00+00:00,26.9,92.0,12.1,67.3,124.3,46.1,11.0,410.0,7.9,157,4,4,8
2025-08-08 05:00:00+00:00,26.6,89.0,6.4,75.9,124.3,52.5,24.0,479.0,9.8,157,5,4,8
2025-08-08 06:00:00+00:00,27.0,93.0,6.4,76.6,126.7,48.6,38.0,730.0,9.9,157,6,4,8
2025-08-08 07:00:00+00:00,28.1,91.0,6.8,78.9,128.1,42.8,58.0,1065.0,10.2,157,7,4,8
2025-08-08 08:00:00+00:00,30.5,79.0,3.7,78.2,150.4,35.7,85.0,1233.0,10.9,157,8,4,8
2025-08-08 09:00:00+00:00,32.2,70.0,4.5,71.7,158.3,26.1,125.0,1070.0,12.8,157,9,4,8
2025-08-08 10:00:00+00:00,33.4,64.0,3.6,59.8,133.6,15.1,172.0,741.0,15.1,158,10,4,8
2025-08-08 11:00:00+00:00,34.3,61.0,3.2,45.9,102.2,7.1,205.0,484.0,16.4,157,11,4,8
2025-08-08 12:00:00+00:00,34.9,59.0,2.7,44.8,92.9,4.0,216.0,398.0,15.5,157,12,4,8
2025-08-08 13:00:00+00:00,35.3,58.0,4.3,40.9,82.0,3.9,213.0,384.0,13.5,156,13,4,8
2025-08-08 14:00:00+00:00,35.7,55.0,5.9,39.0,77.1,4.5,206.0,390.0,11.9,155,14,4,8
2025-08-08 15:00:00+00:00,36.1,51.0,6.0,37.3,74.5,4.2,198.0,389.0,11.1,154,15,4,8
2025-08-08 16:00:00+00:00,35.4,52.0,9.6,36.0,76.1,4.8,185.0,408.0,10.7,164,16,4,8
2025-08-08 17:00:00+00:00,34.7,55.0,6.7,27.8,63.8,8.5,143.0,472.0,9.1,180,17,4,8
2025-08-08 18:00:00+00:00,33.3,63.0,7.9,30.7,66.1,21.7,118.0,618.0,9.4,183,18,4,8
2025-08-08 19:00:00+00:00,31.9,67.0,6.7,39.7,70.1,39.7,82.0,808.0,9.8,174,19,4,8
2025-08-08 20:00:00+00:00,31.6,72.0,3.3,43.9,71.5,51.7,55.0,955.0,10.0,154,20,4,8
2025-08-08 21:00:00+00:00,30.1,73.0,10.2,46.2,73.3,51.9,44.0,1027.0,9.7,150,21,4,8
2025-08-08 22:00:00+00:00,28.8,77.0,10.3,49.1,75.0,46.1,41.0,1055.0,9.2,149,22,4,8
2025-08-08 23:00:00+00:00,28.2,80.0,6.9,50.9,75.7,40.8,39.0,1051.0,8.9,148,23,4,8
2025-08-09 00:00:00+00:00,28.1,81.0,5.7,51.5,75.2,38.4,36.0,1009.0,9.0,146,0,5,8
2025-08-09 01:00:00+00:00,28.0,82.0,6.0,51.8,73.1,36.6,35.0,935.0,9.3,145,1,5,8
2025-08-09 02:00:00+00:00,27.8,83.0,6.0,52.2,72.2,34.4,35.0,854.0,9.8,144,2,5,8
2025-08-09 03:00:00+00:00,27.5,84.0,9.0,52.7,73.3,31.1,37.0,744.0,10.5,143,3,5,8
2025-08-09 04:00:00+00:00,27.0,87.0,8.7,53.8,84.5,27.5,40.0,626.0,11.5,141,4,5,8
2025-08-09 05:00:00+00:00,26.7,87.0,10.8,55.8,85.2,27.6,40.0,591.0,11.5,140,5,5,8
2025-08-09 06:00:00+00:00,27.0,88.0,3.5,57.7,94.8,28.0,48.0,736.0,12.1,138,6,5,8
2025-08-09 07:00:00+00:00,27.7,89.0,8.5,62.2,115.0,28.2,61.0,964.0,13.0,136,7,5,8
2025-08-09 08:00:00+00:00,28.9,84.0,7.0,65.4,144.8,26.5,83.0,1073.0,13.8,134,8,5,8
2025-08-09 09:00:00+00:00,30.7,77.0,7.8,65.7,163.0,20.8,123.0,935.0,14.7,133,9,5,8
2025-08-09 10:00:00+00:00,32.3,71.0,7.7,67.5,177.9,13.1,171.0,679.0,15.6,132,10,5,8
2025-08-09 11:00:00+00:00,33.3,67.0,7.6,67.1,191.9,7.3,205.0,483.0,15.8,133,11,5,8
2025-08-09 12:00:00+00:00,34.0,65.0,6.9,64.3,199.3,4.9,212.0,410.0,14.7,135,12,5,8
2025-08-09 13:00:00+00:00,34.5,61.0,4.9,67.8,212.3,4.4,205.0,397.0,13.0,137,13,5,8
2025-08-09 14:00:00+00:00,34.8,60.0,3.7,60.8,187.2,4.7,198.0,440.0,11.7,140,14,5,8
2025-08-09 15:00:00+00:00,34.6,60.0,3.6,58.1,177.9,3.6,202.0,527.0,11.5,142,15,5,8
2025-08-09 16:00:00+00:00,31.2,75.0,2.6,55.6,168.6,3.3,206.0,669.0,11.8,161,16,5,8
2025-08-09 17:00:00+00:00,30.7,77.0,3.1,55.1,152.3,9.2,170.0,899.0,11.0,180,17,5,8
2025-08-09 18:00:00+00:00,31.4,71.0,2.2,55.8,149.5,28.7,137.0,1320.0,11.6,188,18,5,8
2025-08-09 19:00:00+00:00,30.2,80.0,3.2,63.3,136.9,55.3,91.0,1829.0,12.4,182,19,5,8
2025-08-09 20:00:00+00:00,29.5,84.0,3.6,71.5,136.0,73.4,56.0,2148.0,12.9,164,20,5,8
2025-08-09 21:00:00+00:00,29.0,86.0,2.7,75.4,130.9,74.6,42.0,2134.0,12.9,152,21,5,8
2025-08-09 22:00:00+00:00,28.6,88.0,2.3,76.1,124.8,67.3,39.0,1930.0,12.5,153,22,5,8
2025-08-09 23:00:00+00:00,28.5,86.0,2.7,76.6,121.5,61.1,36.0,1694.0,12.1,154,23,5,8
2025-08-10 00:00:00+00:00,28.1,87.0,3.6,76.4,120.6,59.8,29.0,1450.0,11.6,155,0,6,8
2025-08-10 01:00:00+00:00,27.9,89.0,3.5,76.6,120.1,59.5,23.0,1173.0,11.0,155,1,6,8
2025-08-10 02:00:00+00:00,27.7,90.0,3.5,76.6,117.6,58.4,18.0,947.0,10.6,156,2,6,8
2025-08-10 03:00:00+00:00,27.6,90.0,3.6,75.9,113.9,55.9,14.0,788.0,10.4,157,3,6,8
2025-08-10 04:00:00+00:00,27.5,91.0,3.9,75.4,112.0,52.6,12.0,680.0,10.4,157,4,6,8
2025-08-10 05:00:00+00:00,27.2,92.0,3.1,58.6,116.2,35.2,38.0,661.0,9.9,158,5,6,8
2025-08-10 06:00:00+00:00,28.5,89.0,5.2,55.8,108.3,33.0,46.0,809.0,10.6,158,6,6,8
2025-08-10 07:00:00+00:00,29.2,86.0,2.6,54.7,114.6,29.7,58.0,1045.0,11.5,158,7,6,8
2025-08-10 08:00:00+00:00,30.6,80.0,2.7,54.1,126.2,25.3,76.0,1171.0,12.3,158,8,6,8
2025-08-10 09:00:00+00:00,32.1,72.0,2.2,51.1,139.2,18.9,106.0,1075.0,13.0,158,9,6,8
2025-08-10 10:00:00+00:00,33.1,66.0,2.9,45.3,127.1,11.4,142.0,868.0,13.5,157,10,6,8
2025-08-10 11:00:00+00:00,33.9,63.0,1.6,42.3,113.4,5.9,170.0,692.0,13.7,156,11,6,8
2025-08-10 12:00:00+00:00,34.6,60.0,1.6,42.1,107.3,3.9,185.0,594.0,13.2,156,12,6,8
2025-08-10 13:00:00+00:00,35.1,57.0,3.2,44.5,107.8,3.9,192.0,526.0,12.4,155,13,6,8
2025-08-10 14:00:00+00:00,35.4,54.0,3.4,43.2,100.1,4.5,195.0,483.0,11.7,154,14,6,8
2025-08-10 15:00:00+00:00,35.8,52.0,4.6,43.3,98.5,4.4,196.0,420.0,11.5,154,15,6,8
2025-08-10 16:00:00+00:00,34.9,54.0,4.2,43.7,97.6,4.9,193.0,382.0,11.4,153,16,6,8
2025-08-10 17:00:00+00:00,33.4,58.0,5.2,43.9,96.9,8.6,167.0,502.0,10.4,157,17,6,8
2025-08-10 18:00:00+00:00,33.8,64.0,2.9,45.2,97.8,27.2,138.0,955.0,11.8,167,18,6,8
2025-08-10 19:00:00+00:00,33.0,67.0,1.5,52.2,95.7,52.8,98.0,1565.0,13.7,166,19,6,8
2025-08-10 20:00:00+00:00,32.2,70.0,1.3,65.0,112.5,71.9,65.0,1935.0,15.2,155,20,6,8
2025-08-10 21:00:00+00:00,31.3,74.0,2.7,76.1,125.3,79.0,47.0,1842.0,16.0,152,21,6,8
2025-08-10 22:00:00+00:00,30.5,77.0,3.2,79.6,124.3,79.5,37.0,1509.0,16.3,152,22,6,8
2025-08-10 23:00:00+00:00,30.0,80.0,3.2,74.5,113.2,76.4,31.0,1208.0,16.0,152,23,6,8
2025-08-11 00:00:00+00:00,29.5,82.0,3.3,68.9,105.7,68.7,29.0,1031.0,14.7,152,0,0,8
2025-08-11 01:00:00+00:00,29.2,83.0,3.1,65.7,103.8,57.4,30.0,886.0,12.7,152,1,0,8
2025-08-11 02:00:00+00:00,29.0,84.0,2.6,62.2,102.2,48.2,31.0,767.0,11.0,151,2,0,8
2025-08-11 03:00:00+00:00,28.6,84.0,2.9,59.1,102.0,43.9,27.0,654.0,9.8,151,3,0,8
2025-08-11 04:00:00+00:00,28.3,86.0,3.9,57.0,105.0,41.8,22.0,567.0,8.8,150,4,0,8
2025-08-11 05:00:00+00:00,28.0,87.0,3.1,56.1,118.7,36.8,25.0,555.0,10.3,150,5,0,8
2025-08-11 06:00:00+00:00,29.1,87.0,4.3,58.1,118.5,36.2,31.0,701.0,10.7,149,6,0,8
2025-08-11 07:00:00+00:00,30.1,84.0,3.8,58.7,117.1,35.0,40.0,922.0,11.2,150,7,0,8
2025-08-11 08:00:00+00:00,31.8,73.0,4.9,58.3,126.7,32.1,56.0,1018.0,11.8,150,8,0,8
2025-08-11 09:00:00+00:00,33.3,65.0,5.2,57.7,136.4,26.0,86.0,856.0,12.5,150,9,0,8
2025-08-11 10:00:00+00:00,34.8,57.0,5.5,57.0,141.6,18.1,123.0,568.0,13.3,150,10,0,8
2025-08-11 11:00:00+00:00,35.9,48.0,7.0,52.6,135.5,11.8,151.0,351.0,13.5,151,11,0,8
2025-08-11 12:00:00+00:00,36.6,46.0,7.0,44.5,115.0,8.4,162.0,286.0,12.7,151,12,0,8
2025-08-11 13:00:00+00:00,37.2,45.0,7.9,38.8,98.3,6.6,165.0,293.0,11.3,151,13,0,8
2025-08-11 14:00:00+00:00,37.4,45.0,9.8,35.0,85.0,5.9,164.0,320.0,10.2,151,14,0,8
2025-08-11 15:00:00+00:00,37.2,45.0,10.8,33.4,74.0,5.5,163.0,361.0,9.7,151,15,0,8
2025-08-11 16:00:00+00:00,36.3,48.0,9.6,31.7,63.3,6.1,160.0,422.0,9.5,150,16,0,8
2025-08-11 17:00:00+00:00,35.1,52.0,10.2,28.9,57.4,9.2,120.0,481.0,8.1,150,17,0,8
2025-08-11 18:00:00+00:00,34.0,59.0,9.8,29.9,64.0,13.6,103.0,535.0,7.9,148,18,0,8
2025-08-11 19:00:00+00:00,32.8,65.0,8.4,34.1,72.9,19.6,79.0,585.0,7.7,147,19,0,8
2025-08-11 20:00:00+00:00,32.0,69.0,8.8,37.4,92.9,24.0,60.0,613.0,7.5,145,20,0,8
2025-08-11 21:00:00+00:00,31.5,72.0,6.2,41.3,112.5,25.2,51.0,608.0,7.4,142,21,0,8
2025-08-11 22:00:00+00:00,31.1,71.0,7.2,43.7,122.0,24.8,48.0,580.0,7.3,138,22,0,8
2025-08-11 23:00:00+00:00,30.7,71.0,8.1,45.3,122.5,24.1,46.0,540.0,7.5,135,23,0,8
2025-08-12 00:00:00+00:00,30.3,72.0,8.0,46.1,116.4,23.6,45.0,478.0,8.2,132,0,1,8
2025-08-12 01:00:00+00:00,29.9,74.0,5.7,45.3,105.2,22.8,47.0,403.0,9.2,129,1,1,8
2025-08-12 02:00:00+00:00,29.6,75.0,5.2,42.7,91.7,21.7,48.0,354.0,9.9,127,2,1,8
2025-08-12 03:00:00+00:00,29.3,76.0,6.7,39.5,79.2,19.8,49.0,320.0,9.9,125,3,1,8
2025-08-12 04:00:00+00:00,29.0,77.0,8.5,36.7,70.5,17.7,51.0,312.0,9.5,123,4,1,8
2025-08-12 05:00:00+00:00,28.5,78.0,8.0,35.0,48.7,20.6,39.0,400.0,8.8,121,5,1,8
2025-08-12 06:00:00+00:00,28.5,80.0,13.4,35.7,55.6,22.8,38.0,683.0,8.9,119,6,1,8
2025-08-12 07:00:00+00:00,27.4,90.0,7.5,39.8,68.7,25.6,37.0,1063.0,9.0,116,7,1,8
2025-08-12 08:00:00+00:00,27.1,94.0,9.4,45.5,97.1,26.0,47.0,1315.0,9.2,114,8,1,8
2025-08-12 09:00:00+00:00,27.3,94.0,9.3,53.7,136.4,21.9,77.0,1318.0,9.4,113,9,1,8
2025-08-12 10:00:00+00:00,27.3,95.0,9.5,64.0,195.1,15.4,117.0,1192.0,9.7,113,10,1,8
2025-08-12 11:00:00+00:00,27.6,95.0,7.6,71.7,234.7,10.3,147.0,1077.0,9.8,113,11,1,8
2025-08-12 12:00:00+00:00,27.8,94.0,7.7,72.9,246.8,7.8,158.0,1009.0,9.7,115,12,1,8
2025-08-12 13:00:00+00:00,28.0,90.0,5.1,69.6,232.4,6.6,159.0,951.0,9.4,118,13,1,8
2025-08-12 14:00:00+00:00,28.8,84.0,3.5,70.3,230.0,6.3,156.0,932.0,9.2,122,14,1,8
2025-08-12 15:00:00+00:00,29.3,80.0,1.5,65.0,213.3,6.2,150.0,883.0,8.9,125,15,1,8
2025-08-12 16:00:00+00:00,30.0,76.0,0.5,67.1,220.3,6.9,138.0,874.0,8.7,129,16,1,8
2025-08-12 17:00:00+00:00,30.1,74.0,0.8,54.2,156.0,16.7,94.0,1140.0,9.4,132,17,1,8
2025-08-12 18:00:00+00:00,29.9,78.0,4.5,49.6,141.6,18.4,88.0,2019.0,9.9,135,18,1,8
2025-08-12 19:00:00+00:00,29.1,84.0,5.2,47.6,131.8,20.8,79.0,3173.0,10.7,137,19,1,8
2025-08-12 20:00:00+00:00,28.5,87.0,4.9,46.6,125.7,23.9,70.0,3826.0,11.3,138,20,1,8
2025-08-12 21:00:00+00:00,28.0,90.0,3.4,46.9,118.0,28.2,59.0,3531.0,11.8,139,21,1,8
2025-08-12 22:00:00+00:00,27.7,90.0,4.0,48.4,113.4,33.0,47.0,2734.0,12.1,140,22,1,8
2025-08-12 23:00:00+00:00,27.6,90.0,5.2,50.1,110.4,36.3,38.0,1996.0,12.1,140,23,1,8
2025-08-13 00:00:00+00:00,27.4,91.0,5.6,52.0,107.6,36.9,33.0,1481.0,11.6,141,0,2,8
2025-08-13 01:00:00+00:00,27.3,92.0,4.3,53.9,108.7,35.9,30.0,1026.0,10.7,141,1,2,8
2025-08-13 02:00:00+00:00,27.2,93.0,5.0,54.7,111.1,34.4,28.0,700.0,9.9,142,2,2,8
2025-08-13 03:00:00+00:00,27.0,94.0,4.7,55.1,110.8,32.2,27.0,547.0,9.2,144,3,2,8
2025-08-13 04:00:00+00:00,26.8,94.0,4.0,55.1,112.7,29.4,27.0,523.0,8.5,145,4,2,8
2025-08-13 05:00:00+00:00,26.6,95.0,4.8,56.5,98.0,39.2,16.0,564.0,8.0,147,5,2,8
2025-08-13 06:00:00+00:00,27.6,90.0,5.1,59.3,111.3,37.8,25.0,707.0,9.0,149,6,2,8
2025-08-13 07:00:00+00:00,28.5,88.0,5.1,62.6,125.7,35.7,38.0,915.0,10.5,151,7,2,8
2025-08-13 08:00:00+00:00,29.9,83.0,5.0,63.8,137.4,32.1,54.0,1015.0,12.1,151,8,2,8
2025-08-13 09:00:00+00:00,31.3,77.0,4.6,62.9,142.5,26.0,75.0,897.0,13.9,152,9,2,8
2025-08-13 10:00:00+00:00,32.8,67.0,3.8,60.1,141.6,18.4,101.0,672.0,15.7,152,10,2,8
2025-08-13 11:00:00+00:00,33.8,61.0,2.4,56.8,142.0,12.4,124.0,498.0,16.7,152,11,2,8
2025-08-13 12:00:00+00:00,34.7,57.0,1.6,55.9,142.5,9.0,146.0,441.0,16.0,151,12,2,8
2025-08-13 13:00:00+00:00,35.1,55.0,1.9,54.4,138.3,7.1,167.0,437.0,14.5,151,13,2,8
2025-08-13 14:00:00+00:00,35.4,53.0,4.3,52.0,131.3,6.3,180.0,448.0,13.2,151,14,2,8
2025-08-13 15:00:00+00:00,35.6,53.0,4.8,49.9,127.6,6.0,185.0,460.0,12.6,150,15,2,8
2025-08-13 16:00:00+00:00,35.1,55.0,5.8,49.9,129.0,6.9,183.0,487.0,12.4,148,16,2,8
2025-08-13 17:00:00+00:00,34.5,57.0,5.6,48.4,124.8,10.4,144.0,543.0,12.2,146,17,2,8
2025-08-13 18:00:00+00:00,33.6,64.0,4.3,50.6,120.1,17.8,124.0,650.0,12.2,146,18,2,8
2025-08-13 19:00:00+00:00,32.2,69.0,4.9,58.0,110.1,27.9,97.0,785.0,12.3,146,19,2,8
2025-08-13 20:00:00+00:00,31.3,71.0,4.9,63.6,108.3,34.8,76.0,891.0,12.2,147,20,2,8
2025-08-13 21:00:00+00:00,30.5,76.0,3.9,68.2,109.0,35.4,66.0,953.0,11.9,149,21,2,8
2025-08-13 22:00:00+00:00,29.9,80.0,4.1,71.9,109.4,32.8,62.0,986.0,11.5,150,22,2,8
2025-08-13 23:00:00+00:00,29.5,83.0,3.4,74.3,111.1,30.2,59.0,971.0,11.2,151,23,2,8
2025-08-14 00:00:00+00:00,29.1,84.0,3.2,74.5,109.4,28.5,54.0,873.0,11.1,152,0,3,8
2025-08-14 01:00:00+00:00,29.1,83.0,3.8,73.6,115.7,26.8,50.0,728.0,11.1,152,1,3,8
2025-08-14 02:00:00+00:00,29.1,82.0,4.1,72.6,121.1,25.5,46.0,621.0,11.2,153,2,3,8
2025-08-14 03:00:00+00:00,28.9,82.0,5.4,70.8,125.7,24.3,43.0,581.0,11.5,154,3,3,8
2025-08-14 04:00:00+00:00,28.9,81.0,4.2,67.3,133.6,23.6,40.0,580.0,11.8,154,4,3,8
2025-08-14 05:00:00+00:00,28.8,78.0,6.0,45.5,100.8,16.0,61.0,615.0,7.7,154,5,3,8
2025-08-14 06:00:00+00:00,29.5,86.0,7.4,40.5,92.7,20.2,60.0,716.0,7.5,154,6,3,8
2025-08-14 07:00:00+00:00,29.5,85.0,10.7,36.4,93.4,25.9,58.0,853.0,7.3,153,7,3,8
2025-08-14 08:00:00+00:00,29.0,85.0,12.8,36.2,93.1,29.4,59.0,941.0,7.5,153,8,3,8
2025-08-14 09:00:00+00:00,27.9,94.0,12.0,36.7,90.1,28.4,63.0,929.0,8.3,152,9,3,8
2025-08-14 10:00:00+00:00,27.2,94.0,10.6,36.1,89.9,25.3,69.0,867.0,9.5,151,10,3,8
2025-08-14 11:00:00+00:00,26.6,95.0,9.8,34.9,89.9,23.2,74.0,820.0,10.6,150,11,3,8
2025-08-14 12:00:00+00:00,27.0,94.0,8.9,29.6,62.9,22.9,76.0,809.0,11.4,149,12,3,8
2025-08-14 13:00:00+00:00,27.2,94.0,8.7,27.4,40.5,23.6,77.0,813.0,12.0,146,13,3,8
2025-08-14 14:00:00+00:00,27.4,91.0,4.8,28.6,35.9,26.3,75.0,837.0,12.5,143,14,3,8
2025-08-14 15:00:00+00:00,28.3,86.0,5.4,31.1,36.4,32.8,71.0,894.0,13.0,141,15,3,8
2025-08-14 16:00:00+00:00,28.7,82.0,3.1,34.2,38.5,41.2,65.0,970.0,13.5,139,16,3,8
2025-08-14 17:00:00+00:00,28.9,80.0,4.8,42.7,78.7,25.2,113.0,1033.0,15.7,137,17,3,8
2025-08-14 18:00:00+00:00,28.9,84.0,3.6,46.6,72.4,36.1,91.0,1067.0,15.2,137,18,3,8
2025-08-14 19:00:00+00:00,28.2,87.0,5.4,49.6,70.5,51.1,61.0,1088.0,14.6,136,19,3,8
2025-08-14 20:00:00+00:00,27.9,89.0,6.8,54.5,72.2,61.9,37.0,1102.0,14.0,136,20,3,8
2025-08-14 21:00:00+00:00,27.5,91.0,6.0,57.3,72.9,64.7,25.0,1126.0,13.6,135,21,3,8
2025-08-14 22:00:00+00:00,27.1,93.0,4.1,61.7,77.1,63.3,20.0,1144.0,13.2,133,22,3,8
2025-08-14 23:00:00+00:00,26.9,94.0,5.1,66.8,82.0,60.9,17.0,1116.0,12.9,132,23,3,8
2025-08-15 00:00:00+00:00,26.7,94.0,3.3,68.5,83.6,58.2,15.0,1001.0,12.5,132,0,4,8
2025-08-15 01:00:00+00:00,26.5,95.0,3.1,69.6,83.8,54.5,15.0,841.0,12.0,131,1,4,8
2025-08-15 02:00:00+00:00,26.4,95.0,4.3,70.3,84.1,50.6,16.0,717.0,11.8,131,2,4,8
2025-08-15 03:00:00+00:00,26.3,96.0,5.4,70.8,84.3,46.7,15.0,651.0,11.9,130,3,4,8
2025-08-15 04:00:00+00:00,26.1,96.0,6.5,71.9,85.2,42.7,15.0,621.0,12.3,130,4,4,8
2025-08-15 05:00:00+00:00,26.0,96.0,4.8,64.7,71.5,34.3,26.0,647.0,12.5,131,5,4,8
2025-08-15 06:00:00+00:00,26.9,97.0,5.4,60.3,66.6,33.7,32.0,782.0,13.4,133,6,4,8
2025-08-15 07:00:00+00:00,27.4,93.0,4.4,55.4,61.2,32.6,42.0,974.0,14.6,135,7,4,8
2025-08-15 08:00:00+00:00,28.1,89.0,3.9,48.5,53.8,30.2,58.0,1079.0,15.4,137,8,4,8
2025-08-15 09:00:00+00:00,29.0,84.0,4.2,40.7,46.2,25.5,86.0,1011.0,15.4,138,9,4,8
2025-08-15 10:00:00+00:00,30.0,77.0,3.3,37.0,43.5,19.4,120.0,857.0,15.0,139,10,4,8
2025-08-15 11:00:00+00:00,30.8,71.0,2.3,35.9,43.1,14.5,151.0,737.0,14.6,139,11,4,8
2025-08-15 12:00:00+00:00,31.3,69.0,1.9,34.5,43.3,11.3,175.0,693.0,14.5,139,12,4,8
2025-08-15 13:00:00+00:00,32.0,67.0,1.5,35.2,44.1,9.2,195.0,683.0,14.6,139,13,4,8
2025-08-15 14:00:00+00:00,32.6,66.0,1.5,36.6,44.8,8.7,207.0,702.0,14.3,140,14,4,8
2025-08-15 15:00:00+00:00,32.6,64.0,2.8,36.7,44.0,9.4,210.0,722.0,13.5,141,15,4,8
2025-08-15 16:00:00+00:00,32.2,66.0,4.1,34.6,40.6,11.5,204.0,770.0,12.5,141,16,4,8
2025-08-15 17:00:00+00:00,31.8,69.0,4.3,57.9,77.1,13.5,167.0,921.0,11.7,152,17,4,8
2025-08-15 18:00:00+00:00,30.6,73.0,4.0,59.8,76.1,31.8,134.0,1299.0,12.2,165,18,4,8
2025-08-15 19:00:00+00:00,29.4,80.0,3.8,70.8,84.5,56.7,88.0,1779.0,13.0,168,19,4,8
2025-08-15 20:00:00+00:00,28.8,84.0,3.6,75.4,87.3,73.4,53.0,2062.0,13.4,158,20,4,8
2025-08-15 21:00:00+00:00,28.5,86.0,2.8,75.7,85.9,74.3,38.0,1978.0,13.3,149,21,4,8
2025-08-15 22:00:00+00:00,28.1,88.0,2.7,75.7,84.8,67.0,34.0,1697.0,12.8,150,22,4,8
2025-08-15 23:00:00+00:00,27.8,88.0,4.1,73.3,80.8,59.1,32.0,1422.0,12.2,151,23,4,8
2025-08-16 00:00:00+00:00,27.5,89.0,4.5,68.7,74.7,52.7,30.0,1205.0,11.4,151,0,5,8
2025-08-16 01:00:00+00:00,27.4,90.0,4.6,65.7,70.8,45.7,31.0,995.0,10.4,151,1,5,8
2025-08-16 02:00:00+00:00,27.2,91.0,4.6,63.8,68.0,40.0,32.0,843.0,9.7,151,2,5,8
2025-08-16 03:00:00+00:00,27.0,92.0,4.5,62.2,65.9,36.4,31.0,774.0,9.3,151,3,5,8
2025-08-16 04:00:00+00:00,26.9,92.0,4.8,61.5,64.7,34.0,29.0,764.0,9.1,150,4,5,8
2025-08-16 05:00:00+00:00,26.7,93.0,5.3,73.6,76.4,49.8,14.0,792.0,10.0,150,5,5,8
2025-08-16 06:00:00+00:00,28.1,93.0,4.3,72.4,74.5,44.8,31.0,893.0,10.3,150,6,5,8
2025-08-16 07:00:00+00:00,28.9,90.0,3.8,68.9,71.2,37.5,57.0,1033.0,10.8,151,7,5,8
2025-08-16 08:00:00+00:00,29.7,80.0,5.8,56.8,59.5,29.9,86.0,1087.0,11.2,151,8,5,8
2025-08-16 09:00:00+00:00,30.2,77.0,8.7,50.2,52.9,21.6,123.0,970.0,11.7,151,9,5,8
2025-08-16 10:00:00+00:00,31.1,76.0,7.8,47.0,52.7,12.9,165.0,768.0,12.3,152,10,5,8
2025-08-16 11:00:00+00:00,31.9,74.0,6.9,48.3,56.9,6.7,196.0,617.0,12.3,152,11,5,8
2025-08-16 12:00:00+00:00,32.6,70.0,6.0,49.8,60.1,4.5,209.0,573.0,11.4,152,12,5,8
2025-08-16 13:00:00+00:00,33.2,67.0,4.3,50.3,62.6,4.8,211.0,580.0,10.0,153,13,5,8
2025-08-16 14:00:00+00:00,33.3,67.0,3.9,51.0,62.9,6.0,208.0,610.0,8.9,153,14,5,8
2025-08-16 15:00:00+00:00,33.3,66.0,4.0,50.2,62.6,6.5,203.0,625.0,8.3,154,15,5,8
2025-08-16 16:00:00+00:00,33.1,67.0,4.1,49.0,61.0,8.0,194.0,663.0,8.1,161,16,5,8
2025-08-16 17:00:00+00:00,32.7,69.0,4.1,72.9,92.9,13.7,168.0,813.0,8.6,178,17,5,8
2025-08-16 18:00:00+00:00,31.8,75.0,5.2,77.3,90.6,28.6,134.0,1208.0,8.8,185,18,5,8
2025-08-16 19:00:00+00:00,30.6,82.0,3.3,82.7,93.4,48.9,88.0,1714.0,9.1,180,19,5,8
2025-08-16 20:00:00+00:00,30.1,83.0,4.4,84.1,92.4,62.0,53.0,2022.0,9.3,163,20,5,8
2025-08-16 21:00:00+00:00,29.6,85.0,5.2,82.9,90.1,61.2,41.0,1971.0,9.2,156,21,5,8
2025-08-16 22:00:00+00:00,29.1,86.0,5.7,81.0,86.8,53.2,40.0,1722.0,9.0,156,22,5,8
2025-08-16 23:00:00+00:00,28.9,85.0,7.4,77.5,81.5,45.1,41.0,1440.0,8.8,156,23,5,8
2025-08-17 00:00:00+00:00,28.6,86.0,9.1,71.5,74.7,39.1,42.0,1139.0,8.6,156,0,6,8
2025-08-17 01:00:00+00:00,28.2,87.0,9.2,67.5,69.6,33.1,46.0,806.0,8.4,157,1,6,8
2025-08-17 02:00:00+00:00,27.9,89.0,8.1,63.1,65.0,28.0,50.0,567.0,8.2,157,2,6,8
2025-08-17 03:00:00+00:00,27.6,91.0,7.4,58.3,60.1,23.8,54.0,483.0,8.0,157,3,6,8
2025-08-17 04:00:00+00:00,27.2,93.0,7.0,55.8,57.3,20.4,59.0,493.0,7.9,156,4,6,8
2025-08-17 05:00:00+00:00,27.0,94.0,7.1,46.0,47.7,16.0,69.0,542.0,6.9,156,5,6,8
2025-08-17 06:00:00+00:00,26.6,92.0,13.3,47.4,49.6,16.8,72.0,649.0,6.7,155,6,6,8
2025-08-17 07:00:00+00:00,26.9,91.0,13.3,46.2,49.5,17.7,77.0,795.0,6.4,155,7,6,8
2025-08-17 08:00:00+00:00,28.0,87.0,11.8,28.9,31.5,17.7,84.0,870.0,6.2,154,8,6,8
2025-08-17 09:00:00+00:00,29.7,79.0,13.8,26.0,28.2,15.9,94.0,800.0,6.3,153,9,6,8
2025-08-17 10:00:00+00:00,30.6,75.0,12.0,27.7,30.2,13.2,107.0,659.0,6.4,152,10,6,8
2025-08-17 11:00:00+00:00,32.0,70.0,10.1,26.2,28.2,10.7,121.0,553.0,6.4,152,11,6,8
2025-08-17 12:00:00+00:00,32.9,68.0,8.5,28.6,31.1,8.5,138.0,523.0,6.0,151,12,6,8
2025-08-17 13:00:00+00:00,33.4,66.0,7.1,28.1,30.9,6.6,157.0,528.0,5.3,151,13,6,8
2025-08-17 14:00:00+00:00,33.8,65.0,5.4,28.6,31.8,6.0,168.0,553.0,4.9,150,14,6,8
2025-08-17 15:00:00+00:00,33.9,62.0,6.2,27.9,31.2,6.1,169.0,590.0,4.8,147,15,6,8
2025-08-17 16:00:00+00:00,34.0,62.0,5.1,27.4,30.6,7.4,162.0,647.0,4.8,145,16,6,8
2025-08-17 17:00:00+00:00,33.4,64.0,5.8,40.3,42.5,13.0,134.0,731.0,5.3,143,17,6,8
2025-08-17 18:00:00+00:00,30.8,77.0,9.9,37.8,39.5,18.9,113.0,886.0,5.4,139,18,6,8
2025-08-17 19:00:00+00:00,29.6,83.0,7.8,38.2,41.1,27.1,83.0,1069.0,5.5,135,19,6,8
2025-08-17 20:00:00+00:00,29.1,86.0,7.3,37.0,38.1,32.8,60.0,1155.0,5.8,131,20,6,8
2025-08-17 21:00:00+00:00,28.6,88.0,7.6,36.9,37.5,33.9,50.0,1068.0,6.4,126,21,6,8
2025-08-17 22:00:00+00:00,28.3,90.0,8.0,36.9,37.1,32.6,46.0,884.0,7.2,121,22,6,8
2025-08-17 23:00:00+00:00,28.0,91.0,8.2,37.4,37.5,30.6,44.0,715.0,8.3,116,23,6,8
2025-08-18 00:00:00+00:00,27.8,92.0,9.2,37.7,37.8,27.9,44.0,587.0,10.1,112,0,0,8
2025-08-18 01:00:00+00:00,27.6,92.0,8.0,38.8,38.8,24.5,46.0,474.0,12.3,109,1,0,8
2025-08-18 02:00:00+00:00,27.4,92.0,8.0,39.7,39.7,22.1,47.0,399.0,14.0,106,2,0,8
2025-08-18 03:00:00+00:00,27.2,92.0,7.0,40.7,40.7,21.6,44.0,366.0,14.8,103,3,0,8
2025-08-18 04:00:00+00:00,27.0,93.0,6.6,41.7,41.8,22.2,40.0,372.0,15.2,101,4,0,8
2025-08-18 05:00:00+00:00,26.9,93.0,7.9,48.1,48.1,25.9,32.0,436.0,15.9,100,5,0,8
2025-08-18 06:00:00+00:00,25.1,96.0,12.3,46.3,46.6,29.1,30.0,623.0,16.3,100,6,0,8
2025-08-18 07:00:00+00:00,24.7,95.0,10.6,47.6,48.2,33.1,29.0,868.0,16.8,100,7,0,8
2025-08-18 08:00:00+00:00,25.6,94.0,8.5,48.2,48.7,33.9,34.0,995.0,16.8,100,8,0,8
2025-08-18 09:00:00+00:00,26.8,87.0,13.4,45.4,46.0,28.4,52.0,884.0,16.2,102,9,0,8
2025-08-18 10:00:00+00:00,27.7,85.0,10.0,39.3,40.2,19.7,78.0,656.0,15.2,104,10,0,8
2025-08-18 11:00:00+00:00,29.2,79.0,11.2,34.1,34.9,12.6,100.0,488.0,13.8,106,11,0,8
2025-08-18 12:00:00+00:00,29.8,78.0,9.6,30.5,31.3,8.8,116.0,456.0,11.8,106,12,0,8
2025-08-18 13:00:00+00:00,29.7,81.0,8.8,28.2,28.7,6.6,128.0,485.0,9.4,107,13,0,8
2025-08-18 14:00:00+00:00,29.5,83.0,9.1,27.9,28.3,5.9,136.0,534.0,7.7,107,14,0,8
2025-08-18 15:00:00+00:00,29.6,83.0,7.6,27.6,28.1,6.8,139.0,570.0,7.2,106,15,0,8
2025-08-18 16:00:00+00:00,30.0,82.0,7.6,29.0,29.5,9.2,137.0,626.0,7.4,106,16,0,8
2025-08-18 17:00:00+00:00,29.9,82.0,8.0,49.8,52.6,17.0,115.0,753.0,9.4,107,17,0,8
2025-08-18 18:00:00+00:00,29.5,82.0,6.4,51.0,53.1,24.3,99.0,1040.0,9.7,108,18,0,8
2025-08-18 19:00:00+00:00,28.8,86.0,5.5,54.1,55.9,34.5,76.0,1398.0,10.2,109,19,0,8
2025-08-18 20:00:00+00:00,28.3,90.0,5.2,56.7,58.2,43.5,56.0,1613.0,10.7,111,20,0,8
2025-08-18 21:00:00+00:00,28.0,92.0,5.6,60.8,62.2,50.8,42.0,1572.0,11.1,113,21,0,8
2025-08-18 22:00:00+00:00,27.7,92.0,5.2,67.8,69.2,56.8,30.0,1387.0,11.4,115,22,0,8
2025-08-18 23:00:00+00:00,27.6,92.0,6.8,71.2,72.6,58.7,24.0,1184.0,11.7,118,23,0,8
2025-08-19 00:00:00+00:00,27.5,92.0,7.7,71.7,73.1,53.1,27.0,975.0,11.8,122,0,1,8
2025-08-19 01:00:00+00:00,27.2,93.0,7.5,70.3,71.5,43.3,35.0,749.0,11.9,125,1,1,8
2025-08-19 02:00:00+00:00,26.9,93.0,7.1,69.6,70.8,36.2,40.0,590.0,12.1,129,2,1,8
2025-08-19 03:00:00+00:00,26.7,92.0,6.9,70.3,71.7,35.3,35.0,520.0,12.5,132,3,1,8
2025-08-19 04:00:00+00:00,26.4,92.0,6.7,72.6,73.8,37.2,27.0,518.0,12.9,135,4,1,8
2025-08-19 05:00:00+00:00,26.3,92.0,6.0,65.2,65.9,28.5,34.0,611.0,12.2,138,5,1,8
2025-08-19 06:00:00+00:00,26.9,91.0,4.2,65.7,66.1,29.5,43.0,907.0,11.9,140,6,1,8
2025-08-19 07:00:00+00:00,27.7,90.0,4.1,66.4,67.1,30.5,57.0,1298.0,11.4,142,7,1,8
2025-08-19 08:00:00+00:00,29.4,84.0,5.7,61.5,61.9,28.9,76.0,1484.0,11.2,144,8,1,8
2025-08-19 09:00:00+00:00,31.0,75.0,7.1,53.3,53.9,22.0,104.0,1263.0,11.5,145,9,1,8
2025-08-19 10:00:00+00:00,32.0,65.0,8.4,38.5,39.2,12.5,136.0,838.0,11.9,146,10,1,8
2025-08-19 11:00:00+00:00,32.4,63.0,8.1,32.4,34.7,5.5,161.0,512.0,11.9,146,11,1,8
2025-08-19 12:00:00+00:00,33.1,61.0,6.5,28.9,31.0,3.3,172.0,411.0,11.0,146,12,1,8
2025-08-19 13:00:00+00:00,33.5,59.0,5.9,27.5,29.5,3.5,175.0,411.0,9.7,146,13,1,8
2025-08-19 14:00:00+00:00,33.8,57.0,4.4,27.5,30.0,4.7,175.0,440.0,8.7,146,14,1,8
2025-08-19 15:00:00+00:00,34.1,55.0,4.4,27.5,29.9,3.5,177.0,457.0,8.4,146,15,1,8
2025-08-19 16:00:00+00:00,33.7,56.0,5.3,27.6,29.9,3.2,176.0,505.0,8.4,146,16,1,8
2025-08-19 17:00:00+00:00,33.1,59.0,5.2,34.1,36.9,15.4,138.0,637.0,9.3,145,17,1,8
2025-08-19 18:00:00+00:00,31.3,75.0,3.1,36.8,39.9,38.0,106.0,952.0,10.3,145,18,1,8
2025-08-19 19:00:00+00:00,30.5,81.0,2.8,48.5,51.7,68.8,62.0,1352.0,11.7,142,19,1,8
2025-08-19 20:00:00+00:00,29.6,85.0,3.4,60.3,63.1,89.7,29.0,1598.0,12.6,142,20,1,8
2025-08-19 21:00:00+00:00,28.9,87.0,4.6,55.8,58.1,91.4,18.0,1570.0,12.5,142,21,1,8
2025-08-19 22:00:00+00:00,28.4,88.0,4.0,56.1,58.2,83.1,17.0,1389.0,12.0,142,22,1,8
2025-08-19 23:00:00+00:00,28.1,88.0,4.7,59.8,61.9,74.0,19.0,1179.0,11.4,140,23,1,8
2025-08-20 00:00:00+00:00,27.8,88.0,6.6,59.8,61.7,66.6,20.0,948.0,10.9,139,0,2,8
2025-08-20 01:00:00+00:00,27.7,88.0,6.3,59.1,60.8,58.5,23.0,689.0,10.3,138,1,2,8
2025-08-20 02:00:00+00:00,27.5,89.0,5.8,56.9,59.1,51.2,26.0,507.0,10.0,137,2,2,8
2025-08-20 03:00:00+00:00,27.1,92.0,4.4,55.6,60.8,45.4,26.0,448.0,10.1,135,3,2,8
2025-08-20 04:00:00+00:00,24.9,98.0,7.4,55.1,63.3,40.5,26.0,466.0,10.4,134,4,2,8
2025-08-20 05:00:00+00:00,25.3,94.0,5.1,39.3,58.6,21.5,55.0,534.0,10.1,132,5,2,8
2025-08-20 06:00:00+00:00,25.8,93.0,10.4,33.2,52.0,21.5,59.0,697.0,9.2,129,6,2,8
2025-08-20 07:00:00+00:00,26.0,92.0,5.2,27.2,44.7,21.2,65.0,910.0,8.0,126,7,2,8
2025-08-20 08:00:00+00:00,27.3,88.0,6.9,24.9,39.9,20.0,74.0,1012.0,7.0,122,8,2,8
2025-08-20 09:00:00+00:00,28.6,81.0,11.2,22.2,35.6,16.8,88.0,893.0,6.6,118,9,2,8
2025-08-20 10:00:00+00:00,29.9,75.0,10.5,20.0,33.1,12.6,105.0,664.0,6.5,115,10,2,8
2025-08-20 11:00:00+00:00,31.0,70.0,10.1,21.7,34.0,9.2,123.0,495.0,6.4,113,11,2,8
2025-08-20 12:00:00+00:00,31.7,65.0,8.4,23.1,34.5,7.0,142.0,457.0,6.1,112,12,2,8
2025-08-20 13:00:00+00:00,32.1,63.0,7.8,23.2,32.9,5.6,162.0,479.0,5.7,111,13,2,8
2025-08-20 14:00:00+00:00,32.2,65.0,6.5,23.4,33.1,5.3,176.0,520.0,5.6,111,14,2,8
2025-08-20 15:00:00+00:00,32.4,65.0,6.8,23.1,31.5,3.9,184.0,539.0,5.9,110,15,2,8
2025-08-20 16:00:00+00:00,31.5,70.0,7.5,23.3,31.2,3.6,187.0,578.0,6.5,110,16,2,8
2025-08-20 17:00:00+00:00,30.8,75.0,7.1,27.1,38.1,11.2,160.0,720.0,7.8,115,17,2,8
2025-08-20 18:00:00+00:00,28.7,79.0,4.9,28.3,36.2,25.7,130.0,1092.0,8.3,130,18,2,8
2025-08-20 19:00:00+00:00,27.9,85.0,3.6,35.5,40.6,45.9,88.0,1566.0,9.1,135,19,2,8
2025-08-20 20:00:00+00:00,27.4,88.0,3.8,43.0,47.0,62.3,54.0,1849.0,9.9,128,20,2,8
2025-08-20 21:00:00+00:00,26.9,90.0,3.8,49.4,52.6,72.2,34.0,1777.0,10.9,109,21,2,8
2025-08-20 22:00:00+00:00,26.5,92.0,3.6,58.8,61.5,78.4,21.0,1514.0,12.1,104,22,2,8
2025-08-20 23:00:00+00:00,26.2,93.0,3.6,65.4,67.3,79.8,14.0,1250.0,12.7,104,23,2,8
2025-08-21 00:00:00+00:00,26.0,93.0,4.0,64.3,65.7,74.4,14.0,1032.0,12.5,105,0,3,8
2025-08-21 01:00:00+00:00,25.8,93.0,3.8,62.6,63.3,64.3,19.0,813.0,11.8,105,1,3,8
2025-08-21 02:00:00+00:00,25.8,92.0,4.9,61.0,61.5,54.6,25.0,649.0,11.2,106,2,3,8
2025-08-21 03:00:00+00:00,25.6,93.0,5.7,58.7,58.8,46.7,29.0,536.0,11.1,106,3,3,8
2025-08-21 04:00:00+00:00,25.5,94.0,5.7,55.8,55.9,39.2,33.0,477.0,11.1,106,4,3,8
2025-08-21 05:00:00+00:00,25.4,94.0,6.3,44.9,44.9,29.6,39.0,535.0,9.8,107,5,3,8
2025-08-21 06:00:00+00:00,26.1,92.0,5.5,44.1,44.1,28.9,48.0,836.0,11.2,107,6,3,8
2025-08-21 07:00:00+00:00,26.8,91.0,4.6,44.9,45.1,27.8,62.0,1254.0,13.2,108,7,3,8
2025-08-21 08:00:00+00:00,28.5,86.0,3.6,40.2,41.1,25.2,85.0,1472.0,15.1,110,8,3,8
2025-08-21 09:00:00+00:00,30.3,75.0,3.4,37.3,40.0,20.0,125.0,1288.0,17.2,112,9,3,8
2025-08-21 10:00:00+00:00,31.5,68.0,4.0,36.4,41.6,13.3,173.0,904.0,19.2,113,10,3,8
2025-08-21 11:00:00+00:00,32.2,64.0,3.7,35.6,42.7,8.3,209.0,607.0,20.0,115,11,3,8
2025-08-21 12:00:00+00:00,32.8,62.0,3.3,34.2,41.6,6.0,223.0,510.0,18.7,116,12,3,8
2025-08-21 13:00:00+00:00,33.1,63.0,3.1,33.4,40.2,5.3,226.0,501.0,16.1,118,13,3,8
2025-08-21 14:00:00+00:00,33.4,62.0,2.3,33.9,40.2,5.6,226.0,531.0,14.2,119,14,3,8
2025-08-21 15:00:00+00:00,33.5,61.0,3.1,34.6,40.5,3.0,232.0,519.0,13.4,149,15,3,8
2025-08-21 16:00:00+00:00,33.3,62.0,3.4,34.8,40.3,1.4,236.0,545.0,13.2,176,16,3,8
2025-08-21 17:00:00+00:00,32.8,64.0,4.2,32.9,38.1,12.1,191.0,808.0,11.9,200,17,3,8
2025-08-21 18:00:00+00:00,31.9,77.0,2.2,39.5,43.8,42.4,149.0,1600.0,13.4,205,18,3,8
2025-08-21 19:00:00+00:00,30.8,81.0,2.9,53.7,57.6,83.9,90.0,2629.0,15.5,203,19,3,8
2025-08-21 20:00:00+00:00,30.1,82.0,4.2,64.5,68.5,112.6,45.0,3207.0,16.9,188,20,3,8
2025-08-21 21:00:00+00:00,29.5,82.0,5.4,73.6,77.1,116.6,27.0,2928.0,17.2,160,21,3,8
2025-08-21 22:00:00+00:00,28.9,83.0,5.1,75.7,78.9,107.8,22.0,2199.0,16.8,131,22,3,8
2025-08-21 23:00:00+00:00,28.4,85.0,5.0,74.5,77.3,97.8,19.0,1557.0,16.1,132,23,3,8
2025-08-22 00:00:00+00:00,28.0,86.0,4.4,71.7,74.3,89.5,16.0,1178.0,14.9,133,0,4,8
2025-08-22 01:00:00+00:00,27.6,88.0,3.7,70.3,72.4,80.1,17.0,885.0,13.3,134,1,4,8
2025-08-22 02:00:00+00:00,27.3,88.0,3.8,71.5,73.3,72.8,16.0,687.0,12.1,135,2,4,8
2025-08-22 03:00:00+00:00,27.0,89.0,5.1,74.0,75.7,70.2,11.0,594.0,11.7,136,3,4,8
2025-08-22 04:00:00+00:00,26.7,90.0,4.7,76.6,78.0,69.7,4.0,596.0,11.6,138,4,4,8
2025-08-22 05:00:00+00:00,26.5,91.0,4.2,65.4,67.3,48.2,20.0,671.0,10.0,140,5,4,8
2025-08-22 06:00:00+00:00,27.6,89.0,4.4,65.7,67.3,46.2,33.0,883.0,10.2,142,6,4,8
2025-08-22 07:00:00+00:00,28.3,88.0,0.5,65.2,66.6,42.9,53.0,1168.0,10.5,144,7,4,8
2025-08-22 08:00:00+00:00,29.7,83.0,0.6,57.3,59.1,37.5,80.0,1309.0,11.2,146,8,4,8
2025-08-22 09:00:00+00:00,31.1,76.0,1.9,45.9,48.4,27.7,119.0,1164.0,12.5,148,9,4,8
2025-08-22 10:00:00+00:00,32.0,71.0,2.6,41.1,44.9,15.7,165.0,875.0,14.2,149,10,4,8
2025-08-22 11:00:00+00:00,33.0,66.0,1.3,40.6,44.9,7.0,199.0,651.0,15.2,149,11,4,8
2025-08-22 12:00:00+00:00,33.6,64.0,2.0,40.5,45.1,4.1,213.0,575.0,14.9,150,12,4,8
2025-08-22 13:00:00+00:00,33.8,62.0,2.8,40.5,44.9,4.5,215.0,563.0,14.0,150,13,4,8
2025-08-22 14:00:00+00:00,34.0,61.0,2.6,42.0,46.7,5.9,214.0,576.0,13.4,150,14,4,8
2025-08-22 15:00:00+00:00,34.0,59.0,1.4,39.8,44.0,5.9,217.0,538.0,13.5,151,15,4,8
2025-08-22 16:00:00+00:00,34.1,58.0,1.6,40.5,44.7,6.8,216.0,525.0,13.9,164,16,4,8
2025-08-22 17:00:00+00:00,33.8,58.0,0.6,47.5,52.4,13.5,175.0,722.0,12.9,186,17,4,8
2025-08-22 18:00:00+00:00,31.7,73.0,3.1,51.0,55.9,40.8,138.0,1384.0,14.2,195,18,4,8
2025-08-22 19:00:00+00:00,30.8,79.0,2.0,66.6,71.0,77.7,86.0,2257.0,15.9,191,19,4,8
2025-08-22 20:00:00+00:00,30.2,82.0,2.5,72.6,75.9,99.3,50.0,2761.0,16.7,173,20,4,8
2025-08-22 21:00:00+00:00,29.5,83.0,4.8,69.8,72.2,91.4,43.0,2557.0,15.8,152,21,4,8
2025-08-22 22:00:00+00:00,29.2,83.0,5.4,64.7,66.6,68.2,51.0,1985.0,13.9,152,22,4,8
2025-08-22 23:00:00+00:00,28.9,85.0,7.0,59.3,60.8,48.1,58.0,1483.0,12.4,152,23,4,8
2025-08-23 00:00:00+00:00,28.7,86.0,7.6,53.3,54.6,37.4,60.0,1208.0,11.6,151,0,5,8
2025-08-23 01:00:00+00:00,28.4,86.0,6.2,47.5,49.4,29.7,62.0,1004.0,11.2,151,1,5,8
2025-08-23 02:00:00+00:00,28.0,87.0,5.4,43.4,45.9,24.6,62.0,836.0,11.1,150,2,5,8
2025-08-23 03:00:00+00:00,27.8,88.0,6.9,41.4,44.4,22.8,57.0,681.0,11.5,148,3,5,8
2025-08-23 04:00:00+00:00,26.6,92.0,9.7,41.1,44.2,23.6,50.0,562.0,12.3,144,4,5,8
2025-08-23 05:00:00+00:00,25.7,96.0,9.2,34.9,38.3,21.4,59.0,517.0,11.6,141,5,5,8
2025-08-23 06:00:00+00:00,27.9,91.0,6.3,32.8,36.9,21.4,64.0,610.0,12.0,138,6,5,8
2025-08-23 07:00:00+00:00,28.3,89.0,8.3,29.8,35.7,21.2,72.0,778.0,12.4,134,7,5,8
2025-08-23 08:00:00+00:00,28.9,85.0,10.2,27.8,36.6,20.0,84.0,866.0,12.5,130,8,5,8
2025-08-23 09:00:00+00:00,30.5,79.0,8.3,30.5,42.1,16.9,104.0,784.0,12.0,127,9,5,8
2025-08-23 10:00:00+00:00,31.4,70.0,11.0,29.5,38.6,12.8,129.0,623.0,11.0,126,10,5,8
2025-08-23 11:00:00+00:00,31.8,72.0,9.5,29.7,36.2,9.4,148.0,499.0,9.8,125,11,5,8
2025-08-23 12:00:00+00:00,32.7,70.0,9.3,28.6,32.7,7.2,157.0,453.0,8.0,123,12,5,8
2025-08-23 13:00:00+00:00,32.8,71.0,9.0,26.6,29.1,5.8,160.0,445.0,5.8,122,13,5,8
2025-08-23 14:00:00+00:00,32.6,73.0,9.1,23.3,24.8,5.5,159.0,467.0,4.4,121,14,5,8
2025-08-23 15:00:00+00:00,31.8,75.0,10.3,19.2,19.9,6.0,157.0,515.0,4.2,119,15,5,8
2025-08-23 16:00:00+00:00,29.3,84.0,7.5,16.4,16.7,7.6,151.0,594.0,4.8,117,16,5,8
2025-08-23 17:00:00+00:00,29.0,85.0,4.7,46.2,48.1,20.4,116.0,712.0,4.6,114,17,5,8
2025-08-23 18:00:00+00:00,29.0,84.0,5.9,38.9,40.4,23.3,103.0,924.0,4.9,117,18,5,8
2025-08-23 19:00:00+00:00,28.2,88.0,4.9,34.9,35.7,27.3,84.0,1175.0,5.3,113,19,5,8
2025-08-23 20:00:00+00:00,27.7,89.0,7.4,33.9,34.2,30.3,68.0,1310.0,5.8,109,20,5,8
2025-08-23 21:00:00+00:00,27.5,91.0,9.2,34.3,34.5,31.3,58.0,1234.0,6.5,105,21,5,8
2025-08-23 22:00:00+00:00,27.5,92.0,9.4,34.2,34.3,31.3,51.0,1041.0,7.4,102,22,5,8
2025-08-23 23:00:00+00:00,27.6,93.0,8.9,35.3,35.3,30.9,45.0,864.0,8.1,99,23,5,8
2025-08-24 00:00:00+00:00,27.5,93.0,8.8,36.8,36.9,29.9,39.0,742.0,8.7,97,0,6,8
2025-08-24 01:00:00+00:00,27.4,94.0,6.8,38.2,38.3,28.5,35.0,635.0,9.1,96,1,6,8
2025-08-24 02:00:00+00:00,27.2,95.0,4.0,38.8,38.8,27.4,31.0,551.0,9.5,95,2,6,8
2025-08-24 03:00:00+00:00,25.2,96.0,6.7,39.8,39.9,26.7,29.0,478.0,9.7,95,3,6,8
2025-08-24 04:00:00+00:00,25.3,96.0,3.3,41.6,41.7,26.3,28.0,428.0,9.8,94,4,6,8
2025-08-24 05:00:00+00:00,25.0,98.0,5.1,15.4,17.1,15.2,56.0,447.0,7.0,94,5,6,8
2025-08-24 06:00:00+00:00,25.5,95.0,1.9,13.7,16.4,19.0,54.0,608.0,7.8,93,6,6,8
2025-08-24 07:00:00+00:00,26.0,93.0,2.6,15.8,18.6,24.0,52.0,838.0,8.8,91,7,6,8
2025-08-24 08:00:00+00:00,26.7,88.0,6.7,18.4,21.6,26.9,55.0,968.0,9.8,90,8,6,8
2025-08-24 09:00:00+00:00,28.0,81.0,8.1,17.7,21.0,25.4,66.0,895.0,10.6,90,9,6,8
2025-08-24 10:00:00+00:00,28.0,82.0,11.9,15.6,18.1,21.7,80.0,721.0,11.2,89,10,6,8
2025-08-24 11:00:00+00:00,27.0,88.0,11.3,14.1,16.3,18.8,93.0,587.0,11.5,88,11,6,8
2025-08-24 12:00:00+00:00,27.7,85.0,12.0,13.7,15.1,17.6,101.0,534.0,11.3,86,12,6,8
2025-08-24 13:00:00+00:00,29.2,77.0,11.3,13.5,14.7,17.2,107.0,521.0,10.8,85,13,6,8
2025-08-24 14:00:00+00:00,29.6,76.0,11.0,15.1,15.9,17.5,110.0,564.0,10.4,84,14,6,8
2025-08-24 15:00:00+00:00,29.7,75.0,10.7,16.4,16.6,17.5,113.0,642.0,10.2,83,15,6,8
2025-08-24 16:00:00+00:00,29.1,77.0,8.7,17.8,17.8,18.2,113.0,776.0,10.1,83,16,6,8
2025-08-24 17:00:00+00:00,28.7,82.0,4.4,31.9,32.5,42.6,42.0,1047.0,11.5,83,17,6,8
2025-08-24 18:00:00+00:00,27.1,86.0,5.9,32.2,32.4,44.7,37.0,1634.0,13.1,82,18,6,8
2025-08-24 19:00:00+00:00,26.5,88.0,6.6,36.1,36.1,47.6,31.0,2356.0,15.2,82,19,6,8
2025-08-24 20:00:00+00:00,26.1,89.0,7.2,38.9,38.9,49.7,25.0,2756.0,16.7,82,20,6,8
2025-08-24 21:00:00+00:00,25.5,91.0,6.9,40.6,40.6,50.8,21.0,2559.0,17.0,82,21,6,8
2025-08-24 22:00:00+00:00,25.3,92.0,5.4,43.5,43.5,51.0,17.0,2039.0,16.6,83,22,6,8
2025-08-24 23:00:00+00:00,25.1,92.0,6.0,43.7,43.7,49.0,16.0,1558.0,15.8,83,23,6,8
2025-08-25 00:00:00+00:00,24.8,92.0,5.5,41.3,41.3,43.4,19.0,1226.0,14.7,84,0,0,8
2025-08-25 01:00:00+00:00,24.6,92.0,3.0,38.4,38.4,35.7,24.0,933.0,13.3,84,1,0,8
2025-08-25 02:00:00+00:00,24.6,93.0,1.6,34.5,34.5,28.8,29.0,709.0,11.6,84,2,0,8
2025-08-25 03:00:00+00:00,24.5,94.0,1.7,29.5,29.5,23.1,35.0,552.0,9.4,84,3,0,8
2025-08-25 04:00:00+00:00,24.4,95.0,2.4,24.3,24.3,18.3,42.0,464.0,6.9,83,4,0,8
2025-08-25 05:00:00+00:00,24.1,96.0,7.2,27.8,27.8,22.9,28.0,487.0,6.3,82,5,0,8
2025-08-25 06:00:00+00:00,24.5,92.0,5.6,26.7,26.7,25.3,27.0,721.0,6.1,83,6,0,8
2025-08-25 07:00:00+00:00,24.7,92.0,4.8,27.0,27.0,28.3,27.0,1066.0,5.8,84,7,0,8
2025-08-25 08:00:00+00:00,25.1,92.0,7.6,25.4,25.4,29.5,28.0,1265.0,5.5,85,8,0,8
2025-08-25 09:00:00+00:00,25.2,95.0,13.9,21.8,21.8,26.8,32.0,1164.0,5.1,85,9,0,8
2025-08-25 10:00:00+00:00,25.0,96.0,11.1,17.2,17.3,22.1,39.0,916.0,4.6,86,10,0,8
2025-08-25 11:00:00+00:00,25.3,93.0,10.7,15.7,15.7,18.7,45.0,724.0,4.3,86,11,0,8
2025-08-25 12:00:00+00:00,25.5,92.0,12.6,15.4,15.4,17.9,51.0,663.0,4.2,86,12,0,8
2025-08-25 13:00:00+00:00,25.0,95.0,13.1,14.8,14.8,18.3,57.0,657.0,4.2,86,13,0,8
2025-08-25 14:00:00+00:00,24.8,96.0,12.9,15.6,15.6,18.9,62.0,689.0,4.1,86,14,0,8
2025-08-25 15:00:00+00:00,24.5,97.0,12.5,15.9,15.9,19.4,65.0,778.0,3.8,86,15,0,8
2025-08-25 16:00:00+00:00,24.8,93.0,11.8,16.8,16.8,20.2,66.0,904.0,3.4,86,16,0,8
2025-08-25 17:00:00+00:00,25.0,90.0,11.9,24.7,24.7,24.2,52.0,986.0,3.6,86,17,0,8
2025-08-25 18:00:00+00:00,23.8,94.0,16.8,21.1,21.1,23.8,51.0,991.0,3.6,86,18,0,8
2025-08-25 19:00:00+00:00,23.2,92.0,14.5,19.0,19.0,23.1,50.0,952.0,3.7,85,19,0,8
2025-08-25 20:00:00+00:00,22.9,94.0,10.5,18.3,18.3,22.1,49.0,888.0,3.7,83,20,0,8
2025-08-25 21:00:00+00:00,22.9,95.0,9.7,17.6,17.7,20.7,49.0,795.0,3.6,82,21,0,8
2025-08-25 22:00:00+00:00,23.0,96.0,8.9,17.5,17.5,18.9,49.0,676.0,3.5,80,22,0,8
2025-08-25 23:00:00+00:00,23.1,96.0,8.3,16.2,16.2,16.9,50.0,568.0,3.3,78,23,0,8
2025-08-26 00:00:00+00:00,23.2,96.0,9.4,13.8,13.8,14.2,53.0,475.0,2.9,76,0,1,8
2025-08-26 01:00:00+00:00,23.3,95.0,13.0,11.2,11.2,11.2,57.0,392.0,2.4,74,1,1,8
2025-08-26 02:00:00+00:00,23.3,95.0,13.2,10.0,10.0,9.2,60.0,336.0,2.1,71,2,1,8
2025-08-26 03:00:00+00:00,23.2,95.0,13.4,10.2,10.2,8.3,60.0,305.0,2.1,69,3,1,8
2025-08-26 04:00:00+00:00,23.1,95.0,10.1,10.6,10.6,8.4,59.0,303.0,2.3,68,4,1,8
2025-08-26 05:00:00+00:00,23.1,96.0,8.8,9.5,9.5,12.1,52.0,352.0,2.7,67,5,1,8
2025-08-26 06:00:00+00:00,23.4,94.0,9.5,9.3,9.3,15.1,48.0,508.0,2.8,65,6,1,8
2025-08-26 07:00:00+00:00,23.9,92.0,10.4,10.4,10.4,19.2,44.0,716.0,3.0,64,7,1,8
2025-08-26 08:00:00+00:00,24.9,90.0,7.3,11.1,11.1,21.6,42.0,840.0,3.3,63,8,1,8
2025-08-26 09:00:00+00:00,26.5,83.0,5.5,10.7,10.7,20.5,44.0,796.0,3.9,62,9,1,8
2025-08-26 10:00:00+00:00,27.2,82.0,7.1,10.2,10.2,17.7,50.0,668.0,4.6,61,10,1,8
2025-08-26 11:00:00+00:00,26.7,86.0,7.5,10.5,10.5,15.5,58.0,576.0,5.3,60,11,1,8
2025-08-26 12:00:00+00:00,26.9,88.0,6.7,11.7,11.7,14.6,71.0,568.0,5.9,60,12,1,8
2025-08-26 13:00:00+00:00,28.8,84.0,10.2,14.1,14.1,14.4,88.0,596.0,6.4,59,13,1,8
2025-08-26 14:00:00+00:00,27.0,89.0,11.8,16.4,16.4,15.6,99.0,638.0,6.8,59,14,1,8
2025-08-26 15:00:00+00:00,27.7,84.0,11.9,18.5,18.5,19.1,103.0,696.0,7.0,59,15,1,8
2025-08-26 16:00:00+00:00,28.0,84.0,10.5,19.1,19.1,24.1,101.0,768.0,7.1,60,16,1,8
2025-08-26 17:00:00+00:00,27.0,88.0,13.1,31.4,31.9,25.2,91.0,830.0,4.7,60,17,1,8
2025-08-26 18:00:00+00:00,26.9,89.0,10.4,32.7,33.1,29.3,81.0,876.0,5.4,60,18,1,8
2025-08-26 19:00:00+00:00,26.5,91.0,9.9,37.1,37.5,34.7,68.0,911.0,6.3,61,19,1,8
2025-08-26 20:00:00+00:00,26.3,93.0,8.7,35.2,35.6,37.6,58.0,925.0,7.0,63,20,1,8
2025-08-26 21:00:00+00:00,26.1,94.0,7.0,35.9,36.4,36.0,54.0,917.0,7.4,64,21,1,8
2025-08-26 22:00:00+00:00,26.1,94.0,7.8,38.2,38.9,31.9,53.0,887.0,7.7,66,22,1,8
2025-08-26 23:00:00+00:00,26.0,91.0,9.1,39.1,40.2,27.4,55.0,828.0,7.6,67,23,1,8
2025-08-27 00:00:00+00:00,25.6,95.0,8.8,35.9,37.4,22.6,60.0,717.0,7.0,69,0,2,8
2025-08-27 01:00:00+00:00,25.5,96.0,7.1,31.3,32.9,17.5,68.0,576.0,6.1,71,1,2,8
2025-08-27 02:00:00+00:00,25.4,96.0,7.2,28.1,29.2,13.6,73.0,464.0,5.4,72,2,2,8
2025-08-27 03:00:00+00:00,25.4,96.0,10.7,20.7,21.2,11.6,74.0,392.0,5.1,74,3,2,8
2025-08-27 04:00:00+00:00,25.2,96.0,12.3,14.8,15.0,10.9,73.0,349.0,5.1,75,4,2,8
2025-08-27 05:00:00+00:00,25.0,98.0,9.5,8.7,9.4,9.7,75.0,365.0,4.1,75,5,2,8
2025-08-27 06:00:00+00:00,25.0,96.0,7.5,10.2,10.5,11.6,72.0,496.0,5.1,75,6,2,8
2025-08-27 07:00:00+00:00,25.4,96.0,6.6,12.0,12.2,14.1,68.0,686.0,6.4,75,7,2,8
2025-08-27 08:00:00+00:00,26.0,95.0,7.1,13.7,14.0,15.0,72.0,797.0,7.4,75,8,2,8
2025-08-27 09:00:00+00:00,26.4,91.0,9.0,17.6,17.9,13.0,89.0,746.0,7.8,75,9,2,8
2025-08-27 10:00:00+00:00,27.9,85.0,10.1,18.6,19.3,9.4,114.0,617.0,7.9,76,10,2,8
2025-08-27 11:00:00+00:00,29.5,77.0,10.6,19.6,20.5,6.6,135.0,517.0,7.8,76,11,2,8
2025-08-27 12:00:00+00:00,30.4,73.0,9.0,20.5,21.4,4.8,149.0,483.0,7.4,77,12,2,8
2025-08-27 13:00:00+00:00,31.0,70.0,7.4,22.4,23.0,3.8,159.0,479.0,6.8,78,13,2,8
2025-08-27 14:00:00+00:00,31.3,71.0,5.6,24.3,24.7,4.8,161.0,509.0,6.3,78,14,2,8
2025-08-27 15:00:00+00:00,31.4,71.0,5.6,25.8,26.2,7.5,152.0,501.0,5.8,79,15,2,8
2025-08-27 16:00:00+00:00,31.1,72.0,5.9,24.6,24.9,12.2,134.0,528.0,5.5,86,16,2,8
2025-08-27 17:00:00+00:00,30.2,78.0,8.1,42.3,44.1,13.3,131.0,811.0,6.6,99,17,2,8
2025-08-27 18:00:00+00:00,29.5,79.0,5.4,46.9,48.1,32.0,103.0,1605.0,7.5,108,18,2,8
2025-08-27 19:00:00+00:00,28.3,85.0,5.3,54.5,55.4,57.8,63.0,2654.0,8.9,106,19,2,8
2025-08-27 20:00:00+00:00,27.5,89.0,4.2,63.1,63.8,77.7,32.0,3421.0,10.2,90,20,2,8
2025-08-27 21:00:00+00:00,27.2,92.0,5.5,73.8,74.3,87.0,16.0,3739.0,11.6,86,21,2,8
2025-08-27 22:00:00+00:00,26.8,93.0,4.9,83.1,83.8,90.5,9.0,3773.0,13.0,89,22,2,8
2025-08-27 23:00:00+00:00,26.7,93.0,5.4,88.5,88.9,88.8,7.0,3480.0,13.7,92,23,2,8
2025-08-28 00:00:00+00:00,26.5,94.0,5.3,88.9,89.4,80.5,11.0,2630.0,12.9,96,0,3,8
2025-08-28 01:00:00+00:00,26.4,95.0,6.3,80.1,80.3,67.1,20.0,1452.0,11.4,100,1,3,8
2025-08-28 02:00:00+00:00,26.2,96.0,5.9,69.8,70.1,54.0,30.0,595.0,10.3,105,2,3,8
2025-08-28 03:00:00+00:00,26.1,97.0,6.1,58.2,58.7,42.0,41.0,362.0,10.1,110,3,3,8
2025-08-28 04:00:00+00:00,25.9,97.0,9.7,54.2,54.6,30.3,52.0,450.0,10.3,114,4,3,8
2025-08-28 05:00:00+00:00,25.4,99.0,5.9,66.1,66.6,27.1,39.0,596.0,12.0,118,5,3,8
2025-08-28 06:00:00+00:00,25.9,97.0,5.6,60.5,61.2,26.5,43.0,771.0,11.6,124,6,3,8
2025-08-28 07:00:00+00:00,26.7,94.0,4.4,56.5,57.2,25.5,50.0,1003.0,10.9,129,7,3,8
2025-08-28 08:00:00+00:00,27.9,90.0,2.7,36.3,36.9,23.4,65.0,1115.0,10.5,133,8,3,8
2025-08-28 09:00:00+00:00,29.3,84.0,3.8,27.1,27.7,19.2,94.0,984.0,10.5,136,9,3,8
2025-08-28 10:00:00+00:00,30.4,78.0,6.5,29.6,30.3,13.9,130.0,733.0,10.7,137,10,3,8
2025-08-28 11:00:00+00:00,31.3,73.0,6.5,31.9,32.6,9.6,160.0,545.0,10.6,138,11,3,8
2025-08-28 12:00:00+00:00,32.0,69.0,5.6,32.9,33.6,6.8,177.0,491.0,9.8,139,12,3,8
2025-08-28 13:00:00+00:00,32.8,66.0,4.3,34.0,34.8,5.0,187.0,500.0,8.7,141,13,3,8
2025-08-28 14:00:00+00:00,33.2,64.0,3.2,35.0,36.0,4.8,192.0,547.0,7.9,142,14,3,8
2025-08-28 15:00:00+00:00,33.2,63.0,3.4,37.3,38.2,4.7,194.0,569.0,7.8,143,15,3,8
2025-08-28 16:00:00+00:00,32.9,63.0,3.9,37.1,38.1,6.2,190.0,629.0,8.0,144,16,3,8
2025-08-28 17:00:00+00:00,32.4,66.0,4.2,41.9,43.4,11.3,169.0,887.0,9.3,148,17,3,8
2025-08-28 18:00:00+00:00,30.5,82.0,2.5,46.6,47.7,30.4,133.0,1613.0,9.9,161,18,3,8
2025-08-28 19:00:00+00:00,29.4,88.0,2.7,53.8,54.7,56.5,84.0,2538.0,10.8,161,19,3,8
2025-08-28 20:00:00+00:00,29.0,90.0,2.2,60.3,61.0,73.8,47.0,3012.0,11.3,149,20,3,8
2025-08-28 21:00:00+00:00,28.6,89.0,5.5,66.8,67.5,74.7,33.0,2612.0,11.1,145,21,3,8
2025-08-28 22:00:00+00:00,28.4,90.0,5.1,62.2,62.6,66.8,31.0,1762.0,10.5,144,22,3,8
2025-08-28 23:00:00+00:00,28.2,91.0,7.6,54.7,55.1,57.6,32.0,1079.0,9.8,142,23,3,8
2025-08-29 00:00:00+00:00,27.9,91.0,7.9,50.1,50.4,48.6,35.0,819.0,8.8,139,0,4,8
2025-08-29 01:00:00+00:00,27.5,91.0,8.1,48.8,49.1,38.2,41.0,726.0,7.6,134,1,4,8
2025-08-29 02:00:00+00:00,26.9,92.0,12.1,43.0,43.7,29.2,48.0,653.0,6.7,131,2,4,8
2025-08-29 03:00:00+00:00,26.4,94.0,9.5,38.8,39.7,22.3,54.0,534.0,6.2,128,3,4,8
2025-08-29 04:00:00+00:00,26.0,95.0,9.9,35.2,36.0,16.8,61.0,435.0,6.1,126,4,4,8
2025-08-29 05:00:00+00:00,24.9,97.0,6.5,61.5,61.9,26.2,39.0,405.0,11.1,124,5,4,8
2025-08-29 06:00:00+00:00,26.9,94.0,9.0,59.3,59.6,25.9,47.0,509.0,11.3,124,6,4,8
2025-08-29 07:00:00+00:00,27.3,93.0,8.0,51.5,51.7,25.2,60.0,682.0,11.6,124,7,4,8
2025-08-29 08:00:00+00:00,27.4,89.0,10.0,43.7,43.9,23.2,76.0,781.0,11.3,123,8,4,8
2025-08-29 09:00:00+00:00,28.3,85.0,11.5,34.0,34.2,18.5,98.0,722.0,10.2,124,9,4,8
2025-08-29 10:00:00+00:00,29.6,82.0,10.9,27.9,28.1,12.4,123.0,588.0,8.5,125,10,4,8
2025-08-29 11:00:00+00:00,30.5,78.0,8.9,27.8,27.9,7.7,143.0,491.0,7.1,125,11,4,8
2025-08-29 12:00:00+00:00,31.5,75.0,6.4,26.8,27.0,5.3,155.0,467.0,6.2,124,12,4,8
2025-08-29 13:00:00+00:00,32.1,72.0,5.2,25.1,25.2,4.4,162.0,479.0,5.4,124,13,4,8
2025-08-29 14:00:00+00:00,32.2,73.0,4.8,22.1,22.2,5.2,162.0,527.0,4.9,123,14,4,8
2025-08-29 15:00:00+00:00,32.5,73.0,2.7,19.3,19.4,7.1,152.0,626.0,4.4,121,15,4,8
2025-08-29 16:00:00+00:00,29.7,82.0,4.0,17.2,17.2,10.6,135.0,761.0,4.1,119,16,4,8
2025-08-29 17:00:00+00:00,29.6,82.0,7.0,32.0,32.6,21.0,94.0,889.0,4.0,117,17,4,8
2025-08-29 18:00:00+00:00,27.7,91.0,7.5,31.3,31.8,30.3,76.0,1021.0,4.8,116,18,4,8
2025-08-29 19:00:00+00:00,27.4,92.0,5.2,31.5,31.9,42.7,52.0,1145.0,5.9,115,19,4,8
2025-08-29 20:00:00+00:00,27.3,93.0,9.2,36.3,36.7,48.9,38.0,1181.0,6.6,112,20,4,8
2025-08-29 21:00:00+00:00,27.3,94.0,7.9,33.3,33.6,43.0,43.0,1064.0,6.6,110,21,4,8
2025-08-29 22:00:00+00:00,27.3,94.0,10.6,31.2,31.5,30.8,58.0,859.0,6.4,106,22,4,8
2025-08-29 23:00:00+00:00,27.2,93.0,11.5,28.4,28.8,21.0,69.0,676.0,6.3,103,23,4,8
2025-08-30 00:00:00+00:00,26.9,92.0,11.8,25.4,25.8,16.8,73.0,548.0,6.8,100,0,5,8
2025-08-30 01:00:00+00:00,26.7,92.0,11.0,25.6,26.1,14.9,73.0,442.0,7.5,98,1,5,8
2025-08-30 02:00:00+00:00,25.6,95.0,11.7,27.6,27.9,13.9,72.0,373.0,8.0,97,2,5,8
2025-08-30 03:00:00+00:00,25.2,97.0,12.8,28.5,28.9,13.2,70.0,344.0,8.0,95,3,5,8
2025-08-30 04:00:00+00:00,25.5,95.0,12.1,29.2,29.6,13.3,66.0,351.0,7.7,95,4,5,8
2025-08-30 05:00:00+00:00,25.2,96.0,11.1,39.3,39.3,18.0,50.0,402.0,12.0,94,5,5,8
2025-08-30 06:00:00+00:00,25.1,97.0,12.5,36.1,36.1,21.3,46.0,537.0,12.6,92,6,5,8
2025-08-30 07:00:00+00:00,25.7,94.0,10.4,36.8,36.9,25.6,40.0,715.0,13.4,90,7,5,8
2025-08-30 08:00:00+00:00,26.1,93.0,11.3,37.8,38.0,27.5,43.0,821.0,14.0,89,8,5,8
2025-08-30 09:00:00+00:00,27.6,87.0,9.7,38.6,39.0,24.6,60.0,779.0,14.5,89,9,5,8
2025-08-30 10:00:00+00:00,27.7,85.0,9.3,35.6,36.3,19.2,86.0,664.0,14.9,89,10,5,8
2025-08-30 11:00:00+00:00,28.3,86.0,8.0,32.7,33.3,14.8,107.0,586.0,14.7,90,11,5,8
2025-08-30 12:00:00+00:00,29.2,84.0,8.2,29.6,30.2,12.4,121.0,589.0,13.5,90,12,5,8
2025-08-30 13:00:00+00:00,28.5,83.0,8.5,28.2,28.6,10.9,130.0,628.0,11.8,90,13,5,8
2025-08-30 14:00:00+00:00,28.8,82.0,7.8,27.1,27.4,10.7,135.0,683.0,10.3,91,14,5,8
2025-08-30 15:00:00+00:00,28.6,84.0,8.2,25.7,26.0,9.8,136.0,730.0,9.1,91,15,5,8
2025-08-30 16:00:00+00:00,28.6,84.0,8.7,25.6,25.9,10.3,132.0,791.0,8.1,92,16,5,8
2025-08-30 17:00:00+00:00,28.3,85.0,7.8,25.6,25.9,19.9,94.0,914.0,7.5,92,17,5,8
2025-08-30 18:00:00+00:00,26.5,92.0,7.4,30.7,31.0,30.5,77.0,1172.0,8.0,92,18,5,8
2025-08-30 19:00:00+00:00,25.9,95.0,7.3,36.2,36.4,45.1,54.0,1492.0,8.7,92,19,5,8
2025-08-30 20:00:00+00:00,25.7,95.0,5.6,39.2,39.5,55.7,35.0,1697.0,9.3,92,20,5,8
2025-08-30 21:00:00+00:00,25.6,96.0,4.8,43.5,43.8,58.5,25.0,1709.0,9.6,92,21,5,8
2025-08-30 22:00:00+00:00,25.5,96.0,5.3,46.6,46.8,57.4,20.0,1606.0,9.9,93,22,5,8
2025-08-30 23:00:00+00:00,25.5,96.0,5.7,51.2,51.5,55.4,17.0,1451.0,9.9,94,23,5,8
2025-08-31 00:00:00+00:00,25.6,96.0,5.6,54.0,54.2,54.1,15.0,1225.0,9.7,96,0,6,8
2025-08-31 01:00:00+00:00,25.6,96.0,6.3,56.1,56.3,52.0,15.0,946.0,9.3,98,1,6,8
2025-08-31 02:00:00+00:00,25.7,96.0,6.5,54.7,54.8,48.1,17.0,734.0,9.0,101,2,6,8
2025-08-31 03:00:00+00:00,25.1,95.0,11.5,50.3,50.5,40.9,23.0,613.0,8.9,104,3,6,8
2025-08-31 04:00:00+00:00,24.8,96.0,8.5,47.4,47.6,31.8,32.0,559.0,8.8,106,4,6,8
2025-08-31 05:00:00+00:00,24.7,97.0,5.5,47.3,47.6,25.2,40.0,620.0,8.4,108,5,6,8
2025-08-31 06:00:00+00:00,25.0,98.0,6.9,48.7,49.0,26.3,43.0,908.0,9.2,109,6,6,8
2025-08-31 07:00:00+00:00,25.0,98.0,5.7,48.5,48.9,27.7,48.0,1311.0,10.2,110,7,6,8
2025-08-31 08:00:00+00:00,25.0,98.0,6.6,42.3,42.5,27.9,55.0,1538.0,10.8,111,8,6,8
2025-08-31 09:00:00+00:00,25.2,96.0,10.5,36.9,37.1,25.6,64.0,1418.0,10.4,112,9,6,8
2025-08-31 10:00:00+00:00,25.6,95.0,6.2,30.4,30.6,22.1,75.0,1122.0,9.5,112,10,6,8
2025-08-31 11:00:00+00:00,25.7,94.0,7.8,27.0,27.2,19.3,85.0,878.0,8.9,111,11,6,8
2025-08-31 12:00:00+00:00,25.8,90.0,7.8,26.2,26.3,18.0,97.0,752.0,9.0,111,12,6,8
2025-08-31 13:00:00+00:00,26.2,89.0,10.0,26.3,26.4,17.5,109.0,678.0,9.4,110,13,6,8
2025-08-31 14:00:00+00:00,26.5,86.0,10.3,27.6,27.7,17.8,114.0,683.0,9.8,110,14,6,8
2025-08-31 15:00:00+00:00,25.8,91.0,9.2,26.3,26.3,19.0,110.0,830.0,9.8,110,15,6,8
2025-08-31 16:00:00+00:00,26.6,86.0,8.9,24.9,24.9,21.1,99.0,1056.0,9.7,110,16,6,8
2025-08-31 17:00:00+00:00,26.0,90.0,8.8,39.7,39.7,15.4,97.0,1203.0,14.9,110,17,6,8
2025-08-31 18:00:00+00:00,25.8,93.0,8.8,41.4,41.4,23.6,80.0,1195.0,15.0,111,18,6,8
2025-08-31 19:00:00+00:00,25.2,95.0,9.3,43.3,43.4,34.5,56.0,1107.0,15.2,113,19,6,8
2025-08-31 20:00:00+00:00,25.1,95.0,10.4,45.1,45.1,40.3,41.0,1012.0,14.8,113,20,6,8
2025-08-31 21:00:00+00:00,24.9,96.0,8.7,42.6,42.6,35.7,44.0,933.0,13.5,114,21,6,8
2025-08-31 22:00:00+00:00,24.8,96.0,7.8,35.4,35.5,26.0,55.0,847.0,11.6,114,22,6,8
2025-08-31 23:00:00+00:00,24.6,96.0,7.8,28.5,28.5,18.5,63.0,751.0,10.1,113,23,6,8
2025-09-01 00:00:00+00:00,24.5,96.0,8.2,26.1,26.1,16.5,61.0,632.0,9.4,110,0,0,9
2025-09-01 01:00:00+00:00,24.6,96.0,7.9,27.0,27.0,16.7,56.0,505.0,9.0,107,1,0,9
2025-09-01 02:00:00+00:00,23.3,98.0,11.1,27.2,27.2,16.8,53.0,409.0,8.7,104,2,0,9
2025-09-01 03:00:00+00:00,23.1,98.0,9.7,28.4,28.5,15.7,54.0,350.0,8.3,102,3,0,9
2025-09-01 04:00:00+00:00,23.0,97.0,12.1,28.3,28.3,14.4,58.0,323.0,7.9,99,4,0,9
2025-09-01 05:00:00+00:00,22.6,97.0,11.5,10.2,10.2,12.9,60.0,354.0,6.9,98,5,0,9
2025-09-01 06:00:00+00:00,24.0,94.0,8.0,10.1,10.2,14.5,59.0,501.0,7.0,95,6,0,9
2025-09-01 07:00:00+00:00,24.7,93.0,6.1,11.2,11.2,16.5,59.0,705.0,7.1,92,7,0,9
2025-09-01 08:00:00+00:00,25.4,89.0,11.4,14.2,14.2,17.0,66.0,816.0,7.6,89,8,0,9
2025-09-01 09:00:00+00:00,26.3,85.0,12.3,17.9,17.9,14.7,86.0,742.0,9.0,87,9,0,9
2025-09-01 10:00:00+00:00,27.2,80.0,10.6,21.0,21.0,10.9,113.0,576.0,10.7,85,10,0,9
2025-09-01 11:00:00+00:00,28.2,76.0,11.8,23.3,23.3,7.8,137.0,444.0,11.8,85,11,0,9
2025-09-01 12:00:00+00:00,28.6,76.0,11.8,25.5,25.6,5.8,156.0,386.0,11.6,84,12,0,9
2025-09-01 13:00:00+00:00,29.2,74.0,11.4,25.6,25.7,4.6,172.0,363.0,10.6,84,13,0,9
2025-09-01 14:00:00+00:00,27.8,80.0,9.0,26.2,26.3,5.0,177.0,385.0,9.7,84,14,0,9
2025-09-01 15:00:00+00:00,28.5,78.0,9.8,27.4,27.5,6.9,167.0,472.0,8.9,84,15,0,9
2025-09-01 16:00:00+00:00,28.5,80.0,9.6,23.4,23.5,10.4,146.0,604.0,8.1,95,16,0,9
2025-09-01 17:00:00+00:00,28.1,80.0,9.6,17.9,17.9,8.6,122.0,726.0,10.3,112,17,0,9
2025-09-01 18:00:00+00:00,26.3,83.0,9.1,17.9,17.9,12.8,106.0,837.0,10.3,120,18,0,9
2025-09-01 19:00:00+00:00,25.6,85.0,10.4,18.5,18.5,18.4,83.0,938.0,10.2,118,19,0,9
2025-09-01 20:00:00+00:00,25.3,82.0,14.5,19.0,19.0,22.0,66.0,978.0,10.1,107,20,0,9
2025-09-01 21:00:00+00:00,24.4,87.0,16.1,19.3,19.3,21.7,58.0,915.0,9.8,88,21,0,9
2025-09-01 22:00:00+00:00,23.9,92.0,19.1,20.4,20.5,19.3,56.0,792.0,9.4,75,22,0,9
2025-09-01 23:00:00+00:00,23.5,94.0,17.4,20.0,20.1,17.0,55.0,680.0,9.1,73,23,0,9
2025-09-02 00:00:00+00:00,23.5,94.0,13.8,19.1,19.2,15.2,55.0,600.0,8.9,73,0,1,9
2025-09-02 01:00:00+00:00,23.5,93.0,13.9,18.5,18.6,13.4,58.0,532.0,8.7,72,1,1,9
2025-09-02 02:00:00+00:00,23.2,95.0,13.9,18.2,18.2,12.3,59.0,489.0,8.4,72,2,1,9
2025-09-02 03:00:00+00:00,23.1,95.0,13.3,17.7,17.8,11.8,59.0,463.0,8.1,71,3,1,9
2025-09-02 04:00:00+00:00,23.0,96.0,9.1,17.2,17.3,11.8,59.0,462.0,7.7,70,4,1,9
2025-09-02 05:00:00+00:00,22.8,96.0,12.1,16.9,17.0,13.0,60.0,530.0,7.1,69,5,1,9
2025-09-02 06:00:00+00:00,23.3,89.0,11.7,16.8,16.9,16.0,57.0,757.0,7.2,70,6,1,9
2025-09-02 07:00:00+00:00,23.8,87.0,9.4,19.1,19.2,20.0,54.0,1053.0,7.3,70,7,1,9
2025-09-02 08:00:00+00:00,24.3,88.0,7.8,20.3,20.4,21.6,57.0,1187.0,7.4,71,8,1,9
2025-09-02 09:00:00+00:00,25.1,83.0,8.8,19.5,19.7,18.5,72.0,997.0,7.4,71,9,1,9
2025-09-02 10:00:00+00:00,26.2,78.0,11.9,18.7,18.9,13.0,93.0,644.0,7.3,71,10,1,9
2025-09-02 11:00:00+00:00,27.6,72.0,14.1,18.2,18.3,9.0,106.0,383.0,7.2,71,11,1,9
2025-09-02 12:00:00+00:00,27.5,74.0,12.6,16.9,17.1,8.1,103.0,319.0,7.0,71,12,1,9
2025-09-02 13:00:00+00:00,27.8,74.0,13.5,14.5,14.6,8.7,93.0,346.0,6.8,70,13,1,9
2025-09-02 14:00:00+00:00,27.4,74.0,14.2,14.5,14.5,10.2,83.0,400.0,6.8,69,14,1,9
2025-09-02 15:00:00+00:00,26.6,79.0,13.8,15.5,15.5,12.9,78.0,471.0,7.2,68,15,1,9
2025-09-02 16:00:00+00:00,26.2,85.0,11.2,17.6,17.6,16.5,73.0,570.0,7.9,67,16,1,9
2025-09-02 17:00:00+00:00,26.1,85.0,8.1,22.4,22.6,11.5,91.0,664.0,5.6,67,17,1,9
2025-09-02 18:00:00+00:00,26.1,86.0,8.9,27.5,27.6,16.8,78.0,762.0,6.9,67,18,1,9
2025-09-02 19:00:00+00:00,25.6,88.0,10.0,28.9,29.0,24.0,61.0,855.0,8.7,68,19,1,9
2025-09-02 20:00:00+00:00,25.1,89.0,11.5,29.9,30.0,28.7,48.0,890.0,10.2,69,20,1,9
2025-09-02 21:00:00+00:00,24.8,91.0,10.0,30.6,30.7,28.5,43.0,827.0,11.1,70,21,1,9
2025-09-02 22:00:00+00:00,24.5,92.0,9.3,31.2,31.3,25.9,42.0,705.0,11.6,71,22,1,9
2025-09-02 23:00:00+00:00,24.1,93.0,8.7,30.9,31.0,23.4,42.0,590.0,11.8,72,23,1,9
2025-09-03 00:00:00+00:00,23.8,93.0,9.0,29.7,29.8,22.0,40.0,497.0,11.4,72,0,2,9
2025-09-03 01:00:00+00:00,23.6,93.0,8.5,28.8,28.8,20.7,39.0,410.0,10.5,73,1,2,9
2025-09-03 02:00:00+00:00,23.7,92.0,8.8,27.4,27.5,19.6,38.0,348.0,9.8,74,2,2,9
2025-09-03 03:00:00+00:00,23.5,89.0,9.9,25.7,25.8,18.6,38.0,306.0,9.3,75,3,2,9
2025-09-03 04:00:00+00:00,23.2,89.0,10.0,23.8,23.9,17.8,39.0,290.0,8.8,75,4,2,9
2025-09-03 05:00:00+00:00,22.6,92.0,12.0,19.9,20.1,17.0,40.0,331.0,8.8,76,5,2,9
2025-09-03 06:00:00+00:00,22.7,94.0,10.6,19.7,19.9,19.2,39.0,490.0,8.6,76,6,2,9
2025-09-03 07:00:00+00:00,23.6,93.0,11.1,20.7,20.8,22.1,37.0,707.0,8.3,76,7,2,9
2025-09-03 08:00:00+00:00,24.7,89.0,10.2,19.3,19.3,23.1,40.0,837.0,8.1,76,8,2,9
2025-09-03 09:00:00+00:00,24.7,85.0,10.6,18.1,18.2,20.5,50.0,793.0,8.2,76,9,2,9
2025-09-03 10:00:00+00:00,26.6,78.0,8.9,16.4,16.4,16.0,64.0,662.0,8.3,76,10,2,9
2025-09-03 11:00:00+00:00,28.2,74.0,10.7,15.1,15.2,12.1,77.0,557.0,7.9,76,11,2,9
2025-09-03 12:00:00+00:00,29.0,69.0,9.2,16.0,16.1,9.4,90.0,516.0,6.4,76,12,2,9
2025-09-03 13:00:00+00:00,28.8,70.0,12.1,15.1,15.2,7.4,102.0,501.0,4.3,76,13,2,9
2025-09-03 14:00:00+00:00,28.5,73.0,9.9,14.1,14.2,7.0,111.0,516.0,3.1,76,14,2,9
2025-09-03 15:00:00+00:00,27.7,78.0,12.2,13.6,13.9,7.7,116.0,559.0,3.3,76,15,2,9
2025-09-03 16:00:00+00:00,26.6,84.0,7.6,14.8,15.0,9.9,117.0,632.0,4.4,76,16,2,9
2025-09-03 17:00:00+00:00,25.5,86.0,9.5,22.5,22.8,17.0,93.0,739.0,4.6,75,17,2,9
2025-09-03 18:00:00+00:00,25.6,90.0,7.1,24.7,25.0,29.3,75.0,913.0,6.3,75,18,2,9
2025-09-03 19:00:00+00:00,25.0,93.0,4.5,29.1,29.3,46.2,51.0,1122.0,8.6,75,19,2,9
2025-09-03 20:00:00+00:00,24.8,93.0,3.4,35.6,35.9,57.9,32.0,1275.0,10.5,75,20,2,9
2025-09-03 21:00:00+00:00,24.6,93.0,5.2,42.1,42.3,60.4,24.0,1348.0,11.5,76,21,2,9
2025-09-03 22:00:00+00:00,24.4,93.0,5.7,42.8,43.0,57.8,21.0,1364.0,12.1,77,22,2,9
2025-09-03 23:00:00+00:00,24.4,94.0,6.1,41.0,41.1,52.9,22.0,1307.0,12.4,78,23,2,9
2025-09-04 00:00:00+00:00,24.4,94.0,6.7,38.3,38.4,45.1,27.0,1127.0,12.4,78,0,3,9
2025-09-04 01:00:00+00:00,24.4,94.0,4.5,36.4,36.6,35.1,36.0,874.0,12.1,79,1,3,9
2025-09-04 02:00:00+00:00,24.0,96.0,2.0,33.1,33.5,27.2,43.0,672.0,11.6,80,2,3,9
2025-09-04 03:00:00+00:00,23.7,98.0,4.2,31.0,31.5,23.5,44.0,560.0,10.8,80,3,3,9
2025-09-04 04:00:00+00:00,22.6,99.0,6.9,29.6,30.3,22.0,43.0,499.0,9.8,80,4,3,9
2025-09-04 05:00:00+00:00,22.8,98.0,7.4,30.7,31.3,22.8,37.0,506.0,9.7,81,5,3,9
2025-09-04 06:00:00+00:00,23.7,95.0,4.7,25.0,25.3,23.4,38.0,642.0,11.2,82,6,3,9
2025-09-04 07:00:00+00:00,24.5,92.0,7.1,30.2,30.6,24.1,41.0,846.0,13.1,82,7,3,9
2025-09-04 08:00:00+00:00,25.7,90.0,7.3,29.5,29.7,22.9,50.0,945.0,14.0,83,8,3,9
2025-09-04 09:00:00+00:00,27.2,85.0,6.7,29.4,29.6,18.2,71.0,831.0,13.1,84,9,3,9
2025-09-04 10:00:00+00:00,28.7,80.0,9.4,23.1,23.3,11.6,98.0,612.0,11.2,85,10,3,9
2025-09-04 11:00:00+00:00,29.6,73.0,12.2,16.2,16.5,6.6,116.0,443.0,9.2,85,11,3,9
2025-09-04 12:00:00+00:00,30.4,68.0,11.7,12.0,12.3,4.5,118.0,376.0,7.3,85,12,3,9
2025-09-04 13:00:00+00:00,30.9,66.0,10.8,10.0,10.3,3.9,112.0,359.0,5.4,85,13,3,9
2025-09-04 14:00:00+00:00,31.0,66.0,10.8,8.8,9.2,4.4,106.0,385.0,4.2,84,14,3,9
2025-09-04 15:00:00+00:00,30.9,68.0,10.7,9.3,9.8,3.8,107.0,382.0,4.1,84,15,3,9
2025-09-04 16:00:00+00:00,30.4,68.0,10.1,10.6,11.1,4.3,109.0,422.0,4.7,84,16,3,9
2025-09-04 17:00:00+00:00,29.7,71.0,7.0,7.5,7.5,11.2,95.0,716.0,5.2,83,17,3,9
2025-09-04 18:00:00+00:00,27.3,85.0,3.5,10.4,10.4,21.0,77.0,1521.0,5.8,82,18,3,9
2025-09-04 19:00:00+00:00,26.6,90.0,3.2,14.5,14.5,34.8,52.0,2581.0,6.8,81,19,3,9
2025-09-04 20:00:00+00:00,26.2,91.0,3.6,20.6,20.8,47.2,31.0,3336.0,7.9,80,20,3,9
2025-09-04 21:00:00+00:00,25.8,93.0,3.2,29.0,29.8,56.4,19.0,3535.0,9.4,79,21,3,9
2025-09-04 22:00:00+00:00,25.4,94.0,2.9,39.2,40.3,64.2,11.0,3428.0,11.2,78,22,3,9
2025-09-04 23:00:00+00:00,25.1,96.0,3.3,48.5,49.7,70.2,5.0,3213.0,12.6,77,23,3,9
2025-09-05 00:00:00+00:00,24.8,97.0,3.5,53.7,54.9,74.6,1.0,2889.0,13.5,78,0,4,9
2025-09-05 01:00:00+00:00,24.5,98.0,2.5,55.9,57.2,77.4,0.0,2456.0,14.1,79,1,4,9
2025-09-05 02:00:00+00:00,24.3,98.0,1.4,56.7,57.9,77.8,0.0,2107.0,14.2,81,2,4,9
2025-09-05 03:00:00+00:00,24.1,99.0,2.5,56.8,58.0,75.6,0.0,1928.0,13.5,83,3,4,9
2025-09-05 04:00:00+00:00,24.2,99.0,3.5,54.6,55.8,71.1,0.0,1833.0,12.4,85,4,4,9
2025-09-05 05:00:00+00:00,24.2,98.0,4.8,34.1,35.3,56.2,5.0,1754.0,9.3,87,5,4,9
2025-09-05 06:00:00+00:00,25.3,95.0,4.5,32.0,33.2,50.2,20.0,1703.0,9.8,87,6,4,9
2025-09-05 07:00:00+00:00,26.0,94.0,5.8,33.8,34.9,41.5,42.0,1667.0,10.5,87,7,4,9
2025-09-05 08:00:00+00:00,27.4,89.0,3.9,26.4,27.0,32.7,67.0,1545.0,10.9,88,8,4,9
2025-09-05 09:00:00+00:00,28.9,80.0,5.5,20.1,20.4,23.5,96.0,1233.0,10.7,88,9,4,9
2025-09-05 10:00:00+00:00,30.4,71.0,5.7,16.9,17.2,14.1,128.0,835.0,10.1,87,10,4,9
2025-09-05 11:00:00+00:00,31.3,65.0,4.5,15.5,15.9,7.4,154.0,553.0,9.8,86,11,4,9
2025-09-05 12:00:00+00:00,31.8,62.0,3.1,16.2,16.8,4.8,172.0,482.0,9.8,86,12,4,9
2025-09-05 13:00:00+00:00,32.2,61.0,2.0,17.8,18.6,4.8,184.0,528.0,10.0,87,13,4,9
2025-09-05 14:00:00+00:00,32.6,60.0,0.2,19.8,20.9,5.9,191.0,616.0,10.4,87,14,4,9
2025-09-05 15:00:00+00:00,32.6,58.0,0.6,21.3,22.8,3.9,197.0,566.0,11.0,88,15,4,9
2025-09-05 16:00:00+00:00,32.6,58.0,0.6,22.8,24.4,3.1,199.0,556.0,12.0,119,16,4,9
2025-09-05 17:00:00+00:00,32.2,61.0,1.5,16.7,17.2,14.6,178.0,1050.0,11.6,147,17,4,9
2025-09-05 18:00:00+00:00,30.8,77.0,1.3,25.8,26.3,51.1,137.0,2678.0,14.1,161,18,4,9
2025-09-05 19:00:00+00:00,29.7,79.0,2.0,43.0,43.4,101.3,79.0,4809.0,17.5,163,19,4,9
2025-09-05 20:00:00+00:00,29.2,79.0,0.5,63.8,64.3,138.1,34.0,6008.0,19.9,151,20,4,9
2025-09-05 21:00:00+00:00,28.4,82.0,1.0,78.7,79.4,149.1,14.0,5405.0,20.5,122,21,4,9
2025-09-05 22:00:00+00:00,27.9,84.0,3.0,81.5,82.0,146.6,6.0,3870.0,20.2,102,22,4,9
2025-09-05 23:00:00+00:00,27.3,85.0,3.7,78.5,78.9,140.5,1.0,2581.0,19.3,106,23,4,9
2025-09-06 00:00:00+00:00,27.0,85.0,2.5,77.1,77.5,132.8,0.0,1970.0,17.7,109,0,5,9
2025-09-06 01:00:00+00:00,26.7,86.0,1.5,72.9,73.8,121.5,0.0,1605.0,15.6,112,1,5,9
2025-09-06 02:00:00+00:00,26.4,86.0,1.5,68.5,70.1,110.8,0.0,1363.0,13.9,114,2,5,9
2025-09-06 03:00:00+00:00,26.1,88.0,1.4,63.1,65.7,102.2,0.0,1191.0,12.9,115,3,5,9
2025-09-06 04:00:00+00:00,26.2,89.0,2.5,60.3,63.8,94.2,0.0,1142.0,12.3,116,4,5,9
2025-09-06 05:00:00+00:00,26.2,90.0,1.7,62.4,64.5,92.3,0.0,1254.0,13.7,116,5,5,9
2025-09-06 06:00:00+00:00,27.1,89.0,5.2,63.1,65.7,83.6,11.0,1710.0,13.4,119,6,5,9
2025-09-06 07:00:00+00:00,27.5,89.0,5.2,60.5,63.1,71.2,27.0,2326.0,13.1,122,7,5,9
2025-09-06 08:00:00+00:00,28.3,90.0,4.3,50.6,53.2,59.2,48.0,2591.0,13.1,125,8,5,9
2025-09-06 09:00:00+00:00,30.0,80.0,3.3,39.1,41.0,48.8,74.0,2160.0,13.6,128,9,5,9
2025-09-06 10:00:00+00:00,30.9,72.0,5.8,35.2,36.6,38.8,104.0,1378.0,14.4,130,10,5,9
2025-09-06 11:00:00+00:00,30.4,71.0,7.8,32.1,33.1,29.7,134.0,770.0,15.2,131,11,5,9
2025-09-06 12:00:00+00:00,32.0,63.0,5.8,26.7,27.0,21.0,166.0,534.0,15.9,133,12,5,9
2025-09-06 13:00:00+00:00,32.5,60.0,4.3,24.8,25.1,13.2,198.0,473.0,16.4,134,13,5,9
2025-09-06 14:00:00+00:00,32.7,59.0,2.5,25.6,26.1,8.5,220.0,515.0,16.8,135,14,5,9
2025-09-06 15:00:00+00:00,32.8,59.0,3.1,27.6,28.4,5.2,230.0,594.0,16.6,136,15,5,9
2025-09-06 16:00:00+00:00,32.2,61.0,5.5,29.4,30.3,5.0,229.0,777.0,16.2,136,16,5,9
2025-09-06 17:00:00+00:00,31.5,67.0,5.1,36.2,37.1,22.2,131.0,1197.0,12.6,154,17,5,9
2025-09-06 18:00:00+00:00,29.4,78.0,4.2,36.7,37.6,37.1,104.0,2164.0,12.8,163,18,5,9
2025-09-06 19:00:00+00:00,28.5,82.0,5.2,43.0,43.9,57.9,65.0,3368.0,13.2,163,19,5,9
2025-09-06 20:00:00+00:00,27.9,85.0,7.1,49.7,50.6,75.0,35.0,4018.0,13.9,152,20,5,9
2025-09-06 21:00:00+00:00,27.6,86.0,7.2,59.8,60.5,85.7,20.0,3624.0,15.5,139,21,5,9
2025-09-06 22:00:00+00:00,27.2,87.0,6.9,71.0,71.9,92.7,12.0,2675.0,17.5,137,22,5,9
2025-09-06 23:00:00+00:00,26.8,90.0,3.7,79.9,81.0,94.2,9.0,1849.0,18.4,136,23,5,9
2025-09-07 00:00:00+00:00,26.5,92.0,4.4,78.2,79.2,87.8,9.0,1380.0,17.3,136,0,6,9
2025-09-07 01:00:00+00:00,26.3,93.0,2.6,65.0,65.9,75.8,13.0,1035.0,15.1,136,1,6,9
2025-09-07 02:00:00+00:00,26.2,94.0,2.8,56.7,57.5,63.8,19.0,788.0,13.3,135,2,6,9
2025-09-07 03:00:00+00:00,26.1,95.0,3.1,52.2,53.0,52.2,27.0,641.0,12.4,134,3,6,9
2025-09-07 04:00:00+00:00,26.0,94.0,5.8,47.8,48.7,40.6,38.0,593.0,11.9,133,4,6,9
2025-09-07 05:00:00+00:00,25.5,96.0,2.4,27.5,28.0,15.3,66.0,619.0,6.4,131,5,6,9
2025-09-07 06:00:00+00:00,25.5,94.0,10.1,25.1,25.6,17.4,65.0,777.0,6.7,128,6,6,9
2025-09-07 07:00:00+00:00,25.9,91.0,8.7,25.6,26.2,20.1,64.0,1009.0,7.3,124,7,6,9
2025-09-07 08:00:00+00:00,26.8,88.0,6.1,26.2,26.8,21.7,65.0,1121.0,8.0,120,8,6,9
2025-09-07 09:00:00+00:00,27.9,83.0,6.7,25.7,26.2,21.2,68.0,988.0,9.2,118,9,6,9
2025-09-07 10:00:00+00:00,29.4,75.0,7.6,26.8,27.3,19.4,73.0,734.0,10.7,116,10,6,9
2025-09-07 11:00:00+00:00,30.5,74.0,7.2,30.0,30.5,17.3,82.0,539.0,11.7,115,11,6,9
2025-09-07 12:00:00+00:00,31.3,72.0,7.9,32.7,33.2,14.2,99.0,457.0,12.0,115,12,6,9
2025-09-07 13:00:00+00:00,31.4,73.0,6.6,34.6,35.2,10.7,119.0,433.0,11.8,116,13,6,9
2025-09-07 14:00:00+00:00,31.3,74.0,5.6,34.2,35.2,9.6,132.0,479.0,11.5,117,14,6,9
2025-09-07 15:00:00+00:00,30.6,77.0,7.6,33.3,34.6,10.2,134.0,525.0,11.0,118,15,6,9
2025-09-07 16:00:00+00:00,30.0,80.0,5.5,32.7,34.2,13.2,127.0,642.0,10.3,118,16,6,9
2025-09-07 17:00:00+00:00,29.7,81.0,3.0,28.6,29.0,13.1,121.0,1050.0,8.8,119,17,6,9
2025-09-07 18:00:00+00:00,26.2,88.0,3.9,31.3,31.7,24.9,98.0,2074.0,9.0,118,18,6,9
2025-09-07 19:00:00+00:00,26.0,91.0,4.7,37.1,37.5,41.3,66.0,3388.0,9.2,117,19,6,9
2025-09-07 20:00:00+00:00,26.1,92.0,2.5,40.9,41.2,54.2,41.0,4243.0,9.6,117,20,6,9
2025-09-07 21:00:00+00:00,26.1,92.0,3.5,41.1,41.4,60.1,28.0,4275.0,10.4,116,21,6,9
2025-09-07 22:00:00+00:00,25.9,93.0,4.2,45.4,45.9,62.5,22.0,3848.0,11.3,114,22,6,9
2025-09-07 23:00:00+00:00,25.8,93.0,3.8,50.1,50.5,63.3,18.0,3294.0,11.7,111,23,6,9
2025-09-08 00:00:00+00:00,25.7,94.0,4.1,53.3,53.8,63.2,16.0,2622.0,11.2,108,0,0,9
2025-09-08 01:00:00+00:00,25.6,95.0,3.8,51.3,51.8,61.6,16.0,1825.0,10.2,105,1,0,9
2025-09-08 02:00:00+00:00,25.5,95.0,4.0,47.7,48.2,58.5,18.0,1212.0,9.3,104,2,0,9
2025-09-08 03:00:00+00:00,25.5,95.0,4.9,47.6,48.1,53.1,19.0,930.0,8.7,103,3,0,9
2025-09-08 04:00:00+00:00,25.5,95.0,6.4,46.8,47.3,46.1,21.0,833.0,8.2,103,4,0,9
2025-09-08 05:00:00+00:00,25.3,96.0,3.5,25.1,25.4,26.2,41.0,796.0,7.4,102,5,0,9
2025-09-08 06:00:00+00:00,23.9,98.0,8.0,23.7,23.9,23.9,49.0,811.0,6.8,102,6,0,9
2025-09-08 07:00:00+00:00,24.5,94.0,11.1,18.4,18.6,20.6,61.0,887.0,6.1,102,7,0,9
2025-09-08 08:00:00+00:00,25.5,91.0,5.6,12.4,12.5,17.4,74.0,921.0,5.7,101,8,0,9
2025-09-08 09:00:00+00:00,26.2,88.0,3.6,13.6,13.7,14.3,90.0,863.0,6.0,100,9,0,9
2025-09-08 10:00:00+00:00,27.5,84.0,8.6,16.5,16.6,11.3,108.0,764.0,6.6,99,10,0,9
2025-09-08 11:00:00+00:00,28.2,83.0,7.0,19.5,19.7,8.9,124.0,676.0,7.0,98,11,0,9
2025-09-08 12:00:00+00:00,29.0,81.0,6.5,21.6,21.8,6.9,140.0,595.0,6.9,97,12,0,9
2025-09-08 13:00:00+00:00,29.7,80.0,5.0,23.2,23.4,5.4,154.0,524.0,6.6,96,13,0,9
2025-09-08 14:00:00+00:00,30.3,78.0,5.3,23.9,24.1,5.9,159.0,527.0,6.2,96,14,0,9
2025-09-08 15:00:00+00:00,30.5,78.0,6.4,25.0,25.3,7.7,151.0,542.0,5.5,95,15,0,9
2025-09-08 16:00:00+00:00,29.0,85.0,5.1,25.3,25.6,11.4,133.0,630.0,4.6,94,16,0,9
2025-09-08 17:00:00+00:00,28.6,84.0,4.8,22.3,22.5,17.9,105.0,1039.0,5.1,94,17,0,9
2025-09-08 18:00:00+00:00,25.7,92.0,8.2,25.3,25.4,28.5,86.0,2081.0,5.8,95,18,0,9
2025-09-08 19:00:00+00:00,25.5,94.0,3.3,31.0,31.1,43.4,59.0,3443.0,6.8,93,19,0,9
2025-09-08 20:00:00+00:00,25.3,95.0,4.6,34.5,34.6,55.4,37.0,4439.0,7.9,92,20,0,9
2025-09-08 21:00:00+00:00,25.2,95.0,2.9,37.5,37.7,62.2,25.0,4781.0,9.1,92,21,0,9
2025-09-08 22:00:00+00:00,25.1,96.0,4.4,41.9,42.0,66.2,19.0,4756.0,10.3,91,22,0,9
2025-09-08 23:00:00+00:00,24.9,96.0,3.1,46.6,46.8,67.9,14.0,4535.0,11.0,91,23,0,9
2025-09-09 00:00:00+00:00,24.9,96.0,3.1,51.5,51.7,66.4,11.0,4093.0,10.8,91,0,1,9
2025-09-09 01:00:00+00:00,24.8,96.0,2.9,48.4,48.5,62.6,10.0,3457.0,10.2,91,1,1,9
2025-09-09 02:00:00+00:00,24.8,96.0,4.3,48.3,48.4,59.1,9.0,2873.0,9.5,90,2,1,9
2025-09-09 03:00:00+00:00,24.7,96.0,4.6,50.4,50.5,57.4,4.0,2392.0,8.8,90,3,1,9
2025-09-09 04:00:00+00:00,24.6,96.0,3.9,53.3,53.4,55.9,0.0,1964.0,8.1,91,4,1,9
2025-09-09 05:00:00+00:00,24.5,96.0,3.0,53.4,53.4,48.1,4.0,1691.0,6.5,91,5,1,9
2025-09-09 06:00:00+00:00,24.8,95.0,3.7,53.6,53.7,44.9,12.0,1709.0,6.8,93,6,1,9
2025-09-09 07:00:00+00:00,25.7,94.0,2.3,52.5,52.6,40.1,25.0,1883.0,7.3,96,7,1,9
2025-09-09 08:00:00+00:00,27.6,88.0,1.3,51.6,51.7,34.0,49.0,1903.0,8.6,98,8,1,9
2025-09-09 09:00:00+00:00,29.3,81.0,0.8,41.6,41.8,25.4,93.0,1581.0,11.6,102,9,1,9
2025-09-09 10:00:00+00:00,30.4,74.0,1.9,37.6,38.1,15.6,148.0,1106.0,15.4,105,10,1,9
2025-09-09 11:00:00+00:00,31.2,69.0,2.3,35.4,36.1,8.3,189.0,739.0,17.9,107,11,1,9
2025-09-09 12:00:00+00:00,31.9,65.0,3.1,35.4,36.1,5.2,207.0,582.0,17.8,109,12,1,9
2025-09-09 13:00:00+00:00,32.2,62.0,4.7,34.6,35.3,4.7,211.0,532.0,16.3,110,13,1,9
2025-09-09 14:00:00+00:00,31.9,65.0,6.3,33.3,33.9,5.7,208.0,542.0,15.0,111,14,1,9
2025-09-09 15:00:00+00:00,31.8,68.0,6.0,32.7,33.3,6.2,201.0,559.0,14.2,112,15,1,9
2025-09-09 16:00:00+00:00,30.5,73.0,6.7,30.6,31.0,8.2,187.0,635.0,13.5,144,16,1,9
2025-09-09 17:00:00+00:00,30.2,74.0,4.2,26.9,27.2,14.0,161.0,881.0,13.7,168,17,1,9
2025-09-09 18:00:00+00:00,29.9,83.0,2.4,35.5,35.7,39.7,122.0,1512.0,14.6,179,18,1,9
2025-09-09 19:00:00+00:00,29.0,84.0,3.4,45.6,45.9,74.7,69.0,2313.0,15.9,174,19,1,9
2025-09-09 20:00:00+00:00,28.5,86.0,4.0,55.3,55.5,98.3,29.0,2752.0,16.6,155,20,1,9
2025-09-09 21:00:00+00:00,28.1,88.0,5.1,64.0,64.3,100.9,16.0,2509.0,16.3,119,21,1,9
2025-09-09 22:00:00+00:00,27.6,90.0,5.5,66.4,66.6,92.1,16.0,1905.0,15.4,122,22,1,9
2025-09-09 23:00:00+00:00,27.3,90.0,5.2,56.0,56.1,80.1,21.0,1365.0,14.4,124,23,1,9
2025-09-10 00:00:00+00:00,27.0,91.0,5.6,48.3,48.5,65.3,31.0,1021.0,13.5,125,0,2,9
2025-09-10 01:00:00+00:00,26.8,90.0,5.6,45.3,45.5,47.3,46.0,743.0,12.6,125,1,2,9
2025-09-10 02:00:00+00:00,26.6,90.0,6.0,43.8,44.1,33.5,56.0,562.0,11.8,125,2,2,9
2025-09-10 03:00:00+00:00,26.4,91.0,6.2,43.0,43.3,27.4,57.0,505.0,11.3,124,3,2,9
2025-09-10 04:00:00+00:00,26.3,91.0,5.8,43.1,43.5,25.4,53.0,545.0,11.0,123,4,2,9
2025-09-10 05:00:00+00:00,26.1,92.0,6.1,34.9,35.4,19.9,55.0,641.0,9.1,122,5,2,9
2025-09-10 06:00:00+00:00,26.7,91.0,7.0,35.4,36.3,21.6,58.0,848.0,9.8,120,6,2,9
2025-09-10 07:00:00+00:00,27.2,92.0,6.5,36.7,37.6,23.6,63.0,1111.0,10.8,118,7,2,9
2025-09-10 08:00:00+00:00,28.4,87.0,6.7,32.5,34.2,23.3,73.0,1214.0,11.5,117,8,2,9
2025-09-10 09:00:00+00:00,29.7,81.0,7.9,27.7,30.2,18.1,94.0,1001.0,11.9,115,9,2,9
2025-09-10 10:00:00+00:00,30.9,69.0,10.6,22.2,25.8,10.6,121.0,630.0,12.1,113,10,2,9
2025-09-10 11:00:00+00:00,31.7,64.0,11.2,20.2,25.1,5.0,141.0,355.0,11.8,112,11,2,9
2025-09-10 12:00:00+00:00,32.2,61.0,11.2,19.6,26.3,3.1,148.0,281.0,10.7,110,12,2,9
2025-09-10 13:00:00+00:00,32.6,59.0,11.1,19.5,28.3,3.1,148.0,304.0,9.2,108,13,2,9
2025-09-10 14:00:00+00:00,32.6,59.0,10.8,20.1,31.3,4.5,145.0,370.0,8.0,107,14,2,9
2025-09-10 15:00:00+00:00,32.4,61.0,10.6,20.7,33.6,6.9,140.0,465.0,7.6,106,15,2,9
2025-09-10 16:00:00+00:00,32.0,63.0,9.6,21.0,34.5,10.7,131.0,603.0,7.6,104,16,2,9
2025-09-10 17:00:00+00:00,31.3,68.0,6.8,19.4,29.3,17.4,107.0,768.0,7.3,103,17,2,9
2025-09-10 18:00:00+00:00,29.9,75.0,4.4,22.7,30.6,28.7,85.0,1015.0,7.7,103,18,2,9
2025-09-10 19:00:00+00:00,28.7,79.0,5.0,26.9,33.3,44.1,55.0,1289.0,8.3,101,19,2,9
2025-09-10 20:00:00+00:00,28.0,81.0,6.1,28.3,33.6,54.1,33.0,1415.0,8.6,99,20,2,9
2025-09-10 21:00:00+00:00,27.7,81.0,6.7,28.7,33.5,54.1,25.0,1269.0,8.6,97,21,2,9
2025-09-10 22:00:00+00:00,27.3,81.0,6.9,28.8,33.5,48.8,25.0,975.0,8.4,95,22,2,9
2025-09-10 23:00:00+00:00,26.8,83.0,7.0,28.4,33.3,42.8,26.0,722.0,8.1,92,23,2,9
2025-09-11 00:00:00+00:00,26.4,85.0,6.9,27.1,32.2,37.0,28.0,577.0,7.8,89,0,3,9
2025-09-11 01:00:00+00:00,26.0,86.0,6.9,26.4,31.4,30.5,33.0,473.0,7.4,88,1,3,9
2025-09-11 02:00:00+00:00,25.8,87.0,6.7,25.9,30.7,25.8,35.0,405.0,7.2,86,2,3,9
2025-09-11 03:00:00+00:00,25.5,88.0,6.3,25.9,30.5,24.1,33.0,363.0,7.2,85,3,3,9
2025-09-11 04:00:00+00:00,25.2,89.0,5.7,26.4,30.9,24.1,29.0,357.0,7.3,83,4,3,9
2025-09-11 05:00:00+00:00,24.9,90.0,5.3,25.6,31.0,19.8,35.0,409.0,8.1,82,5,3,9
2025-09-11 06:00:00+00:00,25.7,91.0,6.3,26.9,32.4,20.8,36.0,583.0,8.4,81,6,3,9
2025-09-11 07:00:00+00:00,26.3,90.0,6.9,30.2,35.4,22.0,39.0,815.0,8.9,81,7,3,9
2025-09-11 08:00:00+00:00,27.5,86.0,7.3,30.9,39.1,21.3,51.0,934.0,9.8,80,8,3,9
2025-09-11 09:00:00+00:00,28.9,80.0,7.3,30.3,39.9,17.0,81.0,830.0,11.7,80,9,3,9
2025-09-11 10:00:00+00:00,30.1,75.0,5.8,29.4,39.1,10.9,120.0,614.0,14.1,80,10,3,9
2025-09-11 11:00:00+00:00,31.1,70.0,4.9,28.8,37.7,6.3,150.0,445.0,15.5,81,11,3,9
2025-09-11 12:00:00+00:00,31.9,65.0,5.9,28.2,36.2,4.4,164.0,373.0,15.2,82,12,3,9
2025-09-11 13:00:00+00:00,32.3,61.0,6.9,27.2,34.5,4.0,170.0,349.0,14.0,82,13,3,9
2025-09-11 14:00:00+00:00,32.5,60.0,7.4,26.4,33.3,5.1,168.0,387.0,12.8,83,14,3,9
2025-09-11 15:00:00+00:00,32.6,60.0,7.4,25.5,32.4,6.4,159.0,490.0,11.7,83,15,3,9
2025-09-11 16:00:00+00:00,32.3,60.0,7.0,24.0,31.2,9.2,143.0,656.0,10.7,93,16,3,9
2025-09-11 17:00:00+00:00,31.5,67.0,5.1,33.8,44.9,20.0,115.0,888.0,9.7,112,17,3,9
2025-09-11 18:00:00+00:00,29.7,76.0,4.4,39.8,50.2,39.3,88.0,1283.0,10.8,119,18,3,9
2025-09-11 19:00:00+00:00,28.5,81.0,4.0,49.5,60.3,65.7,51.0,1745.0,12.2,113,19,3,9
2025-09-11 20:00:00+00:00,28.0,83.0,4.1,54.9,65.7,83.7,22.0,1989.0,13.1,92,20,3,9
2025-09-11 21:00:00+00:00,27.5,85.0,4.3,55.1,65.7,85.4,11.0,1838.0,12.9,90,21,3,9
2025-09-11 22:00:00+00:00,27.1,87.0,4.2,53.2,64.0,78.7,9.0,1468.0,12.1,92,22,3,9
2025-09-11 23:00:00+00:00,26.7,88.0,3.9,51.0,62.4,72.1,8.0,1126.0,11.3,94,23,3,9
2025-09-12 00:00:00+00:00,26.4,89.0,3.2,48.8,61.5,68.6,6.0,877.0,10.5,96,0,4,9
2025-09-12 01:00:00+00:00,26.2,90.0,3.0,47.5,61.2,65.2,4.0,656.0,9.5,98,1,4,9
2025-09-12 02:00:00+00:00,25.8,91.0,3.9,46.3,61.2,61.5,4.0,509.0,8.8,99,2,4,9
2025-09-12 03:00:00+00:00,25.8,91.0,4.2,45.1,59.8,57.3,3.0,459.0,8.4,101,3,4,9
2025-09-12 04:00:00+00:00,25.7,91.0,4.0,43.8,58.4,52.7,3.0,483.0,8.1,103,4,4,9
2025-09-12 05:00:00+00:00,25.5,92.0,4.1,25.4,31.2,20.4,31.0,561.0,6.9,105,5,4,9
2025-09-12 06:00:00+00:00,26.9,91.0,4.0,26.0,31.0,21.2,33.0,750.0,7.1,105,6,4,9
2025-09-12 07:00:00+00:00,27.5,90.0,4.7,28.4,32.7,22.0,38.0,992.0,7.4,105,7,4,9
2025-09-12 08:00:00+00:00,28.7,84.0,4.6,26.8,32.5,21.1,49.0,1096.0,8.0,105,8,4,9
2025-09-12 09:00:00+00:00,29.8,75.0,6.9,24.0,30.6,16.7,75.0,926.0,9.4,104,9,4,9
2025-09-12 10:00:00+00:00,30.7,69.0,6.1,22.9,29.6,10.5,108.0,618.0,11.1,104,10,4,9
2025-09-12 11:00:00+00:00,31.5,65.0,5.6,22.2,28.8,5.8,132.0,387.0,12.1,103,11,4,9
2025-09-12 12:00:00+00:00,32.2,62.0,6.1,21.1,27.0,3.6,141.0,313.0,11.6,102,12,4,9
2025-09-12 13:00:00+00:00,32.6,60.0,6.4,20.1,25.7,2.9,142.0,316.0,10.2,102,13,4,9
2025-09-12 14:00:00+00:00,32.7,59.0,6.6,19.5,24.9,4.1,139.0,366.0,9.1,101,14,4,9
2025-09-12 15:00:00+00:00,32.6,60.0,7.6,19.6,24.9,5.9,133.0,437.0,8.3,100,15,4,9
2025-09-12 16:00:00+00:00,32.2,62.0,7.8,18.9,24.4,9.6,122.0,555.0,7.7,100,16,4,9
2025-09-12 17:00:00+00:00,31.4,68.0,5.8,27.5,38.0,23.2,103.0,771.0,7.9,99,17,4,9
2025-09-12 18:00:00+00:00,30.2,73.0,3.8,36.6,46.2,43.6,80.0,1220.0,9.9,99,18,4,9
2025-09-12 19:00:00+00:00,29.2,77.0,3.8,49.1,59.4,71.7,48.0,1768.0,12.7,99,19,4,9
2025-09-12 20:00:00+00:00,28.8,79.0,2.3,61.5,72.2,93.0,23.0,2059.0,14.9,99,20,4,9
2025-09-12 21:00:00+00:00,28.4,81.0,2.1,72.9,84.3,101.3,10.0,1864.0,16.3,99,21,4,9
2025-09-12 22:00:00+00:00,27.8,84.0,3.1,82.4,94.8,102.7,4.0,1412.0,17.2,101,22,4,9
2025-09-12 23:00:00+00:00,27.2,87.0,3.7,78.7,90.1,100.9,0.0,1037.0,17.2,104,23,4,9
2025-09-13 00:00:00+00:00,26.8,88.0,3.4,60.3,70.3,95.9,0.0,868.0,15.6,107,0,5,9
2025-09-13 01:00:00+00:00,26.5,88.0,2.3,51.5,61.2,87.6,0.0,775.0,13.0,108,1,5,9
2025-09-13 02:00:00+00:00,26.2,89.0,2.6,49.1,59.8,80.3,0.0,704.0,10.9,108,2,5,9
2025-09-13 03:00:00+00:00,25.8,90.0,3.8,48.4,59.0,75.6,0.0,595.0,9.9,108,3,5,9
2025-09-13 04:00:00+00:00,25.5,91.0,3.6,45.4,55.1,71.8,0.0,508.0,9.3,109,4,5,9
2025-09-13 05:00:00+00:00,25.4,90.0,2.0,28.2,35.5,30.8,27.0,567.0,7.5,109,5,5,9
2025-09-13 06:00:00+00:00,26.9,91.0,0.8,29.3,36.4,32.6,31.0,953.0,8.0,109,6,5,9
2025-09-13 07:00:00+00:00,27.6,89.0,1.6,33.3,39.2,34.7,38.0,1487.0,8.6,110,7,5,9
2025-09-13 08:00:00+00:00,29.2,83.0,1.1,34.2,41.7,33.5,52.0,1750.0,9.5,110,8,5,9
2025-09-13 09:00:00+00:00,30.8,72.0,1.4,31.1,42.0,25.5,81.0,1470.0,10.8,111,9,5,9
2025-09-13 10:00:00+00:00,31.8,64.0,2.7,25.3,39.3,14.2,118.0,920.0,12.3,112,10,5,9
2025-09-13 11:00:00+00:00,32.5,60.0,2.4,23.1,35.0,5.9,146.0,505.0,13.1,112,11,5,9
2025-09-13 12:00:00+00:00,33.1,57.0,1.3,23.5,33.6,3.1,158.0,392.0,12.5,112,12,5,9
2025-09-13 13:00:00+00:00,33.5,56.0,1.8,23.9,32.7,3.4,162.0,414.0,11.1,112,13,5,9
2025-09-13 14:00:00+00:00,33.6,55.0,3.1,24.6,32.2,6.0,159.0,478.0,9.9,113,14,5,9
2025-09-13 15:00:00+00:00,33.5,56.0,5.2,25.1,31.8,9.6,150.0,524.0,9.2,113,15,5,9
2025-09-13 16:00:00+00:00,33.1,58.0,5.7,25.5,30.7,15.4,134.0,612.0,8.7,114,16,5,9
2025-09-13 17:00:00+00:00,32.3,64.0,5.2,27.5,31.8,24.3,112.0,830.0,8.7,114,17,5,9
2025-09-13 18:00:00+00:00,31.2,70.0,4.4,36.2,40.0,45.9,89.0,1361.0,10.9,114,18,5,9
2025-09-13 19:00:00+00:00,29.9,76.0,4.5,48.5,52.5,75.9,57.0,2021.0,14.1,114,19,5,9
2025-09-13 20:00:00+00:00,29.4,78.0,2.4,61.7,65.7,99.4,31.0,2354.0,16.8,114,20,5,9
2025-09-13 21:00:00+00:00,29.0,80.0,2.6,75.7,79.9,111.1,16.0,2058.0,19.0,114,21,5,9
2025-09-13 22:00:00+00:00,28.2,83.0,4.1,87.5,91.7,116.3,6.0,1433.0,20.7,115,22,5,9
2025-09-13 23:00:00+00:00,27.7,84.0,5.0,85.9,89.6,116.4,0.0,925.0,20.9,115,23,5,9
2025-09-14 00:00:00+00:00,27.3,86.0,4.9,64.7,67.8,109.7,0.0,702.0,18.4,116,0,6,9
2025-09-14 01:00:00+00:00,26.8,88.0,4.2,50.1,53.0,97.9,0.0,594.0,14.4,116,1,6,9
2025-09-14 02:00:00+00:00,26.4,89.0,3.9,44.1,47.3,86.7,0.0,540.0,11.3,116,2,6,9
2025-09-14 03:00:00+00:00,26.1,90.0,3.0,42.1,45.3,78.0,1.0,491.0,10.1,116,3,6,9
2025-09-14 04:00:00+00:00,25.8,91.0,3.2,40.2,43.0,69.9,2.0,494.0,9.8,115,4,6,9
2025-09-14 05:00:00+00:00,25.6,91.0,1.9,38.3,50.2,54.9,4.0,630.0,8.3,115,5,6,9
2025-09-14 06:00:00+00:00,27.2,84.0,4.9,35.6,46.9,51.1,17.0,1067.0,8.6,116,6,6,9
2025-09-14 07:00:00+00:00,28.1,81.0,2.0,36.1,45.2,45.3,37.0,1636.0,9.2,116,7,6,9
2025-09-14 08:00:00+00:00,29.2,80.0,2.6,34.9,45.1,38.0,60.0,1913.0,9.9,117,8,6,9
2025-09-14 09:00:00+00:00,30.7,75.0,2.4,29.9,42.5,27.4,90.0,1612.0,11.1,117,9,6,9
2025-09-14 10:00:00+00:00,32.3,66.0,1.5,24.2,39.0,15.2,125.0,1018.0,12.6,116,10,6,9
2025-09-14 11:00:00+00:00,33.5,54.0,2.1,21.3,33.6,6.4,151.0,559.0,13.3,116,11,6,9
2025-09-14 12:00:00+00:00,34.1,51.0,2.2,21.2,30.9,3.0,165.0,401.0,12.8,116,12,6,9
2025-09-14 13:00:00+00:00,34.5,50.0,2.7,21.4,29.3,2.9,170.0,377.0,11.6,116,13,6,9
2025-09-14 14:00:00+00:00,34.6,50.0,3.5,22.0,28.7,5.2,169.0,422.0,10.6,116,14,6,9
2025-09-14 15:00:00+00:00,34.4,51.0,4.1,22.4,28.0,8.0,162.0,522.0,10.0,115,15,6,9
2025-09-14 16:00:00+00:00,34.2,52.0,4.8,22.4,27.0,13.1,149.0,690.0,9.6,115,16,6,9
2025-09-14 17:00:00+00:00,33.1,61.0,4.1,16.9,18.2,24.0,119.0,895.0,9.7,118,17,6,9
2025-09-14 18:00:00+00:00,31.6,69.0,3.7,29.0,30.0,47.1,91.0,1205.0,11.4,124,18,6,9
2025-09-14 19:00:00+00:00,30.6,71.0,3.1,40.6,41.6,78.9,52.0,1553.0,13.6,117,19,6,9
2025-09-14 20:00:00+00:00,29.7,75.0,3.9,50.5,52.0,101.9,21.0,1708.0,15.2,112,20,6,9
2025-09-14 21:00:00+00:00,29.3,76.0,4.4,55.5,57.3,108.1,7.0,1501.0,15.5,111,21,6,9
2025-09-14 22:00:00+00:00,28.6,77.0,5.0,55.8,57.4,105.4,2.0,1101.0,15.1,109,22,6,9
2025-09-14 23:00:00+00:00,28.0,79.0,5.3,53.9,56.0,100.5,0.0,779.0,14.4,106,23,6,9
2025-09-15 00:00:00+00:00,27.4,83.0,4.7,51.1,54.0,94.7,0.0,642.0,13.3,102,0,0,9
2025-09-15 01:00:00+00:00,27.1,85.0,4.4,48.2,51.8,86.7,0.0,583.0,11.8,101,1,0,9
2025-09-15 02:00:00+00:00,26.8,86.0,2.7,45.5,49.7,78.7,2.0,559.0,10.6,101,2,0,9
2025-09-15 03:00:00+00:00,26.7,86.0,1.8,43.2,47.6,71.6,2.0,535.0,9.9,101,3,0,9
2025-09-15 04:00:00+00:00,26.6,87.0,0.5,40.9,45.4,64.7,3.0,545.0,9.4,101,4,0,9
2025-09-15 05:00:00+00:00,26.3,88.0,4.7,27.8,42.5,38.7,19.0,645.0,7.8,101,5,0,9
2025-09-15 06:00:00+00:00,27.6,82.0,4.0,32.2,46.8,39.2,22.0,949.0,8.1,100,6,0,9
2025-09-15 07:00:00+00:00,28.4,79.0,5.8,36.2,47.7,39.5,28.0,1343.0,8.7,100,7,0,9
2025-09-15 08:00:00+00:00,29.7,76.0,0.8,33.8,47.6,37.2,46.0,1543.0,9.5,100,8,0,9
2025-09-15 09:00:00+00:00,31.0,73.0,5.0,30.6,47.1,29.7,88.0,1368.0,10.9,100,9,0,9
2025-09-15 10:00:00+00:00,31.8,71.0,5.0,29.5,46.6,19.6,142.0,999.0,12.6,100,10,0,9
2025-09-15 11:00:00+00:00,32.9,63.0,3.0,28.6,45.8,11.7,183.0,691.0,13.8,100,11,0,9
2025-09-15 12:00:00+00:00,33.9,57.0,3.2,28.1,42.1,7.4,202.0,529.0,14.0,101,12,0,9
2025-09-15 13:00:00+00:00,34.5,54.0,5.0,27.5,38.6,5.4,209.0,429.0,13.6,101,13,0,9
2025-09-15 14:00:00+00:00,34.8,52.0,6.2,27.5,36.8,5.9,207.0,391.0,13.1,102,14,0,9
2025-09-15 15:00:00+00:00,34.6,52.0,6.1,26.8,34.5,7.8,196.0,408.0,12.4,103,15,0,9
2025-09-15 16:00:00+00:00,34.2,54.0,6.9,25.7,32.0,12.3,175.0,488.0,11.7,137,16,0,9
2025-09-15 17:00:00+00:00,33.0,60.0,6.9,28.4,32.6,26.1,139.0,649.0,11.4,161,17,0,9
2025-09-15 18:00:00+00:00,31.5,70.0,4.8,35.0,38.3,44.2,108.0,999.0,12.1,169,18,0,9
2025-09-15 19:00:00+00:00,31.0,70.0,3.5,40.9,43.3,69.0,65.0,1431.0,13.0,164,19,0,9
2025-09-15 20:00:00+00:00,30.5,73.0,3.6,43.3,45.2,85.4,32.0,1642.0,13.5,143,20,0,9
2025-09-15 21:00:00+00:00,29.5,77.0,4.9,47.5,49.2,86.1,18.0,1433.0,13.1,107,21,0,9
2025-09-15 22:00:00+00:00,28.9,79.0,5.0,48.1,49.6,78.4,14.0,1003.0,12.3,104,22,0,9
2025-09-15 23:00:00+00:00,28.4,81.0,4.9,45.5,47.0,70.2,12.0,654.0,11.4,103,23,0,9
2025-09-16 00:00:00+00:00,27.9,83.0,4.9,42.7,44.1,63.8,11.0,498.0,10.4,102,0,1,9
2025-09-16 01:00:00+00:00,27.5,83.0,5.2,40.9,42.1,56.7,12.0,423.0,9.4,101,1,1,9
2025-09-16 02:00:00+00:00,27.1,84.0,5.5,39.0,40.2,49.5,15.0,392.0,8.6,100,2,1,9
2025-09-16 03:00:00+00:00,26.5,87.0,7.7,37.1,38.2,41.6,21.0,392.0,8.3,100,3,1,9
2025-09-16 04:00:00+00:00,25.8,92.0,8.5,35.6,36.9,33.5,28.0,436.0,8.4,99,4,1,9
2025-09-16 05:00:00+00:00,25.3,94.0,12.4,33.9,37.7,32.2,30.0,531.0,8.6,99,5,1,9
2025-09-16 06:00:00+00:00,28.0,85.0,4.1,33.2,36.1,30.9,33.0,736.0,8.8,99,6,1,9
2025-09-16 07:00:00+00:00,27.7,87.0,6.0,34.3,36.8,28.9,40.0,991.0,9.0,99,7,1,9
2025-09-16 08:00:00+00:00,28.8,83.0,5.8,35.3,37.7,26.0,58.0,1124.0,9.6,99,8,1,9
2025-09-16 09:00:00+00:00,30.1,75.0,7.1,34.0,38.0,21.3,98.0,1026.0,10.8,99,9,1,9
2025-09-16 10:00:00+00:00,31.3,70.0,6.6,33.3,39.7,15.7,149.0,806.0,12.2,100,10,1,9
2025-09-16 11:00:00+00:00,32.3,63.0,6.6,34.8,44.7,11.2,188.0,617.0,13.2,100,11,1,9
2025-09-16 12:00:00+00:00,33.2,58.0,6.8,34.1,49.1,7.9,207.0,506.0,13.3,101,12,1,9
2025-09-16 13:00:00+00:00,33.9,53.0,7.2,33.5,52.3,5.6,213.0,426.0,12.8,101,13,1,9
2025-09-16 14:00:00+00:00,34.1,52.0,8.2,33.2,52.2,6.3,211.0,385.0,12.4,102,14,1,9
2025-09-16 15:00:00+00:00,34.2,52.0,8.0,31.9,49.4,9.1,200.0,354.0,11.9,114,15,1,9
2025-09-16 16:00:00+00:00,33.6,54.0,7.0,31.2,47.1,14.9,181.0,361.0,11.4,148,16,1,9
2025-09-16 17:00:00+00:00,32.9,59.0,3.2,35.5,50.1,30.7,131.0,502.0,10.0,168,17,1,9
2025-09-16 18:00:00+00:00,31.4,65.0,4.9,43.2,58.8,47.3,104.0,931.0,11.1,173,18,1,9
2025-09-16 19:00:00+00:00,31.0,68.0,3.5,52.7,69.4,69.9,67.0,1493.0,12.5,166,19,1,9
2025-09-16 20:00:00+00:00,30.2,71.0,4.6,56.9,75.0,85.4,37.0,1815.0,13.4,146,20,1,9
2025-09-16 21:00:00+00:00,29.5,73.0,4.9,59.6,79.4,87.3,22.0,1666.0,13.2,110,21,1,9
2025-09-16 22:00:00+00:00,29.1,74.0,4.0,61.2,83.8,82.1,14.0,1277.0,12.5,109,22,1,9
2025-09-16 23:00:00+00:00,28.5,75.0,4.7,59.0,84.1,75.7,10.0,973.0,11.8,110,23,1,9
2025-09-17 00:00:00+00:00,28.2,75.0,1.6,54.8,82.7,69.1,10.0,906.0,11.2,112,0,2,9
2025-09-17 01:00:00+00:00,27.1,81.0,3.1,52.7,84.1,61.4,14.0,924.0,10.6,113,1,2,9
2025-09-17 02:00:00+00:00,26.3,85.0,3.8,52.9,88.9,55.2,16.0,889.0,10.1,114,2,2,9
2025-09-17 03:00:00+00:00,25.9,88.0,3.7,53.2,92.4,52.3,13.0,692.0,9.8,116,3,2,9
2025-09-17 04:00:00+00:00,25.7,89.0,3.8,53.0,89.9,50.9,9.0,443.0,9.7,118,4,2,9
2025-09-17 05:00:00+00:00,25.5,90.0,5.2,46.7,62.9,38.3,26.0,338.0,9.7,119,5,2,9
2025-09-17 06:00:00+00:00,27.2,87.0,2.1,46.1,61.2,37.9,29.0,541.0,10.0,121,6,2,9
2025-09-17 07:00:00+00:00,28.4,83.0,3.5,48.3,62.4,37.1,36.0,888.0,10.4,122,7,2,9
2025-09-17 08:00:00+00:00,30.4,70.0,1.5,47.8,70.1,34.2,55.0,1089.0,11.3,123,8,2,9
2025-09-17 09:00:00+00:00,32.1,60.0,1.8,44.9,71.9,27.4,100.0,980.0,13.1,125,9,2,9
2025-09-17 10:00:00+00:00,33.4,53.0,2.4,41.2,66.6,18.6,157.0,725.0,15.3,126,10,2,9
2025-09-17 11:00:00+00:00,34.3,49.0,3.1,39.6,64.3,11.7,201.0,519.0,16.8,127,11,2,9
2025-09-17 12:00:00+00:00,35.0,48.0,3.8,39.2,73.6,7.3,220.0,436.0,16.9,127,12,2,9
2025-09-17 13:00:00+00:00,35.1,47.0,3.5,40.2,77.5,4.8,224.0,403.0,16.2,128,13,2,9
2025-09-17 14:00:00+00:00,35.4,45.0,3.9,39.9,77.3,5.9,221.0,392.0,15.6,128,14,2,9
2025-09-17 15:00:00+00:00,35.4,45.0,5.1,39.6,75.0,9.2,211.0,381.0,15.1,129,15,2,9
2025-09-17 16:00:00+00:00,35.1,46.0,6.3,39.1,72.2,16.1,193.0,393.0,14.6,159,16,2,9
2025-09-17 17:00:00+00:00,34.0,52.0,6.0,47.7,80.6,34.6,149.0,469.0,15.4,181,17,2,9
2025-09-17 18:00:00+00:00,32.3,63.0,4.2,64.3,92.9,66.0,115.0,687.0,17.5,189,18,2,9
2025-09-17 19:00:00+00:00,31.7,67.0,3.2,79.4,109.7,108.2,68.0,970.0,20.4,182,19,2,9
2025-09-17 20:00:00+00:00,31.1,69.0,3.9,86.6,115.3,132.0,35.0,1129.0,21.7,161,20,2,9
2025-09-17 21:00:00+00:00,30.3,71.0,5.0,75.2,97.6,119.8,30.0,1051.0,20.2,140,21,2,9
2025-09-17 22:00:00+00:00,29.6,71.0,5.7,63.6,81.3,89.1,39.0,850.0,17.2,142,22,2,9
2025-09-17 23:00:00+00:00,29.1,72.0,5.9,55.1,69.8,63.1,45.0,677.0,14.4,142,23,2,9
2025-09-18 00:00:00+00:00,28.6,74.0,5.9,47.7,60.3,50.2,43.0,582.0,12.3,142,0,3,9
2025-09-18 01:00:00+00:00,28.1,76.0,5.9,41.9,53.2,41.9,39.0,515.0,10.4,141,1,3,9
2025-09-18 02:00:00+00:00,27.5,80.0,4.8,38.3,49.1,35.9,35.0,485.0,9.1,140,2,3,9
2025-09-18 03:00:00+00:00,27.0,83.0,4.4,36.9,47.5,31.9,32.0,497.0,8.7,138,3,3,9
2025-09-18 04:00:00+00:00,26.6,84.0,3.4,37.6,47.8,30.1,30.0,545.0,9.0,136,4,3,9
2025-09-18 05:00:00+00:00,25.7,88.0,10.3,50.6,61.7,44.6,19.0,617.0,9.3,135,5,3,9
2025-09-18 06:00:00+00:00,27.9,80.0,6.2,49.5,59.8,40.2,28.0,748.0,10.0,135,6,3,9
2025-09-18 07:00:00+00:00,28.1,81.0,6.4,50.5,60.5,33.9,43.0,903.0,10.9,136,7,3,9
2025-09-18 08:00:00+00:00,29.5,76.0,7.6,50.2,62.4,27.4,65.0,964.0,11.7,136,8,3,9
2025-09-18 09:00:00+00:00,31.2,68.0,7.2,47.3,61.5,20.6,101.0,845.0,12.2,136,9,3,9
2025-09-18 10:00:00+00:00,32.6,61.0,7.0,43.7,60.8,13.6,145.0,633.0,12.6,136,10,3,9
2025-09-18 11:00:00+00:00,33.6,55.0,6.6,42.0,62.9,8.4,180.0,471.0,12.8,137,11,3,9
2025-09-18 12:00:00+00:00,34.6,50.0,7.0,41.6,65.0,6.0,199.0,419.0,12.8,137,12,3,9
2025-09-18 13:00:00+00:00,35.0,47.0,7.8,41.0,68.2,5.4,208.0,418.0,12.7,137,13,3,9
2025-09-18 14:00:00+00:00,35.3,46.0,8.1,40.7,70.3,6.2,212.0,429.0,12.7,137,14,3,9
2025-09-18 15:00:00+00:00,35.7,43.0,7.5,40.4,71.2,7.2,214.0,426.0,12.9,137,15,3,9
2025-09-18 16:00:00+00:00,35.3,44.0,4.6,39.9,70.5,9.5,211.0,435.0,13.2,148,16,3,9
2025-09-18 17:00:00+00:00,34.6,46.0,1.7,43.2,75.7,38.8,135.0,499.0,11.7,172,17,3,9
2025-09-18 18:00:00+00:00,34.3,51.0,0.7,54.4,80.1,48.0,115.0,673.0,11.9,177,18,3,9
2025-09-18 19:00:00+00:00,32.9,52.0,0.4,54.9,75.0,60.5,87.0,901.0,12.2,173,19,3,9
2025-09-18 20:00:00+00:00,31.4,55.0,2.9,54.4,71.7,67.9,64.0,1058.0,12.3,158,20,3,9
2025-09-18 21:00:00+00:00,30.4,63.0,3.1,55.2,71.0,66.0,51.0,1086.0,12.0,132,21,3,9
2025-09-18 22:00:00+00:00,29.6,70.0,2.4,56.6,71.9,59.1,44.0,1042.0,11.5,128,22,3,9
2025-09-18 23:00:00+00:00,28.7,72.0,3.1,56.6,71.2,51.9,39.0,970.0,11.0,127,23,3,9
2025-09-19 00:00:00+00:00,27.9,74.0,3.6,53.8,68.5,45.5,38.0,873.0,10.6,127,0,4,9
2025-09-19 01:00:00+00:00,27.5,77.0,0.9,51.1,65.7,38.8,40.0,749.0,10.3,128,1,4,9
2025-09-19 02:00:00+00:00,26.8,78.0,3.1,49.2,63.6,33.4,41.0,631.0,10.2,129,2,4,9
2025-09-19 03:00:00+00:00,26.5,78.0,5.3,47.3,60.8,30.2,40.0,505.0,10.5,130,3,4,9
2025-09-19 04:00:00+00:00,26.1,82.0,5.8,44.5,57.7,28.3,38.0,385.0,11.0,131,4,4,9
2025-09-19 05:00:00+00:00,26.0,83.0,7.4,48.5,62.9,42.7,21.0,353.0,9.8,132,5,4,9
2025-09-19 06:00:00+00:00,24.0,92.0,3.5,45.3,59.8,40.8,28.0,494.0,9.9,132,6,4,9
2025-09-19 07:00:00+00:00,25.4,87.0,1.9,47.8,61.2,38.0,39.0,723.0,10.1,131,7,4,9
2025-09-19 08:00:00+00:00,27.1,76.0,8.4,43.3,58.4,33.4,59.0,863.0,10.5,131,8,4,9
2025-09-19 09:00:00+00:00,30.2,63.0,3.2,38.8,54.9,25.6,94.0,825.0,11.3,130,9,4,9
2025-09-19 10:00:00+00:00,31.8,56.0,1.5,37.5,55.3,16.1,137.0,699.0,12.2,129,10,4,9
2025-09-19 11:00:00+00:00,33.2,51.0,2.4,36.7,56.0,9.0,173.0,574.0,13.1,129,11,4,9
2025-09-19 12:00:00+00:00,34.9,44.0,3.1,35.7,55.5,6.1,195.0,466.0,13.7,128,12,4,9
2025-09-19 13:00:00+00:00,35.8,39.0,3.4,36.0,55.8,5.7,208.0,359.0,14.2,128,13,4,9
2025-09-19 14:00:00+00:00,36.4,36.0,5.1,36.6,56.7,6.6,216.0,297.0,14.8,127,14,4,9
2025-09-19 15:00:00+00:00,34.0,43.0,12.6,36.9,57.3,8.0,220.0,298.0,15.8,127,15,4,9
2025-09-19 16:00:00+00:00,33.7,46.0,8.1,37.7,57.5,10.9,218.0,344.0,17.0,143,16,4,9
2025-09-19 17:00:00+00:00,33.4,49.0,7.0,36.0,57.4,18.2,163.0,423.0,16.3,170,17,4,9
2025-09-19 18:00:00+00:00,32.3,49.0,0.9,49.0,66.8,39.3,129.0,537.0,16.6,181,18,4,9
2025-09-19 19:00:00+00:00,31.2,57.0,1.3,57.7,75.0,68.4,81.0,684.0,17.1,180,19,4,9
2025-09-19 20:00:00+00:00,30.4,63.0,2.3,59.0,73.8,89.9,44.0,850.0,17.5,165,20,4,9
2025-09-19 21:00:00+00:00,29.7,72.0,2.2,61.5,75.9,97.0,27.0,1066.0,18.1,139,21,4,9
2025-09-19 22:00:00+00:00,29.1,75.0,0.5,70.1,84.8,96.5,19.0,1301.0,18.7,126,22,4,9
2025-09-19 23:00:00+00:00,28.2,78.0,1.1,78.0,92.9,93.2,15.0,1446.0,18.7,128,23,4,9
2025-09-20 00:00:00+00:00,27.4,81.0,2.0,78.9,92.0,87.6,13.0,1440.0,17.7,130,0,5,9
2025-09-20 01:00:00+00:00,26.7,85.0,2.2,75.4,87.1,79.0,15.0,1344.0,16.0,132,1,5,9
2025-09-20 02:00:00+00:00,26.3,87.0,2.8,72.9,83.8,70.7,17.0,1230.0,14.7,135,2,5,9
2025-09-20 03:00:00+00:00,25.8,90.0,2.4,70.5,81.3,63.2,17.0,1073.0,13.9,137,3,5,9
2025-09-20 04:00:00+00:00,25.5,92.0,2.0,68.5,78.9,55.8,17.0,897.0,13.4,140,4,5,9
2025-09-20 05:00:00+00:00,25.2,92.0,2.3,73.1,82.7,59.2,7.0,849.0,12.2,142,5,5,9
2025-09-20 06:00:00+00:00,25.4,91.0,3.1,70.8,80.6,55.0,19.0,1092.0,12.4,145,6,5,9
2025-09-20 07:00:00+00:00,26.6,83.0,4.0,71.5,80.8,48.8,37.0,1462.0,12.8,148,7,5,9
2025-09-20 08:00:00+00:00,29.1,70.0,3.1,62.6,74.3,41.0,65.0,1617.0,13.9,150,8,5,9
2025-09-20 09:00:00+00:00,31.5,59.0,1.8,48.3,63.6,30.3,113.0,1331.0,16.6,151,9,5,9
2025-09-20 10:00:00+00:00,33.5,49.0,2.0,42.8,59.5,18.2,170.0,829.0,20.0,151,10,5,9
2025-09-20 11:00:00+00:00,35.1,41.0,3.0,40.9,58.1,9.1,210.0,442.0,21.7,151,11,5,9
2025-09-20 12:00:00+00:00,36.4,35.0,4.4,36.7,54.1,4.7,217.0,309.0,20.2,151,12,5,9
2025-09-20 13:00:00+00:00,36.9,32.0,6.4,34.5,52.5,3.4,207.0,292.0,17.1,151,13,5,9
2025-09-20 14:00:00+00:00,37.2,31.0,7.9,34.3,53.0,5.2,193.0,307.0,14.7,151,14,5,9
2025-09-20 15:00:00+00:00,37.0,31.0,8.2,34.7,53.6,8.3,182.0,316.0,13.9,151,15,5,9
2025-09-20 16:00:00+00:00,36.6,32.0,7.6,35.3,54.2,14.4,168.0,357.0,13.8,154,16,5,9
2025-09-20 17:00:00+00:00,35.8,35.0,6.7,34.2,48.4,33.2,123.0,460.0,12.5,170,17,5,9
2025-09-20 18:00:00+00:00,33.9,43.0,3.8,50.1,63.6,57.3,98.0,695.0,14.6,172,18,5,9
2025-09-20 19:00:00+00:00,32.4,52.0,3.0,62.2,76.4,90.4,62.0,993.0,17.5,160,19,5,9
2025-09-20 20:00:00+00:00,31.2,60.0,2.1,69.6,84.5,114.4,35.0,1176.0,20.2,151,20,5,9
2025-09-20 21:00:00+00:00,30.4,64.0,2.8,76.8,92.0,121.1,23.0,1148.0,22.6,151,21,5,9
2025-09-20 22:00:00+00:00,29.5,67.0,3.6,86.8,102.4,118.7,20.0,1005.0,24.8,152,22,5,9
2025-09-20 23:00:00+00:00,29.2,66.0,3.6,96.4,112.0,113.9,18.0,857.0,25.5,152,23,5,9
2025-09-21 00:00:00+00:00,29.2,62.0,5.3,89.9,104.1,108.3,17.0,724.0,23.6,153,0,6,9
2025-09-21 01:00:00+00:00,29.0,63.0,6.5,72.2,85.4,100.2,17.0,586.0,20.1,153,1,6,9
2025-09-21 02:00:00+00:00,28.4,65.0,5.9,62.6,75.9,92.0,17.0,494.0,17.3,153,2,6,9
2025-09-21 03:00:00+00:00,28.1,67.0,5.6,58.7,73.1,83.4,14.0,450.0,15.9,153,3,6,9
2025-09-21 04:00:00+00:00,27.5,70.0,4.5,57.6,74.5,74.7,11.0,451.0,15.2,152,4,6,9
2025-09-21 05:00:00+00:00,27.0,74.0,4.0,77.3,95.5,96.4,2.0,539.0,16.0,152,5,6,9
2025-09-21 06:00:00+00:00,27.6,82.0,2.9,71.5,92.0,89.5,11.0,821.0,15.7,152,6,6,9
2025-09-21 07:00:00+00:00,28.4,77.0,1.1,71.7,90.3,79.4,26.0,1189.0,15.4,152,7,6,9
2025-09-21 08:00:00+00:00,30.1,71.0,1.9,65.0,85.2,66.9,56.0,1364.0,15.8,152,8,6,9
2025-09-21 09:00:00+00:00,31.9,63.0,2.4,58.7,85.4,50.0,119.0,1159.0,17.8,152,9,6,9
2025-09-21 10:00:00+00:00,33.8,53.0,2.1,56.0,85.7,30.8,197.0,761.0,20.5,153,10,6,9
2025-09-21 11:00:00+00:00,35.4,43.0,3.2,54.4,86.8,16.0,250.0,450.0,21.9,153,11,6,9
2025-09-21 12:00:00+00:00,36.7,37.0,5.1,50.6,84.5,8.3,257.0,338.0,20.8,153,12,6,9
2025-09-21 13:00:00+00:00,37.3,33.0,8.2,45.4,77.3,5.2,238.0,312.0,18.4,154,13,6,9
2025-09-21 14:00:00+00:00,37.5,32.0,9.7,42.6,72.4,5.7,215.0,314.0,16.4,154,14,6,9
2025-09-21 15:00:00+00:00,37.4,33.0,10.0,40.3,68.2,8.4,196.0,328.0,15.0,154,15,6,9
2025-09-21 16:00:00+00:00,37.1,34.0,10.1,38.4,64.5,14.8,173.0,370.0,14.0,181,16,6,9
2025-09-21 17:00:00+00:00,36.4,36.0,10.0,37.0,54.8,30.9,128.0,433.0,13.9,200,17,6,9
2025-09-21 18:00:00+00:00,34.3,42.0,9.6,51.1,67.1,54.4,101.0,536.0,16.3,201,18,6,9
2025-09-21 19:00:00+00:00,33.4,45.0,6.6,67.1,84.8,86.5,63.0,660.0,19.6,186,19,6,9
2025-09-21 20:00:00+00:00,32.1,55.0,2.9,78.7,96.4,108.5,34.0,738.0,21.9,156,20,6,9
2025-09-21 21:00:00+00:00,31.5,60.0,0.7,81.7,97.6,110.1,21.0,736.0,22.5,155,21,6,9
2025-09-21 22:00:00+00:00,30.7,60.0,0.6,83.1,98.0,101.6,17.0,688.0,22.1,155,22,6,9
2025-09-21 23:00:00+00:00,30.0,63.0,0.9,87.8,102.2,95.7,13.0,632.0,21.6,155,23,6,9
2025-09-22 00:00:00+00:00,29.5,66.0,2.4,89.2,102.9,98.4,8.0,566.0,21.1,155,0,0,9
2025-09-22 01:00:00+00:00,28.9,66.0,4.2,86.6,99.4,103.5,3.0,492.0,20.4,155,1,0,9
2025-09-22 02:00:00+00:00,28.3,70.0,3.8,82.4,94.3,105.8,0.0,454.0,19.4,155,2,0,9
2025-09-22 03:00:00+00:00,27.7,73.0,2.9,78.5,89.4,102.6,0.0,458.0,18.0,156,3,0,9
2025-09-22 04:00:00+00:00,27.1,75.0,3.1,74.3,84.3,96.4,0.0,497.0,16.3,157,4,0,9
2025-09-22 05:00:00+00:00,26.5,77.0,4.5,60.1,73.8,85.6,0.0,599.0,14.0,157,5,0,9
2025-09-22 06:00:00+00:00,27.8,80.0,4.6,57.2,70.3,82.3,4.0,855.0,13.7,157,6,0,9
2025-09-22 07:00:00+00:00,28.3,78.0,3.8,59.3,69.8,77.0,13.0,1173.0,13.3,156,7,0,9
2025-09-22 08:00:00+00:00,30.1,70.0,3.1,54.1,65.0,68.0,35.0,1305.0,13.4,156,8,0,9
2025-09-22 09:00:00+00:00,32.6,57.0,3.1,42.7,56.6,52.0,86.0,1071.0,14.8,155,9,0,9
2025-09-22 10:00:00+00:00,34.9,42.0,3.3,38.0,52.0,32.3,151.0,652.0,16.7,155,10,0,9
2025-09-22 11:00:00+00:00,36.2,35.0,4.5,34.2,47.5,17.0,198.0,338.0,17.7,154,11,0,9
2025-09-22 12:00:00+00:00,37.0,33.0,6.5,31.3,43.3,9.4,213.0,257.0,17.0,154,12,0,9
2025-09-22 13:00:00+00:00,37.7,31.0,8.3,27.9,39.2,6.1,210.0,282.0,15.5,153,13,0,9
2025-09-22 14:00:00+00:00,37.9,29.0,9.3,23.9,34.2,5.6,200.0,321.0,14.0,153,14,0,9
2025-09-22 15:00:00+00:00,37.8,28.0,9.0,20.5,29.8,5.2,186.0,334.0,12.4,152,15,0,9
2025-09-22 16:00:00+00:00,37.3,28.0,9.3,19.1,28.2,7.5,164.0,361.0,10.8,152,16,0,9
2025-09-22 17:00:00+00:00,36.2,30.0,10.9,19.3,26.1,23.3,119.0,426.0,9.5,162,17,0,9
2025-09-22 18:00:00+00:00,34.7,34.0,9.7,29.5,36.6,44.3,94.0,576.0,11.9,167,18,0,9
2025-09-22 19:00:00+00:00,33.6,38.0,8.4,43.0,50.4,73.2,59.0,765.0,15.2,158,19,0,9
2025-09-22 20:00:00+00:00,32.8,43.0,6.7,56.8,65.2,94.5,31.0,876.0,17.5,147,20,0,9
2025-09-22 21:00:00+00:00,32.0,47.0,5.0,64.0,72.6,101.1,15.0,843.0,18.0,145,21,0,9
2025-09-22 22:00:00+00:00,31.4,51.0,5.6,66.1,74.3,100.0,6.0,733.0,17.6,143,22,0,9
2025-09-22 23:00:00+00:00,30.7,55.0,6.2,65.0,72.9,97.0,0.0,628.0,16.6,141,23,0,9
2025-09-23 00:00:00+00:00,29.8,59.0,5.8,57.7,66.4,93.5,0.0,543.0,15.0,139,0,1,9
2025-09-23 01:00:00+00:00,29.1,62.0,6.0,49.9,59.6,88.1,2.0,463.0,12.8,135,1,1,9
2025-09-23 02:00:00+00:00,28.8,63.0,5.8,44.1,55.2,82.1,5.0,422.0,11.2,132,2,1,9
2025-09-23 03:00:00+00:00,28.2,65.0,5.1,40.5,53.8,74.9,8.0,408.0,10.6,128,3,1,9
2025-09-23 04:00:00+00:00,27.6,67.0,4.5,39.8,55.2,67.0,11.0,433.0,10.6,124,4,1,9
2025-09-23 05:00:00+00:00,27.0,70.0,3.9,21.9,36.8,19.0,51.0,575.0,8.1,120,5,1,9
2025-09-23 06:00:00+00:00,27.4,73.0,3.6,25.8,42.4,25.4,48.0,996.0,8.9,116,6,1,9
2025-09-23 07:00:00+00:00,28.3,68.0,3.0,36.0,51.7,33.9,45.0,1533.0,10.2,113,7,1,9
2025-09-23 08:00:00+00:00,30.3,60.0,1.2,33.3,49.9,37.3,56.0,1776.0,11.3,110,8,1,9
2025-09-23 09:00:00+00:00,32.8,50.0,1.4,31.1,48.9,30.9,95.0,1435.0,12.5,108,9,1,9
2025-09-23 10:00:00+00:00,35.3,35.0,4.6,28.3,45.8,19.6,148.0,800.0,13.6,107,10,1,9
2025-09-23 11:00:00+00:00,36.6,30.0,7.6,23.8,37.3,10.6,186.0,327.0,14.0,106,11,1,9
2025-09-23 12:00:00+00:00,37.4,28.0,8.1,21.4,30.7,6.5,197.0,219.0,13.1,105,12,1,9
2025-09-23 13:00:00+00:00,37.6,28.0,8.3,19.2,26.0,4.7,193.0,272.0,11.5,104,13,1,9
2025-09-23 14:00:00+00:00,37.7,28.0,7.9,17.8,23.3,5.1,184.0,336.0,10.2,103,14,1,9
2025-09-23 15:00:00+00:00,37.6,28.0,8.1,17.1,22.1,4.8,175.0,352.0,9.3,102,15,1,9
2025-09-23 16:00:00+00:00,36.9,28.0,8.8,16.9,21.6,6.6,162.0,378.0,8.7,129,16,1,9
2025-09-23 17:00:00+00:00,35.8,31.0,9.1,16.8,20.5,17.4,138.0,436.0,9.5,151,17,1,9
2025-09-23 18:00:00+00:00,34.6,33.0,8.5,27.3,30.7,45.0,106.0,565.0,12.0,158,18,1,9
2025-09-23 19:00:00+00:00,33.4,40.0,7.9,40.7,44.4,83.0,62.0,725.0,15.4,151,19,1,9
2025-09-23 20:00:00+00:00,32.4,46.0,7.1,54.9,59.3,110.6,27.0,825.0,17.9,125,20,1,9
2025-09-23 21:00:00+00:00,31.4,51.0,6.0,62.4,67.8,118.5,11.0,814.0,18.6,101,21,1,9
2025-09-23 22:00:00+00:00,30.5,56.0,5.5,64.3,70.5,116.0,4.0,742.0,18.3,101,22,1,9
2025-09-23 23:00:00+00:00,29.7,59.0,5.9,61.5,68.9,110.9,0.0,664.0,17.4,100,23,1,9
2025-09-24 00:00:00+00:00,29.0,62.0,6.3,55.3,65.2,104.8,0.0,589.0,15.7,100,0,2,9
2025-09-24 01:00:00+00:00,28.5,64.0,6.3,49.7,62.4,96.0,0.0,508.0,13.5,100,1,2,9
2025-09-24 02:00:00+00:00,28.1,65.0,5.8,45.1,60.1,86.8,3.0,456.0,11.7,100,2,2,9
2025-09-24 03:00:00+00:00,27.6,67.0,4.8,41.4,58.4,77.1,5.0,420.0,10.7,100,3,2,9
2025-09-24 04:00:00+00:00,27.1,70.0,4.2,39.0,57.3,67.1,9.0,412.0,10.2,100,4,2,9
2025-09-24 05:00:00+00:00,26.5,74.0,3.6,24.6,41.7,21.8,50.0,507.0,7.1,100,5,2,9
2025-09-24 06:00:00+00:00,27.0,78.0,5.4,29.8,47.3,27.7,46.0,839.0,7.8,100,6,2,9
2025-09-24 07:00:00+00:00,27.9,74.0,6.2,39.6,55.9,35.5,42.0,1274.0,8.8,101,7,2,9
2025-09-24 08:00:00+00:00,29.6,66.0,1.9,36.4,53.1,38.3,52.0,1479.0,9.9,101,8,2,9
2025-09-24 09:00:00+00:00,31.8,57.0,2.5,33.3,53.4,31.3,90.0,1230.0,11.4,101,9,2,9
2025-09-24 10:00:00+00:00,34.0,44.0,3.4,31.2,51.8,19.3,143.0,752.0,13.1,102,10,2,9
2025-09-24 11:00:00+00:00,35.5,38.0,3.6,27.0,43.8,9.9,181.0,389.0,14.1,102,11,2,9
2025-09-24 12:00:00+00:00,36.3,36.0,4.7,24.5,36.8,5.9,193.0,291.0,13.7,102,12,2,9
2025-09-24 13:00:00+00:00,36.9,34.0,6.2,23.2,33.1,4.6,191.0,307.0,12.7,102,13,2,9
2025-09-24 14:00:00+00:00,37.0,34.0,8.1,22.1,30.0,4.9,184.0,338.0,11.7,103,14,2,9
2025-09-24 15:00:00+00:00,36.8,34.0,9.7,21.1,27.7,4.7,175.0,342.0,10.9,103,15,2,9
2025-09-24 16:00:00+00:00,36.2,35.0,10.0,20.4,26.1,6.2,160.0,359.0,10.3,124,16,2,9
2025-09-24 17:00:00+00:00,35.2,37.0,10.3,20.6,26.2,14.3,134.0,409.0,10.8,147,17,2,9
2025-09-24 18:00:00+00:00,34.4,39.0,9.7,30.9,35.7,40.7,104.0,528.0,13.4,154,18,2,9
2025-09-24 19:00:00+00:00,33.7,41.0,6.7,44.0,48.9,77.2,61.0,680.0,17.0,148,19,2,9
2025-09-24 20:00:00+00:00,32.3,48.0,4.5,58.0,62.9,104.3,28.0,779.0,19.7,122,20,2,9
2025-09-24 21:00:00+00:00,31.0,56.0,3.4,69.2,74.3,113.6,12.0,783.0,20.7,106,21,2,9
2025-09-24 22:00:00+00:00,30.2,60.0,3.8,72.2,78.2,113.5,4.0,733.0,20.7,106,22,2,9
2025-09-24 23:00:00+00:00,29.7,62.0,4.5,66.8,74.3,110.3,0.0,672.0,20.0,107,23,2,9
2025-09-25 00:00:00+00:00,29.1,65.0,5.0,56.8,65.9,104.7,0.0,595.0,18.1,108,0,3,9
2025-09-25 01:00:00+00:00,28.4,68.0,4.6,50.2,60.8,96.1,0.0,506.0,15.4,108,1,3,9
2025-09-25 02:00:00+00:00,27.9,70.0,4.5,47.5,59.1,88.5,0.0,456.0,13.4,108,2,3,9
2025-09-25 03:00:00+00:00,27.3,73.0,4.2,48.1,60.5,83.3,0.0,450.0,12.6,108,3,3,9
2025-09-25 04:00:00+00:00,26.9,75.0,2.8,52.4,65.4,79.2,0.0,484.0,12.4,109,4,3,9
2025-09-25 05:00:00+00:00,26.5,77.0,1.4,32.9,48.5,44.4,20.0,590.0,7.8,110,5,3,9
2025-09-25 06:00:00+00:00,26.7,79.0,6.4,36.2,52.4,46.0,24.0,866.0,8.3,111,6,3,9
2025-09-25 07:00:00+00:00,27.2,76.0,5.2,42.5,57.3,47.7,31.0,1216.0,9.2,112,7,3,9
2025-09-25 08:00:00+00:00,28.9,67.0,1.8,39.9,57.6,45.4,50.0,1382.0,10.2,112,8,3,9
2025-09-25 09:00:00+00:00,31.1,57.0,2.8,34.1,55.4,35.1,93.0,1194.0,11.8,112,9,3,9
2025-09-25 10:00:00+00:00,33.4,47.0,2.8,29.2,50.9,20.7,149.0,822.0,13.7,112,10,3,9
2025-09-25 11:00:00+00:00,35.3,38.0,2.9,23.6,40.7,9.8,189.0,521.0,14.6,112,11,3,9
2025-09-25 12:00:00+00:00,36.4,35.0,2.2,20.7,32.7,5.4,202.0,389.0,13.7,112,12,3,9
2025-09-25 13:00:00+00:00,37.2,32.0,1.8,19.0,28.9,4.4,199.0,328.0,11.9,112,13,3,9
2025-09-25 14:00:00+00:00,37.4,30.0,4.1,18.7,27.6,4.9,192.0,304.0,10.5,111,14,3,9
2025-09-25 15:00:00+00:00,37.1,29.0,8.1,18.1,26.7,4.1,186.0,297.0,9.8,111,15,3,9
2025-09-25 16:00:00+00:00,36.4,31.0,8.5,17.5,26.0,4.8,175.0,327.0,9.5,135,16,3,9
2025-09-25 17:00:00+00:00,35.4,33.0,8.8,17.5,28.4,13.0,127.0,412.0,8.4,158,17,3,9
2025-09-25 18:00:00+00:00,34.4,35.0,7.1,26.0,36.1,36.0,99.0,600.0,10.4,164,18,3,9
2025-09-25 19:00:00+00:00,33.6,38.0,4.9,37.5,47.8,67.7,60.0,843.0,13.3,156,19,3,9
2025-09-25 20:00:00+00:00,32.7,43.0,3.8,50.3,60.5,90.8,30.0,1018.0,15.8,130,20,3,9
2025-09-25 21:00:00+00:00,31.5,47.0,1.4,63.6,73.8,96.7,17.0,1083.0,17.7,108,21,3,9
2025-09-25 22:00:00+00:00,30.5,52.0,2.2,73.1,83.4,94.1,12.0,1081.0,19.3,107,22,3,9
2025-09-25 23:00:00+00:00,30.0,58.0,0.8,76.8,86.8,91.9,8.0,1013.0,20.2,107,23,3,9
2025-09-26 00:00:00+00:00,29.8,58.0,3.2,78.0,88.2,93.5,4.0,833.0,20.0,108,0,4,9
2025-09-26 01:00:00+00:00,29.6,60.0,6.1,78.9,90.1,95.4,2.0,588.0,19.2,111,1,4,9
2025-09-26 02:00:00+00:00,29.1,63.0,4.9,77.1,89.2,96.2,0.0,419.0,18.4,114,2,4,9
2025-09-26 03:00:00+00:00,28.7,65.0,4.5,73.6,86.4,94.7,0.0,366.0,17.9,117,3,4,9
2025-09-26 04:00:00+00:00,28.4,66.0,4.9,71.5,85.2,92.0,0.0,390.0,17.5,119,4,4,9
2025-09-26 05:00:00+00:00,27.9,68.0,4.7,39.7,54.6,46.3,19.0,511.0,8.4,121,5,4,9
2025-09-26 06:00:00+00:00,27.6,75.0,3.7,43.0,58.4,48.1,26.0,841.0,9.0,122,6,4,9
2025-09-26 07:00:00+00:00,28.5,71.0,5.0,49.5,63.1,50.1,37.0,1269.0,10.0,123,7,4,9
2025-09-26 08:00:00+00:00,30.1,65.0,0.7,47.4,58.4,47.5,59.0,1480.0,11.4,123,8,4,9
2025-09-26 09:00:00+00:00,31.9,58.0,1.3,40.2,50.5,35.8,103.0,1262.0,13.8,124,9,4,9
2025-09-26 10:00:00+00:00,33.6,48.0,1.8,31.9,41.6,19.6,158.0,828.0,16.7,125,10,4,9
2025-09-26 11:00:00+00:00,35.1,41.0,4.2,29.4,39.9,7.5,197.0,499.0,18.3,125,11,4,9
2025-09-26 12:00:00+00:00,36.1,38.0,6.2,28.9,39.2,3.4,208.0,412.0,17.6,126,12,4,9
2025-09-26 13:00:00+00:00,36.6,36.0,7.6,28.6,38.5,3.4,204.0,430.0,15.7,127,13,4,9
2025-09-26 14:00:00+00:00,36.8,36.0,7.9,28.7,38.5,4.6,196.0,464.0,14.1,128,14,4,9
2025-09-26 15:00:00+00:00,36.7,37.0,8.4,28.8,38.9,4.5,190.0,460.0,13.5,129,15,4,9
2025-09-26 16:00:00+00:00,36.1,39.0,9.0,28.8,39.2,5.6,180.0,472.0,13.3,146,16,4,9
2025-09-26 17:00:00+00:00,35.1,42.0,9.3,25.6,36.9,11.8,141.0,573.0,11.7,166,17,4,9
2025-09-26 18:00:00+00:00,33.3,48.0,7.5,31.0,40.2,25.5,115.0,853.0,11.9,173,18,4,9
2025-09-26 19:00:00+00:00,32.4,53.0,6.7,36.6,45.2,44.5,79.0,1222.0,12.3,166,19,4,9
2025-09-26 20:00:00+00:00,31.5,58.0,3.6,39.1,47.8,59.5,51.0,1480.0,12.7,146,20,4,9
2025-09-26 21:00:00+00:00,31.1,62.0,1.1,40.7,49.8,66.1,39.0,1549.0,13.1,131,21,4,9
2025-09-26 22:00:00+00:00,30.2,63.0,3.1,43.7,53.7,68.8,34.0,1508.0,13.6,129,22,4,9
2025-09-26 23:00:00+00:00,29.3,66.0,3.6,47.7,58.6,71.7,29.0,1391.0,14.0,126,23,4,9
2025-09-27 00:00:00+00:00,28.5,69.0,3.8,51.2,62.4,76.7,22.0,1148.0,14.4,123,0,5,9
2025-09-27 01:00:00+00:00,28.0,72.0,4.1,56.0,67.5,81.9,15.0,829.0,14.8,120,1,5,9
2025-09-27 02:00:00+00:00,27.6,72.0,4.2,60.1,71.7,85.3,9.0,619.0,15.1,117,2,5,9
2025-09-27 03:00:00+00:00,27.4,72.0,1.5,64.0,75.2,85.8,3.0,582.0,15.1,116,3,5,9
2025-09-27 04:00:00+00:00,27.0,73.0,1.0,68.9,79.4,84.4,0.0,655.0,14.9,115,4,5,9
2025-09-27 05:00:00+00:00,26.0,77.0,2.7,71.7,82.7,90.1,1.0,834.0,16.1,114,5,5,9
2025-09-27 06:00:00+00:00,26.7,78.0,3.3,76.6,86.1,90.1,9.0,1241.0,16.6,118,6,5,9
2025-09-27 07:00:00+00:00,27.1,77.0,3.8,80.6,87.5,89.0,21.0,1753.0,17.2,121,7,5,9
2025-09-27 08:00:00+00:00,29.5,69.0,3.1,70.3,77.8,81.0,47.0,1999.0,18.2,124,8,5,9
2025-09-27 09:00:00+00:00,32.0,58.0,3.0,52.3,64.3,59.3,99.0,1731.0,20.1,127,9,5,9
2025-09-27 10:00:00+00:00,34.2,49.0,2.8,44.1,59.1,30.6,165.0,1197.0,22.2,128,10,5,9
2025-09-27 11:00:00+00:00,36.0,39.0,4.4,39.1,56.0,9.4,212.0,765.0,22.8,129,11,5,9
2025-09-27 12:00:00+00:00,37.2,33.0,6.8,36.0,53.2,2.5,224.0,575.0,20.5,130,12,5,9
2025-09-27 13:00:00+00:00,37.8,31.0,8.6,34.3,51.9,3.0,217.0,488.0,16.6,131,13,5,9
2025-09-27 14:00:00+00:00,37.8,30.0,9.4,33.3,50.4,4.9,207.0,449.0,13.5,132,14,5,9
2025-09-27 15:00:00+00:00,37.5,30.0,9.9,32.5,48.8,3.8,201.0,426.0,12.0,132,15,5,9
2025-09-27 16:00:00+00:00,36.8,31.0,10.3,32.0,47.5,4.1,191.0,452.0,11.4,156,16,5,9
2025-09-27 17:00:00+00:00,35.8,33.0,10.8,24.0,33.5,11.3,165.0,570.0,10.9,179,17,5,9
2025-09-27 18:00:00+00:00,34.0,36.0,3.4,31.7,39.9,30.7,129.0,816.0,11.6,190,18,5,9
2025-09-27 19:00:00+00:00,32.7,39.0,3.6,39.0,46.3,57.6,80.0,1153.0,12.6,184,19,5,9
2025-09-27 20:00:00+00:00,31.8,43.0,2.3,43.7,50.2,77.7,42.0,1516.0,13.4,163,20,5,9
2025-09-27 21:00:00+00:00,30.5,47.0,1.9,47.0,53.3,85.0,27.0,1950.0,14.1,133,21,5,9
2025-09-27 22:00:00+00:00,29.5,51.0,1.7,49.4,55.3,85.7,24.0,2409.0,14.6,134,22,5,9
2025-09-27 23:00:00+00:00,29.3,52.0,0.6,49.4,55.1,84.1,23.0,2688.0,14.8,135,23,5,9
2025-09-28 00:00:00+00:00,28.9,53.0,1.0,47.6,53.3,80.7,22.0,2644.0,14.4,135,0,6,9
2025-09-28 01:00:00+00:00,28.4,61.0,0.6,46.8,52.3,74.9,24.0,2420.0,13.7,135,1,6,9
2025-09-28 02:00:00+00:00,27.8,58.0,0.9,46.2,51.7,69.7,25.0,2237.0,13.1,134,2,6,9
2025-09-28 03:00:00+00:00,27.1,62.0,0.2,46.1,51.6,66.0,23.0,2183.0,12.6,132,3,6,9
2025-09-28 04:00:00+00:00,26.0,65.0,3.3,46.9,52.0,62.9,20.0,2170.0,12.2,130,4,6,9
2025-09-28 05:00:00+00:00,25.3,69.0,3.6,48.7,52.9,50.0,29.0,2153.0,10.8,128,5,6,9
2025-09-28 06:00:00+00:00,26.2,74.0,4.7,48.2,51.3,50.0,38.0,2168.0,11.4,126,6,6,9
2025-09-28 07:00:00+00:00,26.9,74.0,5.3,47.3,49.7,49.5,53.0,2180.0,12.1,123,7,6,9
2025-09-28 08:00:00+00:00,29.3,67.0,3.8,43.9,46.3,45.2,75.0,2039.0,12.5,119,8,6,9
2025-09-28 09:00:00+00:00,32.0,58.0,4.9,32.2,34.6,33.2,112.0,1590.0,12.1,116,9,6,9
2025-09-28 10:00:00+00:00,33.7,51.0,6.6,24.8,27.2,17.4,156.0,988.0,11.3,114,10,6,9
2025-09-28 11:00:00+00:00,34.7,48.0,7.1,22.4,26.5,5.8,189.0,548.0,10.5,112,11,6,9
2025-09-28 12:00:00+00:00,35.4,47.0,7.3,21.7,27.1,2.3,202.0,420.0,9.8,111,12,6,9
2025-09-28 13:00:00+00:00,35.7,47.0,7.0,21.4,27.2,3.1,205.0,455.0,9.1,109,13,6,9
2025-09-28 14:00:00+00:00,35.6,47.0,6.7,21.4,27.4,4.8,204.0,521.0,8.7,108,14,6,9
2025-09-28 15:00:00+00:00,35.8,45.0,5.9,21.7,27.7,3.5,207.0,560.0,8.7,121,15,6,9
2025-09-28 16:00:00+00:00,35.4,46.0,6.5,22.1,28.2,3.0,208.0,629.0,9.0,153,16,6,9
2025-09-28 17:00:00+00:00,34.5,48.0,7.4,25.8,33.2,11.8,170.0,772.0,8.6,174,17,6,9
2025-09-28 18:00:00+00:00,33.2,52.0,5.0,37.0,44.0,42.1,129.0,1057.0,10.6,183,18,6,9
2025-09-28 19:00:00+00:00,32.2,58.0,2.3,46.7,54.1,83.8,73.0,1415.0,13.5,179,19,6,9
2025-09-28 20:00:00+00:00,31.5,63.0,2.3,55.3,63.1,113.7,30.0,1683.0,15.7,160,20,6,9
2025-09-28 21:00:00+00:00,30.8,63.0,3.4,59.8,68.0,121.4,15.0,1792.0,16.9,127,21,6,9
2025-09-28 22:00:00+00:00,30.0,68.0,3.6,62.6,71.2,117.3,13.0,1810.0,17.5,108,22,6,9
2025-09-28 23:00:00+00:00,29.5,71.0,3.2,63.6,72.9,109.8,14.0,1781.0,17.6,110,23,6,9
2025-09-29 00:00:00+00:00,29.1,74.0,2.5,62.6,72.4,100.4,15.0,1694.0,16.9,111,0,0,9
2025-09-29 01:00:00+00:00,28.9,73.0,0.8,61.5,71.0,87.5,20.0,1558.0,15.7,113,1,0,9
2025-09-29 02:00:00+00:00,28.3,75.0,0.8,59.1,68.0,75.1,24.0,1447.0,14.6,114,2,0,9
2025-09-29 03:00:00+00:00,27.3,78.0,2.7,56.5,64.5,63.4,26.0,1361.0,13.6,116,3,0,9
2025-09-29 04:00:00+00:00,26.6,80.0,4.8,53.8,61.0,52.1,29.0,1300.0,12.7,117,4,0,9
2025-09-29 05:00:00+00:00,26.2,82.0,3.7,50.4,56.9,44.3,26.0,1333.0,11.2,118,5,0,9
2025-09-29 06:00:00+00:00,26.8,85.0,2.7,47.1,52.2,43.9,33.0,1588.0,11.2,118,6,0,9
2025-09-29 07:00:00+00:00,27.8,79.0,3.2,47.7,51.5,43.0,45.0,1937.0,11.3,118,7,0,9
2025-09-29 08:00:00+00:00,30.3,67.0,2.5,46.2,49.8,39.3,64.0,2062.0,11.8,118,8,0,9
2025-09-29 09:00:00+00:00,32.3,58.0,2.8,38.6,44.8,30.3,97.0,1738.0,13.3,118,9,0,9
2025-09-29 10:00:00+00:00,33.4,53.0,2.5,36.8,48.3,18.5,138.0,1191.0,15.2,119,10,0,9
2025-09-29 11:00:00+00:00,33.8,53.0,3.1,39.9,55.5,9.6,172.0,782.0,16.8,120,11,0,9
2025-09-29 12:00:00+00:00,34.2,51.0,8.0,44.1,63.1,6.0,192.0,674.0,17.6,122,12,0,9
2025-09-29 13:00:00+00:00,34.5,49.0,5.4,44.8,64.7,5.2,205.0,704.0,18.0,124,13,0,9
2025-09-29 14:00:00+00:00,35.0,47.0,4.1,43.5,62.6,5.8,212.0,743.0,18.2,126,14,0,9
2025-09-29 15:00:00+00:00,34.9,46.0,4.7,42.3,60.1,3.4,217.0,694.0,18.1,129,15,0,9
2025-09-29 16:00:00+00:00,34.4,47.0,6.0,40.9,56.6,2.3,215.0,656.0,17.8,142,16,0,9
2025-09-29 17:00:00+00:00,33.8,48.0,6.1,49.5,73.6,15.2,180.0,791.0,21.0,168,17,0,9
2025-09-29 18:00:00+00:00,30.9,66.0,3.2,60.5,81.7,49.6,137.0,1294.0,23.5,182,18,0,9
2025-09-29 19:00:00+00:00,30.8,67.0,2.7,75.0,96.4,96.4,78.0,1972.0,27.0,181,19,0,9
2025-09-29 20:00:00+00:00,30.4,69.0,3.6,87.3,108.5,127.2,35.0,2408.0,29.0,166,20,0,9
2025-09-29 21:00:00+00:00,30.0,73.0,2.7,86.6,105.9,127.4,24.0,2400.0,28.4,144,21,0,9
2025-09-29 22:00:00+00:00,29.3,74.0,5.4,77.8,95.2,111.5,30.0,2151.0,26.5,147,22,0,9
2025-09-29 23:00:00+00:00,28.5,77.0,4.4,71.0,86.4,94.4,37.0,1853.0,24.3,148,23,0,9
2025-09-30 00:00:00+00:00,27.9,79.0,4.1,64.3,79.2,79.3,41.0,1517.0,22.0,149,0,1,9
2025-09-30 01:00:00+00:00,27.5,81.0,4.1,59.8,74.7,63.0,45.0,1132.0,19.5,149,1,1,9
2025-09-30 02:00:00+00:00,27.1,82.0,4.3,56.5,71.5,50.9,48.0,857.0,17.7,149,2,1,9
2025-09-30 03:00:00+00:00,26.7,85.0,2.4,53.7,69.4,45.9,46.0,735.0,17.0,149,3,1,9
2025-09-30 04:00:00+00:00,26.2,87.0,2.9,53.7,70.8,45.0,42.0,722.0,16.9,149,4,1,9
2025-09-30 05:00:00+00:00,25.8,87.0,5.6,79.6,101.0,75.0,16.0,847.0,18.8,149,5,1,9
2025-09-30 06:00:00+00:00,26.3,89.0,5.3,85.4,106.9,70.3,29.0,1259.0,19.6,150,6,1,9
2025-09-30 07:00:00+00:00,26.8,86.0,4.2,94.1,111.3,63.3,49.0,1810.0,20.7,152,7,1,9
2025-09-30 08:00:00+00:00,28.9,76.0,3.1,62.6,84.8,53.6,77.0,2077.0,21.7,153,8,1,9
2025-09-30 09:00:00+00:00,31.2,66.0,2.7,53.8,78.0,38.9,121.0,1784.0,22.7,153,9,1,9
2025-09-30 10:00:00+00:00,33.2,58.0,2.3,49.5,71.0,21.5,174.0,1208.0,23.5,154,10,1,9
2025-09-30 11:00:00+00:00,34.9,48.0,0.8,46.9,63.8,8.8,213.0,761.0,23.4,154,11,1,9
2025-09-30 12:00:00+00:00,36.0,41.0,0.5,41.0,53.7,4.3,227.0,611.0,21.4,155,12,1,9
2025-09-30 13:00:00+00:00,36.8,36.0,1.5,38.0,48.8,4.3,227.0,589.0,18.4,154,13,1,9
2025-09-30 14:00:00+00:00,37.0,34.0,3.1,36.6,46.3,5.6,223.0,600.0,16.1,154,14,1,9
2025-09-30 15:00:00+00:00,36.8,32.0,3.6,35.5,44.8,4.1,220.0,534.0,14.9,154,15,1,9
2025-09-30 16:00:00+00:00,36.6,31.0,4.0,34.9,43.9,3.7,213.0,501.0,14.4,174,16,1,9
2025-09-30 17:00:00+00:00,35.8,32.0,4.4,46.2,58.3,13.9,191.0,735.0,16.7,195,17,1,9
2025-09-30 18:00:00+00:00,34.0,39.0,3.7,53.8,64.5,24.6,166.0,1581.0,17.5,203,18,1,9
2025-09-30 19:00:00+00:00,32.5,49.0,4.5,58.6,68.0,39.1,131.0,2694.0,18.6,202,19,1,9
2025-09-30 20:00:00+00:00,31.4,56.0,3.7,58.9,67.1,48.4,104.0,3271.0,19.0,192,20,1,9
2025-09-30 21:00:00+00:00,30.6,60.0,4.3,57.7,65.4,47.6,94.0,2788.0,18.2,173,21,1,9
2025-09-30 22:00:00+00:00,30.1,61.0,6.4,55.6,63.1,41.6,93.0,1769.0,16.8,151,22,1,9
2025-09-30 23:00:00+00:00,29.5,65.0,6.7,52.7,59.3,35.7,92.0,980.0,15.4,150,23,1,9
2025-10-01 00:00:00+00:00,28.8,69.0,4.5,49.5,54.9,31.3,89.0,749.0,14.2,150,0,2,10
2025-10-01 01:00:00+00:00,28.0,74.0,3.6,46.7,51.3,27.1,85.0,748.0,13.1,148,1,2,10
2025-10-01 02:00:00+00:00,27.5,77.0,3.2,44.7,50.8,24.5,80.0,762.0,12.2,147,2,2,10
2025-10-01 03:00:00+00:00,27.2,78.0,3.2,44.2,53.8,24.6,70.0,683.0,11.5,146,3,2,10
2025-10-01 04:00:00+00:00,27.0,77.0,3.9,44.4,58.1,26.4,57.0,619.0,11.1,145,4,2,10
2025-10-01 05:00:00+00:00,25.1,86.0,8.1,41.0,43.8,15.5,92.0,679.0,11.1,144,5,2,10
2025-10-01 06:00:00+00:00,24.9,88.0,12.3,43.4,45.5,20.9,87.0,1016.0,11.9,140,6,2,10
2025-10-01 07:00:00+00:00,25.2,82.0,6.2,48.5,50.6,28.0,82.0,1477.0,13.1,135,7,2,10
2025-10-01 08:00:00+00:00,26.7,74.0,3.6,48.4,55.3,30.9,89.0,1708.0,14.6,130,8,2,10
2025-10-01 09:00:00+00:00,29.1,66.0,2.5,46.4,61.0,25.7,119.0,1483.0,16.8,129,9,2,10
2025-10-01 10:00:00+00:00,31.0,60.0,3.7,44.6,64.3,16.3,161.0,1029.0,19.2,128,10,2,10
2025-10-01 11:00:00+00:00,33.1,51.0,2.4,44.0,65.0,8.9,193.0,672.0,20.4,128,11,2,10
2025-10-01 12:00:00+00:00,31.5,55.0,16.6,42.7,62.4,5.9,205.0,541.0,19.2,127,12,2,10
2025-10-01 13:00:00+00:00,32.3,54.0,6.7,41.3,58.9,5.0,206.0,508.0,16.7,128,13,2,10
2025-10-01 14:00:00+00:00,33.5,48.0,8.5,40.2,56.1,5.2,204.0,512.0,14.8,128,14,2,10
2025-10-01 15:00:00+00:00,33.5,47.0,9.4,39.0,53.9,3.6,203.0,520.0,14.0,134,15,2,10
2025-10-01 16:00:00+00:00,33.0,47.0,8.3,37.8,52.0,3.1,198.0,564.0,13.7,158,16,2,10
2025-10-01 17:00:00+00:00,34.3,39.0,7.6,41.7,59.1,10.1,146.0,684.0,11.2,175,17,2,10
2025-10-01 18:00:00+00:00,32.8,47.0,2.8,46.4,60.8,29.9,117.0,971.0,12.5,179,18,2,10
2025-10-01 19:00:00+00:00,31.6,58.0,1.1,54.1,68.9,57.4,78.0,1334.0,14.2,172,19,2,10
2025-10-01 20:00:00+00:00,30.6,58.0,4.2,61.5,77.1,79.7,45.0,1536.0,15.8,154,20,2,10
2025-10-01 21:00:00+00:00,29.3,67.0,5.8,69.8,85.4,93.3,26.0,1435.0,17.1,128,21,2,10
2025-10-01 22:00:00+00:00,28.6,69.0,5.0,78.5,93.8,101.7,14.0,1173.0,18.3,129,22,2,10
2025-10-01 23:00:00+00:00,28.5,76.0,5.3,76.6,90.3,102.3,9.0,940.0,18.7,131,23,2,10
2025-10-02 00:00:00+00:00,28.3,75.0,5.8,70.3,82.0,90.6,15.0,788.0,17.9,134,0,3,10
2025-10-02 01:00:00+00:00,27.8,77.0,5.4,65.2,75.2,71.1,28.0,666.0,16.4,136,1,3,10
2025-10-02 02:00:00+00:00,27.4,80.0,5.8,61.7,70.3,55.1,38.0,609.0,15.0,138,2,3,10
2025-10-02 03:00:00+00:00,27.1,80.0,6.5,58.6,66.4,46.6,39.0,642.0,13.8,140,3,3,10
2025-10-02 04:00:00+00:00,26.6,85.0,2.2,55.8,63.1,41.6,36.0,741.0,12.6,141,4,3,10
2025-10-02 05:00:00+00:00,23.2,90.0,21.0,66.6,76.1,61.5,16.0,868.0,13.4,142,5,3,10
2025-10-02 06:00:00+00:00,23.9,86.0,4.5,66.4,74.3,59.6,22.0,1066.0,13.5,145,6,3,10
2025-10-02 07:00:00+00:00,24.7,83.0,4.8,66.1,73.3,56.4,33.0,1293.0,13.6,147,7,3,10
2025-10-02 08:00:00+00:00,26.2,78.0,5.2,61.0,69.8,50.2,56.0,1387.0,14.4,149,8,3,10
2025-10-02 09:00:00+00:00,28.1,71.0,5.8,53.3,64.3,38.0,103.0,1228.0,16.5,150,9,3,10
2025-10-02 10:00:00+00:00,29.9,64.0,5.1,47.5,58.3,22.7,162.0,936.0,19.3,150,10,3,10
2025-10-02 11:00:00+00:00,32.3,56.0,2.6,44.6,55.2,11.1,207.0,716.0,20.8,150,11,3,10
2025-10-02 12:00:00+00:00,33.8,48.0,1.9,44.7,56.5,6.3,225.0,651.0,19.9,150,12,3,10
2025-10-02 13:00:00+00:00,34.7,42.0,4.9,44.6,56.7,5.3,227.0,657.0,17.8,150,13,3,10
2025-10-02 14:00:00+00:00,35.0,39.0,7.9,44.0,55.9,5.6,224.0,687.0,16.0,151,14,3,10
2025-10-02 15:00:00+00:00,34.9,37.0,8.8,43.3,54.9,5.1,219.0,691.0,15.0,151,15,3,10
2025-10-02 16:00:00+00:00,34.2,38.0,7.7,42.6,53.8,6.0,209.0,718.0,14.2,164,16,3,10
2025-10-02 17:00:00+00:00,32.9,50.0,5.8,49.6,61.5,14.7,165.0,866.0,15.1,189,17,3,10
2025-10-02 18:00:00+00:00,30.7,61.0,4.3,55.2,66.8,35.6,131.0,1213.0,16.4,199,18,3,10
2025-10-02 19:00:00+00:00,29.9,64.0,3.1,65.0,76.4,64.1,85.0,1681.0,18.2,194,19,3,10
2025-10-02 20:00:00+00:00,29.5,63.0,0.4,73.3,84.5,83.5,50.0,2139.0,19.4,174,20,3,10
2025-10-02 21:00:00+00:00,27.8,72.0,5.6,79.4,90.3,86.6,37.0,2645.0,19.5,152,21,3,10
2025-10-02 22:00:00+00:00,27.5,75.0,3.6,79.9,89.9,80.7,35.0,3141.0,19.1,152,22,3,10
2025-10-02 23:00:00+00:00,27.0,88.0,3.3,75.0,83.8,70.7,39.0,3321.0,18.3,152,23,3,10
2025-10-03 00:00:00+00:00,27.0,87.0,4.2,67.3,75.0,55.3,49.0,2933.0,17.0,152,0,4,10
2025-10-03 01:00:00+00:00,27.2,82.0,2.3,60.3,67.1,35.8,64.0,2229.0,15.4,152,1,4,10
2025-10-03 02:00:00+00:00,26.8,80.0,7.0,55.5,61.9,21.0,76.0,1653.0,14.1,152,2,4,10
2025-10-03 03:00:00+00:00,25.8,82.0,8.1,52.0,58.2,14.7,82.0,1381.0,13.5,152,3,4,10
2025-10-03 04:00:00+00:00,22.7,88.0,18.9,49.6,55.4,13.2,86.0,1237.0,13.2,152,4,4,10
2025-10-03 05:00:00+00:00,25.4,84.0,8.2,37.4,41.2,6.9,119.0,1146.0,9.0,152,5,4,10
2025-10-03 06:00:00+00:00,24.5,87.0,17.4,39.3,43.4,11.8,111.0,1106.0,9.7,151,6,4,10
2025-10-03 07:00:00+00:00,23.5,87.0,10.8,42.0,46.1,18.3,101.0,1119.0,10.6,150,7,4,10
2025-10-03 08:00:00+00:00,24.7,84.0,6.0,42.3,46.2,21.9,101.0,1111.0,11.8,147,8,4,10
2025-10-03 09:00:00+00:00,26.2,79.0,5.9,43.7,49.6,19.8,120.0,1049.0,13.4,145,9,4,10
2025-10-03 10:00:00+00:00,28.0,74.0,3.5,46.4,54.1,14.7,150.0,966.0,15.2,144,10,4,10
2025-10-03 11:00:00+00:00,29.3,65.0,9.4,49.7,58.2,10.5,177.0,894.0,16.5,144,11,4,10
2025-10-03 12:00:00+00:00,30.1,60.0,8.2,52.6,61.9,8.2,198.0,822.0,17.0,145,12,4,10
2025-10-03 13:00:00+00:00,30.8,53.0,5.5,53.2,63.1,6.7,215.0,761.0,17.0,146,13,4,10
2025-10-03 14:00:00+00:00,31.3,50.0,4.1,52.7,62.6,6.4,225.0,770.0,17.1,147,14,4,10
2025-10-03 15:00:00+00:00,31.4,49.0,2.0,51.9,61.2,6.3,226.0,871.0,17.4,147,15,4,10
2025-10-03 16:00:00+00:00,31.4,48.0,2.2,51.0,59.8,7.4,219.0,1042.0,17.8,163,16,4,10
2025-10-03 17:00:00+00:00,30.7,60.0,5.2,34.0,38.3,11.9,165.0,1281.0,14.7,181,17,4,10
2025-10-03 18:00:00+00:00,28.7,74.0,3.7,39.1,42.6,30.2,132.0,1621.0,15.5,189,18,4,10
2025-10-03 19:00:00+00:00,27.8,77.0,3.3,47.3,50.6,55.4,87.0,2030.0,16.6,186,19,4,10
2025-10-03 20:00:00+00:00,27.0,76.0,4.2,51.7,54.8,74.1,52.0,2407.0,17.4,171,20,4,10
2025-10-03 21:00:00+00:00,26.4,75.0,4.2,54.8,57.7,80.4,37.0,2793.0,17.6,147,21,4,10
2025-10-03 22:00:00+00:00,25.7,77.0,3.6,57.0,60.1,80.2,32.0,3148.0,17.6,139,22,4,10
2025-10-03 23:00:00+00:00,25.3,78.0,4.7,56.7,59.6,78.0,30.0,3251.0,17.3,137,23,4,10
2025-10-04 00:00:00+00:00,25.1,79.0,4.5,55.2,58.3,74.7,28.0,2907.0,16.9,135,0,5,10
2025-10-04 01:00:00+00:00,24.7,80.0,4.5,54.4,57.6,69.4,29.0,2312.0,16.2,134,1,5,10
2025-10-04 02:00:00+00:00,24.5,80.0,4.0,56.5,60.1,63.7,31.0,1829.0,15.6,133,2,5,10
2025-10-04 03:00:00+00:00,24.4,80.0,3.7,59.1,62.6,57.1,33.0,1579.0,14.9,133,3,5,10
2025-10-04 04:00:00+00:00,24.2,80.0,3.3,58.7,62.4,50.2,36.0,1441.0,14.1,134,4,5,10
2025-10-04 05:00:00+00:00,23.7,85.0,1.0,63.3,67.3,57.2,20.0,1417.0,13.6,135,5,5,10
2025-10-04 06:00:00+00:00,23.6,88.0,2.5,69.8,73.8,61.7,21.0,1617.0,14.1,138,6,5,10
2025-10-04 07:00:00+00:00,24.5,84.0,4.8,75.7,79.4,67.2,26.0,1930.0,14.8,141,7,5,10
2025-10-04 08:00:00+00:00,26.4,77.0,4.0,64.0,67.1,65.4,43.0,2030.0,16.2,144,8,5,10
2025-10-04 09:00:00+00:00,28.8,66.0,4.9,50.6,55.6,49.2,87.0,1687.0,19.2,147,9,5,10
2025-10-04 10:00:00+00:00,30.7,55.0,6.3,46.9,54.0,25.7,145.0,1130.0,23.0,147,10,5,10
2025-10-04 11:00:00+00:00,26.1,66.0,25.7,50.9,60.1,8.2,187.0,722.0,24.8,147,11,5,10
2025-10-04 12:00:00+00:00,26.7,69.0,4.4,53.4,64.0,2.7,200.0,626.0,23.0,147,12,5,10
2025-10-04 13:00:00+00:00,29.5,59.0,6.1,54.5,65.4,3.3,198.0,680.0,19.4,147,13,5,10
2025-10-04 14:00:00+00:00,31.2,54.0,8.9,54.1,65.4,4.9,193.0,753.0,16.6,148,14,5,10
2025-10-04 15:00:00+00:00,31.5,52.0,7.9,53.3,64.7,5.6,190.0,764.0,15.8,148,15,5,10
2025-10-04 16:00:00+00:00,31.2,53.0,7.7,53.1,64.5,7.5,185.0,796.0,15.8,148,16,5,10
2025-10-04 17:00:00+00:00,31.3,50.0,6.8,58.2,67.3,12.3,167.0,967.0,19.0,158,17,5,10
2025-10-04 18:00:00+00:00,28.8,62.0,6.0,61.2,67.8,18.1,146.0,1387.0,18.3,171,18,5,10
2025-10-04 19:00:00+00:00,27.3,66.0,9.7,61.7,67.3,26.4,117.0,1947.0,17.4,171,19,5,10
2025-10-04 20:00:00+00:00,25.0,69.0,1.5,61.5,66.4,34.9,91.0,2432.0,16.7,160,20,5,10
2025-10-04 21:00:00+00:00,25.0,76.0,2.0,62.4,67.1,43.9,73.0,2849.0,16.6,152,21,5,10
2025-10-04 22:00:00+00:00,24.9,73.0,3.1,64.0,68.9,53.1,58.0,3192.0,16.7,152,22,5,10
2025-10-04 23:00:00+00:00,24.4,73.0,6.2,67.3,72.4,59.6,46.0,3231.0,16.8,152,23,5,10
2025-10-05 00:00:00+00:00,23.7,75.0,5.2,70.1,75.2,62.8,37.0,2739.0,16.7,152,0,6,10
2025-10-05 01:00:00+00:00,23.7,75.0,4.9,71.0,75.9,63.3,31.0,1943.0,16.5,153,1,6,10
2025-10-05 02:00:00+00:00,23.6,75.0,5.4,70.8,75.2,60.3,30.0,1293.0,16.1,153,2,6,10
2025-10-05 03:00:00+00:00,23.4,77.0,4.9,70.1,74.5,51.0,37.0,946.0,15.0,154,3,6,10
2025-10-05 04:00:00+00:00,22.9,78.0,7.9,68.7,72.6,38.2,50.0,745.0,13.6,154,4,6,10
2025-10-05 05:00:00+00:00,20.3,92.0,2.6,54.6,59.3,31.3,52.0,663.0,12.6,154,5,6,10
2025-10-05 06:00:00+00:00,20.3,86.0,3.8,64.7,70.1,38.3,48.0,774.0,13.4,154,6,6,10
2025-10-05 07:00:00+00:00,20.4,85.0,13.0,71.5,75.9,47.4,45.0,1005.0,14.6,154,7,6,10
2025-10-05 08:00:00+00:00,21.9,84.0,8.3,66.8,71.7,50.2,54.0,1108.0,15.6,154,8,6,10
2025-10-05 09:00:00+00:00,23.7,76.0,12.0,56.3,64.0,40.7,86.0,928.0,16.6,154,9,6,10
2025-10-05 10:00:00+00:00,25.2,65.0,13.9,52.0,62.4,25.0,131.0,620.0,17.4,154,10,6,10
2025-10-05 11:00:00+00:00,25.6,60.0,12.9,51.9,62.9,12.7,166.0,400.0,17.6,154,11,6,10
2025-10-05 12:00:00+00:00,26.7,55.0,10.4,56.2,68.2,7.6,184.0,335.0,16.6,154,12,6,10
2025-10-05 13:00:00+00:00,27.7,52.0,7.8,53.0,65.7,5.9,192.0,359.0,14.8,154,13,6,10
2025-10-05 14:00:00+00:00,28.3,51.0,5.1,49.0,61.0,6.6,193.0,485.0,13.4,154,14,6,10
2025-10-05 15:00:00+00:00,28.5,52.0,3.5,46.2,58.3,9.5,185.0,783.0,12.7,154,15,6,10
2025-10-05 16:00:00+00:00,28.0,55.0,4.7,45.6,57.0,14.7,170.0,1183.0,12.4,154,16,6,10
2025-10-05 17:00:00+00:00,27.5,66.0,4.9,33.8,40.3,15.7,163.0,1495.0,12.9,154,17,6,10
2025-10-05 18:00:00+00:00,25.7,73.0,5.2,45.1,51.5,39.7,127.0,1673.0,13.8,158,18,6,10
2025-10-05 19:00:00+00:00,25.0,76.0,3.9,58.4,64.5,72.1,77.0,1763.0,15.0,158,19,6,10
2025-10-05 20:00:00+00:00,24.6,76.0,4.8,58.3,63.1,91.5,42.0,1712.0,15.4,152,20,6,10
2025-10-05 21:00:00+00:00,24.0,76.0,5.1,52.3,56.1,86.3,35.0,1428.0,14.3,152,21,6,10
2025-10-05 22:00:00+00:00,23.6,75.0,5.7,49.6,53.3,68.1,44.0,1003.0,12.4,152,22,6,10
2025-10-05 23:00:00+00:00,23.8,78.0,7.7,44.5,48.3,50.8,55.0,664.0,11.0,152,23,6,10
2025-10-06 00:00:00+00:00,23.6,80.0,8.4,39.6,44.4,38.0,68.0,500.0,10.6,151,0,0,10
2025-10-06 01:00:00+00:00,23.0,86.0,6.3,35.5,41.9,26.0,84.0,421.0,10.6,150,1,0,10
2025-10-06 02:00:00+00:00,22.7,89.0,5.8,33.9,41.6,17.6,94.0,383.0,10.5,146,2,0,10
2025-10-06 03:00:00+00:00,22.5,89.0,5.1,32.5,37.5,14.5,93.0,376.0,10.0,142,3,0,10
2025-10-06 04:00:00+00:00,20.1,89.0,13.0,31.1,34.9,14.9,86.0,411.0,9.4,138,4,0,10
2025-10-06 05:00:00+00:00,20.3,92.0,5.7,27.1,31.0,11.3,91.0,474.0,9.5,134,5,0,10
2025-10-06 06:00:00+00:00,20.3,94.0,11.3,27.9,31.9,15.8,83.0,594.0,10.1,132,6,0,10
2025-10-06 07:00:00+00:00,19.7,96.0,14.1,28.8,33.5,21.9,72.0,742.0,10.9,128,7,0,10
2025-10-06 08:00:00+00:00,20.0,96.0,12.4,29.3,35.6,24.7,68.0,816.0,11.4,123,8,0,10
2025-10-06 09:00:00+00:00,20.3,96.0,13.8,28.5,35.0,21.1,77.0,749.0,11.4,119,9,0,10
2025-10-06 10:00:00+00:00,20.2,96.0,10.6,25.3,34.9,14.4,92.0,608.0,11.2,116,10,0,10
2025-10-06 11:00:00+00:00,19.7,95.0,13.9,23.5,37.7,9.5,104.0,493.0,10.8,114,11,0,10
2025-10-06 12:00:00+00:00,20.3,90.0,11.5,22.5,41.9,8.1,110.0,426.0,10.3,111,12,0,10
2025-10-06 13:00:00+00:00,22.3,81.0,11.5,23.1,44.2,8.6,114.0,385.0,9.7,107,13,0,10
2025-10-06 14:00:00+00:00,23.6,71.0,13.4,23.3,39.2,10.9,113.0,399.0,9.0,104,14,0,10
2025-10-06 15:00:00+00:00,23.7,66.0,12.5,24.8,37.8,16.5,106.0,510.0,8.3,101,15,0,10
2025-10-06 16:00:00+00:00,23.2,69.0,13.2,24.0,31.9,23.9,94.0,676.0,7.5,99,16,0,10
2025-10-06 17:00:00+00:00,22.4,75.0,6.0,23.9,40.3,25.2,101.0,803.0,9.8,98,17,0,10
2025-10-06 18:00:00+00:00,21.3,87.0,5.1,35.4,51.8,41.3,79.0,860.0,11.7,97,18,0,10
2025-10-06 19:00:00+00:00,20.3,91.0,10.6,51.8,66.6,63.3,49.0,876.0,14.4,96,19,0,10
2025-10-06 20:00:00+00:00,19.3,92.0,9.6,61.0,76.6,77.8,27.0,848.0,15.8,96,20,0,10
2025-10-06 21:00:00+00:00,19.3,92.0,0.7,66.8,82.9,78.5,19.0,749.0,15.0,96,21,0,10
2025-10-06 22:00:00+00:00,18.6,95.0,5.4,68.7,82.2,71.7,18.0,605.0,13.1,97,22,0,10
2025-10-06 23:00:00+00:00,18.3,100.0,7.4,55.6,67.1,63.6,20.0,487.0,11.2,98,23,0,10
2025-10-07 00:00:00+00:00,17.7,100.0,7.3,44.6,54.9,55.0,23.0,421.0,9.8,99,0,1,10
2025-10-07 01:00:00+00:00,17.6,96.0,12.2,41.1,51.0,45.1,29.0,381.0,8.6,100,1,1,10
2025-10-07 02:00:00+00:00,17.7,96.0,8.4,40.3,48.9,37.0,34.0,360.0,7.6,100,2,1,10
2025-10-07 03:00:00+00:00,18.0,94.0,8.4,39.2,47.0,32.2,37.0,343.0,6.9,101,3,1,10
2025-10-07 04:00:00+00:00,17.7,96.0,8.3,37.8,45.6,29.4,39.0,344.0,6.6,102,4,1,10
2025-10-07 05:00:00+00:00,17.9,95.0,8.9,37.1,37.1,39.6,18.0,403.0,7.4,102,5,1,10
2025-10-07 06:00:00+00:00,17.9,94.0,7.7,36.2,36.4,37.4,22.0,590.0,7.8,103,6,1,10
2025-10-07 07:00:00+00:00,18.5,91.0,7.0,39.0,39.3,34.0,28.0,834.0,8.5,104,7,1,10
2025-10-07 08:00:00+00:00,19.5,87.0,6.5,36.9,38.1,29.4,42.0,964.0,9.3,105,8,1,10
2025-10-07 09:00:00+00:00,20.5,83.0,7.1,32.9,35.7,22.5,71.0,869.0,10.6,106,9,1,10
2025-10-07 10:00:00+00:00,21.4,79.0,5.2,26.3,31.7,14.5,109.0,660.0,12.1,107,10,1,10
2025-10-07 11:00:00+00:00,23.9,69.0,10.0,22.2,30.3,8.4,137.0,501.0,12.7,107,11,1,10
2025-10-07 12:00:00+00:00,24.7,63.0,9.9,21.3,35.0,4.8,149.0,423.0,11.5,107,12,1,10
2025-10-07 13:00:00+00:00,25.3,61.0,7.3,21.1,38.0,3.2,152.0,395.0,9.5,106,13,1,10
2025-10-07 14:00:00+00:00,25.6,60.0,5.0,21.7,39.0,5.6,149.0,488.0,8.1,106,14,1,10
2025-10-07 15:00:00+00:00,25.5,61.0,6.4,21.8,38.6,12.6,141.0,774.0,8.0,106,15,1,10
2025-10-07 16:00:00+00:00,25.0,63.0,6.9,22.6,39.1,23.6,128.0,1181.0,8.6,106,16,1,10
2025-10-07 17:00:00+00:00,23.9,71.0,4.9,31.8,54.5,34.5,88.0,1564.0,7.7,106,17,1,10
2025-10-07 18:00:00+00:00,22.4,78.0,4.8,43.5,65.0,45.6,69.0,1887.0,8.3,106,18,1,10
2025-10-07 19:00:00+00:00,21.5,82.0,6.6,50.1,67.8,60.7,42.0,2185.0,9.2,107,19,1,10
2025-10-07 20:00:00+00:00,20.6,85.0,5.6,48.3,61.5,70.9,22.0,2418.0,9.6,107,20,1,10
2025-10-07 21:00:00+00:00,19.6,90.0,3.8,44.1,53.6,71.1,15.0,2602.0,9.1,106,21,1,10
2025-10-07 22:00:00+00:00,19.2,91.0,2.1,39.3,45.9,66.4,14.0,2721.0,8.2,103,22,1,10
2025-10-07 23:00:00+00:00,19.4,92.0,4.0,36.0,40.9,63.1,14.0,2690.0,7.7,100,23,1,10
2025-10-08 00:00:00+00:00,19.5,93.0,4.4,34.9,39.6,63.6,12.0,2421.0,7.9,99,0,2,10
2025-10-08 01:00:00+00:00,19.0,95.0,2.9,36.8,41.8,65.5,9.0,2001.0,8.4,98,1,2,10
2025-10-08 02:00:00+00:00,18.6,96.0,0.9,41.9,47.7,67.6,7.0,1609.0,9.1,98,2,2,10
2025-10-08 03:00:00+00:00,18.2,98.0,1.5,48.9,55.6,70.3,3.0,1251.0,9.9,98,3,2,10
2025-10-08 04:00:00+00:00,17.9,100.0,2.4,51.9,60.1,73.2,0.0,921.0,10.9,98,4,2,10
2025-10-08 05:00:00+00:00,17.9,100.0,3.2,45.3,51.2,70.7,1.0,773.0,10.4,100,5,2,10
2025-10-08 06:00:00+00:00,18.0,100.0,3.4,49.8,56.2,66.2,7.0,971.0,10.9,100,6,2,10
2025-10-08 07:00:00+00:00,18.4,98.0,5.3,54.9,61.0,59.4,16.0,1352.0,11.6,102,7,2,10
2025-10-08 08:00:00+00:00,20.1,92.0,3.1,50.6,56.3,50.1,34.0,1579.0,12.0,103,8,2,10
2025-10-08 09:00:00+00:00,22.4,80.0,5.2,34.5,46.3,35.9,70.0,1487.0,12.0,105,9,2,10
2025-10-08 10:00:00+00:00,24.3,68.0,7.2,30.3,46.4,19.3,115.0,1242.0,11.8,105,10,2,10
2025-10-08 11:00:00+00:00,25.6,60.0,5.7,26.6,40.6,7.2,149.0,1005.0,11.5,105,11,2,10
2025-10-08 12:00:00+00:00,26.3,57.0,5.3,25.4,38.4,2.7,165.0,775.0,11.0,106,12,2,10
2025-10-08 13:00:00+00:00,26.8,55.0,5.6,25.5,38.5,2.8,171.0,553.0,10.4,106,13,2,10
2025-10-08 14:00:00+00:00,26.9,54.0,6.5,26.2,39.2,5.6,169.0,501.0,10.1,107,14,2,10
2025-10-08 15:00:00+00:00,26.7,54.0,7.5,27.1,40.0,9.6,160.0,648.0,10.1,107,15,2,10
2025-10-08 16:00:00+00:00,26.2,56.0,6.6,27.9,40.3,16.3,144.0,965.0,10.3,108,16,2,10
2025-10-08 17:00:00+00:00,25.0,63.0,4.8,27.9,33.2,30.1,119.0,1522.0,10.9,110,17,2,10
2025-10-08 18:00:00+00:00,23.3,68.0,5.6,38.8,44.5,47.7,94.0,2526.0,11.9,120,18,2,10
2025-10-08 19:00:00+00:00,22.6,71.0,5.5,49.6,55.6,71.8,59.0,3769.0,13.4,116,19,2,10
2025-10-08 20:00:00+00:00,21.8,74.0,5.2,53.2,59.6,89.3,32.0,4701.0,14.6,107,20,2,10
2025-10-08 21:00:00+00:00,21.2,76.0,5.2,55.8,62.6,93.2,23.0,5116.0,15.5,108,21,2,10
2025-10-08 22:00:00+00:00,20.8,76.0,3.8,60.5,67.5,90.5,22.0,5219.0,16.2,109,22,2,10
2025-10-08 23:00:00+00:00,20.6,80.0,4.3,66.6,74.0,88.6,20.0,5075.0,16.6,111,23,2,10
2025-10-09 00:00:00+00:00,20.7,80.0,4.6,71.0,78.5,91.3,14.0,4624.0,16.4,114,0,3,10
2025-10-09 01:00:00+00:00,20.3,80.0,5.3,74.0,81.7,94.8,8.0,3925.0,15.9,118,1,3,10
2025-10-09 02:00:00+00:00,20.0,80.0,5.2,75.0,82.4,95.3,4.0,3219.0,15.3,122,2,3,10
2025-10-09 03:00:00+00:00,19.5,82.0,4.8,73.1,80.3,90.3,5.0,2465.0,14.6,126,3,3,10
2025-10-09 04:00:00+00:00,19.2,83.0,2.5,70.8,77.8,82.2,9.0,1703.0,13.9,128,4,3,10
2025-10-09 05:00:00+00:00,19.1,85.0,1.9,65.9,71.5,53.4,31.0,1294.0,12.7,130,5,3,10
2025-10-09 06:00:00+00:00,19.1,86.0,1.2,71.2,76.6,55.7,32.0,1585.0,12.9,132,6,3,10
2025-10-09 07:00:00+00:00,19.8,85.0,2.2,82.2,86.8,58.2,35.0,2229.0,13.1,134,7,3,10
2025-10-09 08:00:00+00:00,21.2,82.0,1.8,74.3,78.2,55.5,49.0,2546.0,13.8,137,8,3,10
2025-10-09 09:00:00+00:00,23.2,74.0,2.1,56.9,61.5,42.4,86.0,2145.0,15.4,140,9,3,10
2025-10-09 10:00:00+00:00,25.1,66.0,1.9,32.1,38.2,23.9,134.0,1417.0,17.3,142,10,3,10
2025-10-09 11:00:00+00:00,26.8,50.0,2.1,25.6,33.5,10.1,171.0,855.0,18.3,142,11,3,10
2025-10-09 12:00:00+00:00,27.3,48.0,1.4,24.3,32.6,4.3,190.0,624.0,17.4,142,12,3,10
2025-10-09 13:00:00+00:00,27.7,47.0,2.7,24.5,32.5,3.1,199.0,560.0,15.4,142,13,3,10
2025-10-09 14:00:00+00:00,27.8,45.0,3.7,25.1,32.8,5.9,197.0,656.0,13.9,142,14,3,10
2025-10-09 15:00:00+00:00,27.8,45.0,3.9,25.2,32.7,12.7,183.0,938.0,13.2,142,15,3,10
2025-10-09 16:00:00+00:00,27.4,49.0,3.6,25.5,32.8,23.6,159.0,1381.0,12.8,142,16,3,10
2025-10-09 17:00:00+00:00,26.1,60.0,4.4,30.6,35.9,41.4,116.0,1907.0,12.4,147,17,3,10
2025-10-09 18:00:00+00:00,24.2,67.0,4.8,41.2,46.9,58.4,91.0,2642.0,13.7,153,18,3,10
2025-10-09 19:00:00+00:00,23.2,71.0,4.1,53.4,59.4,81.5,57.0,3462.0,15.5,144,19,3,10
2025-10-09 20:00:00+00:00,22.5,72.0,4.8,60.1,66.1,97.0,32.0,3910.0,16.7,142,20,3,10
2025-10-09 21:00:00+00:00,21.8,73.0,5.0,63.3,69.6,97.7,25.0,3732.0,16.9,143,21,3,10
2025-10-09 22:00:00+00:00,21.1,75.0,4.6,64.3,70.8,90.7,27.0,3183.0,16.6,144,22,3,10
2025-10-09 23:00:00+00:00,20.9,78.0,5.6,63.8,70.5,83.2,29.0,2578.0,16.0,144,23,3,10
2025-10-10 00:00:00+00:00,21.1,77.0,5.5,63.8,70.8,77.6,29.0,1932.0,15.1,144,0,4,10
2025-10-10 01:00:00+00:00,20.5,79.0,5.3,64.0,71.2,71.5,30.0,1230.0,13.9,143,1,4,10
2025-10-10 02:00:00+00:00,20.1,80.0,6.0,64.0,71.5,64.8,32.0,744.0,12.8,142,2,4,10
2025-10-10 03:00:00+00:00,19.8,80.0,6.5,63.6,70.8,56.2,36.0,586.0,12.0,141,3,4,10
2025-10-10 04:00:00+00:00,19.4,81.0,6.2,62.4,69.4,47.1,41.0,644.0,11.3,140,4,4,10
2025-10-10 05:00:00+00:00,19.2,85.0,5.6,65.4,72.6,45.6,44.0,854.0,11.8,139,5,4,10
2025-10-10 06:00:00+00:00,19.3,85.0,5.2,62.9,69.6,47.6,42.0,1361.0,11.6,139,6,4,10
2025-10-10 07:00:00+00:00,19.9,83.0,6.5,66.4,72.9,50.0,41.0,2019.0,11.4,138,7,4,10
2025-10-10 08:00:00+00:00,21.7,79.0,5.1,66.6,71.9,47.9,52.0,2328.0,11.6,137,8,4,10
2025-10-10 09:00:00+00:00,24.0,69.0,3.0,58.2,66.1,37.3,88.0,1950.0,12.6,136,9,4,10
2025-10-10 10:00:00+00:00,26.0,60.0,2.7,45.4,55.1,22.4,137.0,1223.0,14.0,136,10,4,10
2025-10-10 11:00:00+00:00,28.0,51.0,5.5,37.7,48.4,11.0,173.0,660.0,14.7,137,11,4,10
2025-10-10 12:00:00+00:00,28.8,46.0,5.7,31.2,41.2,4.8,187.0,423.0,14.0,139,12,4,10
2025-10-10 13:00:00+00:00,29.2,44.0,5.5,27.5,36.4,2.1,188.0,350.0,12.5,139,13,4,10
2025-10-10 14:00:00+00:00,29.3,43.0,5.4,27.0,35.3,5.6,180.0,463.0,11.5,140,14,4,10
2025-10-10 15:00:00+00:00,29.1,43.0,5.0,26.9,34.8,17.6,161.0,760.0,11.0,140,15,4,10
2025-10-10 16:00:00+00:00,28.8,46.0,3.2,27.6,35.0,35.9,134.0,1244.0,11.0,140,16,4,10
2025-10-10 17:00:00+00:00,28.0,58.0,1.0,29.1,33.8,58.3,91.0,1941.0,11.7,140,17,4,10
2025-10-10 18:00:00+00:00,26.6,57.0,0.9,42.8,47.7,80.8,68.0,3157.0,14.6,140,18,4,10
2025-10-10 19:00:00+00:00,25.3,61.0,1.3,59.4,64.5,111.6,36.0,4587.0,18.6,140,19,4,10
2025-10-10 20:00:00+00:00,24.0,69.0,3.2,77.1,82.2,134.1,11.0,5345.0,22.0,141,20,4,10
2025-10-10 21:00:00+00:00,22.9,74.0,3.6,90.3,95.7,141.3,1.0,4895.0,24.6,143,21,4,10
2025-10-10 22:00:00+00:00,22.3,77.0,2.9,99.7,105.0,140.1,0.0,3773.0,26.6,145,22,4,10
2025-10-10 23:00:00+00:00,22.1,80.0,3.7,101.0,106.4,134.3,0.0,2704.0,26.6,149,23,4,10
2025-10-11 00:00:00+00:00,22.1,79.0,3.3,87.8,92.9,124.0,3.0,1860.0,23.3,151,0,5,10
2025-10-11 01:00:00+00:00,21.6,79.0,4.9,68.2,73.1,109.1,8.0,1068.0,18.2,152,1,5,10
2025-10-11 02:00:00+00:00,21.6,74.0,5.9,56.3,60.5,93.1,14.0,535.0,14.0,152,2,5,10
2025-10-11 03:00:00+00:00,21.5,72.0,6.6,50.9,54.6,74.7,21.0,352.0,12.0,151,3,5,10
2025-10-11 04:00:00+00:00,20.7,75.0,5.9,49.7,53.0,55.1,30.0,428.0,11.1,151,4,5,10
2025-10-11 05:00:00+00:00,19.9,81.0,5.0,61.7,66.8,85.1,8.0,699.0,13.7,151,5,5,10
2025-10-11 06:00:00+00:00,20.0,82.0,3.1,56.3,60.8,76.1,15.0,1352.0,13.3,151,6,5,10
2025-10-11 07:00:00+00:00,20.8,80.0,3.0,59.5,63.6,63.2,27.0,2200.0,12.8,150,7,5,10
2025-10-11 08:00:00+00:00,22.5,78.0,2.4,57.6,61.2,49.9,48.0,2620.0,12.7,150,8,5,10
2025-10-11 09:00:00+00:00,24.9,68.0,2.7,50.4,55.3,35.8,86.0,2197.0,13.7,150,9,5,10
2025-10-11 10:00:00+00:00,27.0,59.0,4.8,40.3,46.8,21.3,134.0,1345.0,15.1,149,10,5,10
2025-10-11 11:00:00+00:00,28.6,51.0,8.5,34.1,41.1,10.5,169.0,688.0,15.9,148,11,5,10
2025-10-11 12:00:00+00:00,29.3,45.0,8.9,28.9,34.8,4.5,184.0,451.0,15.3,148,12,5,10
2025-10-11 13:00:00+00:00,29.8,44.0,8.7,26.8,31.9,2.3,186.0,409.0,14.0,148,13,5,10
2025-10-11 14:00:00+00:00,29.9,43.0,8.4,25.7,30.3,5.1,180.0,507.0,13.0,148,14,5,10
2025-10-11 15:00:00+00:00,29.8,43.0,7.4,25.4,29.6,14.1,164.0,772.0,12.5,148,15,5,10
2025-10-11 16:00:00+00:00,29.1,48.0,4.6,26.0,29.8,28.2,139.0,1178.0,12.2,147,16,5,10
2025-10-11 17:00:00+00:00,27.5,61.0,4.4,27.6,30.0,46.6,97.0,1588.0,11.5,147,17,5,10
2025-10-11 18:00:00+00:00,25.7,63.0,5.1,39.6,42.3,63.2,76.0,2045.0,13.1,147,18,5,10
2025-10-11 19:00:00+00:00,25.1,63.0,5.7,50.2,53.0,85.8,47.0,2507.0,15.2,147,19,5,10
2025-10-11 20:00:00+00:00,24.3,65.0,5.9,58.1,61.0,100.5,26.0,2714.0,16.5,146,20,5,10
2025-10-11 21:00:00+00:00,23.5,67.0,5.8,60.5,63.6,101.4,21.0,2479.0,16.3,144,21,5,10
2025-10-11 22:00:00+00:00,22.8,70.0,6.0,58.6,61.7,94.5,25.0,1988.0,15.2,141,22,5,10
2025-10-11 23:00:00+00:00,22.3,75.0,6.0,54.2,57.4,83.8,32.0,1540.0,14.1,136,23,5,10
2025-10-12 00:00:00+00:00,22.4,74.0,6.3,49.8,52.9,67.9,44.0,1220.0,13.1,131,0,6,10
2025-10-12 01:00:00+00:00,21.8,77.0,6.3,47.8,50.9,48.3,59.0,943.0,12.0,128,1,6,10
2025-10-12 02:00:00+00:00,21.3,78.0,6.1,48.2,51.5,33.7,68.0,747.0,11.3,125,2,6,10
2025-10-12 03:00:00+00:00,20.9,78.0,6.2,49.9,53.6,28.1,66.0,630.0,11.1,125,3,6,10
2025-10-12 04:00:00+00:00,20.5,78.0,6.4,52.5,56.7,27.5,59.0,595.0,11.2,124,4,6,10
2025-10-12 05:00:00+00:00,20.8,80.0,7.4,59.3,64.5,29.3,54.0,691.0,11.6,125,5,6,10
2025-10-12 06:00:00+00:00,20.7,80.0,5.8,63.8,70.1,34.5,47.0,1064.0,12.0,125,6,6,10
2025-10-12 07:00:00+00:00,21.3,78.0,5.5,68.9,75.7,41.4,38.0,1567.0,12.7,125,7,6,10
2025-10-12 08:00:00+00:00,23.0,74.0,4.5,66.1,72.2,43.3,44.0,1811.0,13.6,126,8,6,10
2025-10-12 09:00:00+00:00,25.2,65.0,4.0,56.2,65.2,35.8,78.0,1539.0,15.3,127,9,6,10
2025-10-12 10:00:00+00:00,27.2,58.0,4.4,47.8,58.6,23.5,128.0,1008.0,17.4,128,10,6,10
2025-10-12 11:00:00+00:00,29.1,49.0,7.3,43.8,55.4,13.6,165.0,596.0,18.4,129,11,6,10
2025-10-12 12:00:00+00:00,30.2,39.0,7.3,36.8,46.6,7.3,182.0,427.0,17.6,130,12,6,10
2025-10-12 13:00:00+00:00,30.7,38.0,6.9,32.0,39.6,3.4,187.0,377.0,15.7,130,13,6,10
2025-10-12 14:00:00+00:00,30.7,38.0,6.3,29.9,36.4,5.5,182.0,448.0,14.3,131,14,6,10
2025-10-12 15:00:00+00:00,30.6,38.0,6.0,29.4,35.3,16.2,165.0,641.0,13.6,131,15,6,10
2025-10-12 16:00:00+00:00,29.8,42.0,5.0,29.8,35.0,32.9,139.0,956.0,13.3,132,16,6,10
2025-10-12 17:00:00+00:00,28.3,56.0,4.1,33.4,37.3,46.5,103.0,1396.0,13.3,132,17,6,10
2025-10-12 18:00:00+00:00,27.0,54.0,3.1,46.8,51.0,62.0,82.0,2126.0,15.0,133,18,6,10
2025-10-12 19:00:00+00:00,26.1,54.0,2.3,59.8,64.0,83.6,52.0,2980.0,17.5,134,19,6,10
2025-10-12 20:00:00+00:00,25.0,57.0,2.5,73.8,78.2,101.7,28.0,3471.0,20.0,135,20,6,10
2025-10-12 21:00:00+00:00,24.5,59.0,1.7,84.3,89.2,112.9,15.0,3320.0,22.7,136,21,6,10
2025-10-12 22:00:00+00:00,24.0,60.0,0.9,93.1,98.3,120.6,9.0,2805.0,25.4,139,22,6,10
2025-10-12 23:00:00+00:00,23.2,67.0,3.1,98.7,103.8,125.1,4.0,2270.0,26.8,142,23,6,10
2025-10-13 00:00:00+00:00,22.5,71.0,4.2,99.9,105.5,126.4,0.0,1777.0,26.3,147,0,0,10
2025-10-13 01:00:00+00:00,21.9,71.0,4.3,99.4,104.5,124.4,0.0,1263.0,24.5,151,1,0,10
2025-10-13 02:00:00+00:00,21.1,72.0,5.6,94.8,99.9,119.7,0.0,889.0,22.5,152,2,0,10
2025-10-13 03:00:00+00:00,20.7,73.0,6.1,84.1,88.7,111.2,4.0,674.0,20.1,154,3,0,10
2025-10-13 04:00:00+00:00,20.2,74.0,6.0,72.6,77.1,100.0,10.0,598.0,17.5,155,4,0,10
2025-10-13 05:00:00+00:00,19.8,79.0,6.0,67.5,71.2,71.3,25.0,758.0,14.6,155,5,0,10
2025-10-13 06:00:00+00:00,19.7,80.0,3.9,68.7,72.4,70.7,27.0,1414.0,14.6,155,6,0,10
2025-10-13 07:00:00+00:00,20.5,82.0,2.6,77.1,80.8,69.2,32.0,2305.0,14.6,156,7,0,10
2025-10-13 08:00:00+00:00,22.3,74.0,1.5,69.2,71.9,63.0,50.0,2749.0,15.2,156,8,0,10
2025-10-13 09:00:00+00:00,25.0,64.0,0.2,56.0,59.6,47.7,94.0,2301.0,16.9,156,9,0,10
2025-10-13 10:00:00+00:00,27.5,53.0,1.7,44.7,49.1,27.6,152.0,1405.0,19.2,156,10,0,10
2025-10-13 11:00:00+00:00,29.5,40.0,3.9,40.6,45.8,12.5,195.0,709.0,20.5,156,11,0,10
2025-10-13 12:00:00+00:00,30.5,36.0,2.8,37.8,42.7,5.1,213.0,449.0,20.0,156,12,0,10
2025-10-13 13:00:00+00:00,31.1,33.0,1.9,34.9,39.2,2.5,216.0,390.0,18.5,156,13,0,10
2025-10-13 14:00:00+00:00,31.4,31.0,1.7,32.6,36.2,6.0,210.0,468.0,17.3,156,14,0,10
2025-10-13 15:00:00+00:00,31.3,31.0,1.8,31.7,34.9,16.4,194.0,719.0,16.7,156,15,0,10
2025-10-13 16:00:00+00:00,30.7,34.0,2.4,31.7,34.6,32.8,169.0,1108.0,16.3,156,16,0,10
2025-10-13 17:00:00+00:00,28.1,55.0,4.2,38.5,41.7,51.8,134.0,1469.0,17.1,168,17,0,10
2025-10-13 18:00:00+00:00,26.5,56.0,5.0,52.2,55.2,77.4,101.0,1778.0,19.0,174,18,0,10
2025-10-13 19:00:00+00:00,25.8,58.0,5.3,67.1,70.1,112.6,56.0,2059.0,21.7,166,19,0,10
2025-10-13 20:00:00+00:00,25.2,59.0,3.1,83.4,86.4,139.0,21.0,2221.0,24.0,157,20,0,10
2025-10-13 21:00:00+00:00,24.4,61.0,2.3,94.1,97.1,148.4,6.0,2202.0,25.7,157,21,0,10
2025-10-13 22:00:00+00:00,23.5,64.0,2.7,100.6,103.8,148.9,2.0,2064.0,26.9,157,22,0,10
2025-10-13 23:00:00+00:00,23.6,67.0,2.3,104.1,107.3,146.4,0.0,1898.0,27.3,157,23,0,10
2025-10-14 00:00:00+00:00,23.4,69.0,1.8,104.5,107.8,141.6,0.0,1714.0,26.4,157,0,1,10
2025-10-14 01:00:00+00:00,22.7,71.0,2.2,103.6,106.9,133.7,0.0,1501.0,24.6,158,1,1,10
2025-10-14 02:00:00+00:00,22.3,72.0,1.3,102.2,105.5,126.2,0.0,1320.0,22.8,158,2,1,10
2025-10-14 03:00:00+00:00,21.7,74.0,1.0,96.9,100.1,120.3,0.0,1094.0,21.2,158,3,1,10
2025-10-14 04:00:00+00:00,20.9,77.0,1.3,91.7,95.0,114.6,0.0,899.0,19.7,158,4,1,10
2025-10-14 05:00:00+00:00,20.0,83.0,4.1,101.0,102.9,108.4,0.0,1022.0,20.0,159,5,1,10
2025-10-14 06:00:00+00:00,19.7,85.0,2.6,103.4,105.0,107.4,2.0,1865.0,20.0,160,6,1,10
2025-10-14 07:00:00+00:00,20.4,83.0,3.1,112.2,113.4,104.9,7.0,3026.0,20.1,161,7,1,10
2025-10-14 08:00:00+00:00,22.5,75.0,1.5,99.4,100.1,95.3,26.0,3590.0,20.5,162,8,1,10
2025-10-14 09:00:00+00:00,25.6,61.0,0.4,69.6,70.8,71.7,74.0,2961.0,21.8,163,9,1,10
2025-10-14 10:00:00+00:00,28.1,47.0,2.8,47.1,49.0,41.0,136.0,1735.0,23.4,163,10,1,10
2025-10-14 11:00:00+00:00,30.1,36.0,6.1,38.3,41.2,17.6,183.0,786.0,24.0,163,11,1,10
2025-10-14 12:00:00+00:00,31.1,33.0,6.1,35.9,40.2,7.3,203.0,467.0,22.5,163,12,1,10
2025-10-14 13:00:00+00:00,31.6,32.0,5.9,35.4,40.7,4.3,208.0,426.0,19.9,163,13,1,10
2025-10-14 14:00:00+00:00,31.7,33.0,5.8,34.8,40.5,5.9,203.0,476.0,17.9,163,14,1,10
2025-10-14 15:00:00+00:00,31.5,34.0,6.4,34.1,39.8,10.7,190.0,556.0,16.8,163,15,1,10
2025-10-14 16:00:00+00:00,30.7,36.0,7.2,33.8,39.3,20.1,168.0,726.0,16.3,163,16,1,10
2025-10-14 17:00:00+00:00,28.9,43.0,6.5,35.6,39.0,37.5,138.0,988.0,17.2,163,17,1,10
2025-10-14 18:00:00+00:00,27.1,50.0,4.3,50.4,54.1,64.0,107.0,1402.0,20.0,165,18,1,10
2025-10-14 19:00:00+00:00,26.7,53.0,1.5,65.4,69.2,100.2,63.0,1906.0,23.9,163,19,1,10
2025-10-14 20:00:00+00:00,26.1,53.0,0.5,82.7,86.4,124.7,30.0,2317.0,26.4,163,20,1,10
2025-10-14 21:00:00+00:00,24.9,56.0,0.5,95.0,98.5,126.7,17.0,2540.0,26.4,163,21,1,10
2025-10-14 22:00:00+00:00,24.1,61.0,0.6,100.4,103.6,117.0,14.0,2670.0,25.1,163,22,1,10
2025-10-14 23:00:00+00:00,24.0,65.0,0.4,94.5,97.3,106.3,14.0,2807.0,23.5,163,23,1,10
2025-10-15 00:00:00+00:00,23.2,69.0,1.5,85.7,88.2,96.9,14.0,3043.0,21.5,163,0,2,10
2025-10-15 01:00:00+00:00,22.2,74.0,1.6,80.3,82.4,86.4,17.0,3285.0,19.3,162,1,2,10
2025-10-15 02:00:00+00:00,21.6,76.0,1.5,77.8,79.9,78.7,18.0,3358.0,17.6,162,2,2,10
2025-10-15 03:00:00+00:00,20.8,79.0,3.8,78.0,80.1,75.7,15.0,3068.0,17.0,161,3,2,10
2025-10-15 04:00:00+00:00,20.4,81.0,3.2,79.9,81.7,75.5,11.0,2608.0,17.0,160,4,2,10
2025-10-15 05:00:00+00:00,20.1,85.0,3.0,79.4,82.9,64.1,20.0,2379.0,15.8,160,5,2,10
2025-10-15 06:00:00+00:00,20.2,85.0,2.8,80.8,84.3,66.2,19.0,2735.0,15.9,159,6,2,10
2025-10-15 07:00:00+00:00,21.1,80.0,4.2,85.9,89.2,68.4,20.0,3323.0,16.2,159,7,2,10
2025-10-15 08:00:00+00:00,23.9,69.0,2.8,78.2,80.8,64.4,37.0,3479.0,17.5,158,8,2,10
2025-10-15 09:00:00+00:00,27.1,55.0,1.8,49.7,53.4,48.4,87.0,2739.0,21.0,157,9,2,10
2025-10-15 10:00:00+00:00,29.4,44.0,2.3,39.1,43.3,26.3,152.0,1568.0,25.4,157,10,2,10
2025-10-15 11:00:00+00:00,29.9,39.0,0.9,35.4,39.6,9.8,201.0,701.0,27.9,157,11,2,10
2025-10-15 12:00:00+00:00,31.5,35.0,3.3,35.5,39.7,4.1,217.0,466.0,26.5,156,12,2,10
2025-10-15 13:00:00+00:00,32.2,32.0,4.2,35.7,40.0,4.0,216.0,535.0,23.1,156,13,2,10
2025-10-15 14:00:00+00:00,32.3,31.0,5.9,36.3,40.5,6.0,210.0,662.0,20.4,156,14,2,10
2025-10-15 15:00:00+00:00,32.0,31.0,6.8,37.3,41.3,6.8,206.0,726.0,19.4,156,15,2,10
2025-10-15 16:00:00+00:00,31.1,34.0,4.0,38.4,42.3,9.7,197.0,847.0,19.2,157,16,2,10
2025-10-15 17:00:00+00:00,29.2,43.0,1.1,52.3,58.2,19.0,163.0,1138.0,18.0,174,17,2,10
2025-10-15 18:00:00+00:00,27.7,52.0,2.5,63.1,68.7,43.8,126.0,1833.0,19.1,187,18,2,10
2025-10-15 19:00:00+00:00,27.1,55.0,2.3,72.2,77.8,77.9,75.0,2699.0,20.5,182,19,2,10
2025-10-15 20:00:00+00:00,26.6,53.0,3.6,78.0,83.4,102.6,36.0,3143.0,21.6,162,20,2,10
2025-10-15 21:00:00+00:00,25.8,54.0,4.2,82.4,87.8,108.3,20.0,2779.0,22.0,158,21,2,10
2025-10-15 22:00:00+00:00,25.0,57.0,4.2,87.3,92.7,104.6,16.0,1994.0,22.0,157,22,2,10
2025-10-15 23:00:00+00:00,24.5,64.0,4.1,90.8,96.2,101.6,13.0,1357.0,21.9,157,23,2,10
2025-10-16 00:00:00+00:00,24.4,64.0,4.7,93.8,99.2,103.4,7.0,1090.0,21.7,157,0,3,10
2025-10-16 01:00:00+00:00,23.6,70.0,4.6,97.3,102.9,105.9,3.0,970.0,21.5,157,1,3,10
2025-10-16 02:00:00+00:00,22.9,72.0,4.6,100.8,106.4,107.4,0.0,904.0,21.3,158,2,3,10
2025-10-16 03:00:00+00:00,22.4,74.0,4.1,104.5,110.1,107.1,0.0,808.0,21.2,158,3,3,10
2025-10-16 04:00:00+00:00,22.1,74.0,2.9,108.5,114.1,105.9,0.0,765.0,21.1,159,4,3,10
2025-10-16 05:00:00+00:00,21.3,78.0,3.2,104.1,110.1,95.8,0.0,930.0,20.3,160,5,3,10
2025-10-16 06:00:00+00:00,21.4,78.0,1.9,109.7,115.9,94.7,5.0,1572.0,20.9,161,6,3,10
2025-10-16 07:00:00+00:00,22.1,74.0,2.0,122.9,129.0,92.2,14.0,2422.0,21.9,161,7,3,10
2025-10-16 08:00:00+00:00,24.0,66.0,1.3,111.1,115.3,83.1,38.0,2823.0,23.3,163,8,3,10
2025-10-16 09:00:00+00:00,26.7,54.0,1.8,73.8,79.6,61.1,91.0,2332.0,26.0,164,9,3,10
2025-10-16 10:00:00+00:00,29.0,45.0,3.7,56.5,62.9,32.6,159.0,1392.0,29.2,164,10,3,10
2025-10-16 11:00:00+00:00,30.3,37.0,5.7,48.5,54.5,11.4,210.0,677.0,30.5,165,11,3,10
2025-10-16 12:00:00+00:00,31.4,33.0,5.3,43.0,48.1,3.8,230.0,462.0,28.0,165,12,3,10
2025-10-16 13:00:00+00:00,31.9,32.0,5.0,40.4,44.9,3.7,232.0,471.0,23.6,165,13,3,10
2025-10-16 14:00:00+00:00,32.1,30.0,4.6,40.2,44.5,6.1,229.0,557.0,20.2,166,14,3,10
2025-10-16 15:00:00+00:00,31.9,30.0,4.5,40.4,44.6,6.8,225.0,640.0,18.9,166,15,3,10
2025-10-16 16:00:00+00:00,31.4,32.0,5.2,40.7,44.8,10.1,216.0,799.0,18.7,166,16,3,10
2025-10-16 17:00:00+00:00,30.1,37.0,4.6,32.5,35.7,19.8,171.0,1120.0,16.6,191,17,3,10
2025-10-16 18:00:00+00:00,28.3,43.0,3.5,46.1,49.1,49.1,132.0,1766.0,18.3,202,18,3,10
2025-10-16 19:00:00+00:00,27.6,54.0,0.5,57.6,60.8,89.5,78.0,2574.0,20.7,200,19,3,10
2025-10-16 20:00:00+00:00,26.3,53.0,1.3,68.0,71.0,119.5,36.0,3147.0,22.9,179,20,3,10
2025-10-16 21:00:00+00:00,25.4,58.0,1.7,81.5,84.5,128.9,19.0,3347.0,24.8,164,21,3,10
2025-10-16 22:00:00+00:00,24.9,61.0,2.0,93.1,96.2,128.0,14.0,3312.0,26.5,164,22,3,10
2025-10-16 23:00:00+00:00,24.4,68.0,3.4,99.7,102.4,125.9,11.0,3053.0,27.4,164,23,3,10
2025-10-17 00:00:00+00:00,24.1,69.0,2.2,101.0,103.8,125.4,6.0,2416.0,27.0,164,0,4,10
2025-10-17 01:00:00+00:00,22.8,75.0,3.6,101.3,104.1,123.7,2.0,1555.0,25.8,165,1,4,10
2025-10-17 02:00:00+00:00,22.3,77.0,1.9,102.2,104.8,122.4,0.0,942.0,25.0,165,2,4,10
2025-10-17 03:00:00+00:00,21.7,79.0,2.4,103.4,106.2,122.5,0.0,742.0,25.1,165,3,4,10
2025-10-17 04:00:00+00:00,21.2,81.0,2.9,105.5,108.5,122.9,0.0,789.0,25.6,165,4,4,10
2025-10-17 05:00:00+00:00,20.8,82.0,4.2,114.1,117.1,114.7,0.0,1064.0,24.0,165,5,4,10
2025-10-17 06:00:00+00:00,21.0,80.0,2.9,115.0,118.3,116.9,2.0,1806.0,24.1,165,6,4,10
2025-10-17 07:00:00+00:00,21.8,78.0,2.4,122.9,126.2,118.6,7.0,2775.0,24.3,165,7,4,10
2025-10-17 08:00:00+00:00,23.8,67.0,1.9,103.6,105.9,109.7,29.0,3228.0,24.6,165,8,4,10
2025-10-17 09:00:00+00:00,26.5,56.0,1.2,68.5,71.2,79.8,83.0,2663.0,25.6,165,9,4,10
2025-10-17 10:00:00+00:00,29.1,46.0,1.6,48.4,51.9,39.3,154.0,1582.0,26.7,165,10,4,10
2025-10-17 11:00:00+00:00,30.6,38.0,3.7,40.5,43.9,9.5,207.0,751.0,26.7,164,11,4,10
2025-10-17 12:00:00+00:00,31.6,34.0,4.2,36.1,38.9,0.3,226.0,482.0,24.4,164,12,4,10
2025-10-17 13:00:00+00:00,32.1,31.0,4.0,34.9,37.5,1.9,227.0,462.0,21.0,164,13,4,10
2025-10-17 14:00:00+00:00,32.2,31.0,4.3,34.8,37.4,5.7,222.0,520.0,18.4,164,14,4,10
2025-10-17 15:00:00+00:00,32.1,32.0,4.9,34.9,37.5,5.9,219.0,530.0,17.4,164,15,4,10
2025-10-17 16:00:00+00:00,31.5,33.0,5.7,35.4,37.8,8.4,211.0,618.0,17.3,164,16,4,10
2025-10-17 17:00:00+00:00,30.1,40.0,3.5,36.2,37.4,39.6,156.0,991.0,18.0,184,17,4,10
2025-10-17 18:00:00+00:00,28.2,46.0,3.6,47.4,48.7,63.4,121.0,1914.0,19.2,196,18,4,10
2025-10-17 19:00:00+00:00,27.1,50.0,2.8,57.7,59.1,96.5,72.0,3122.0,20.9,191,19,4,10
2025-10-17 20:00:00+00:00,26.6,55.0,0.9,66.8,68.5,122.7,34.0,4026.0,22.9,169,20,4,10
2025-10-17 21:00:00+00:00,25.5,56.0,1.5,80.8,82.2,135.0,19.0,4461.0,25.4,163,21,4,10
2025-10-17 22:00:00+00:00,24.7,62.0,3.1,92.9,94.5,140.4,15.0,4592.0,28.2,163,22,4,10
2025-10-17 23:00:00+00:00,24.5,69.0,3.8,102.2,103.8,144.1,12.0,4326.0,30.4,163,23,4,10
2025-10-18 00:00:00+00:00,24.3,71.0,3.6,107.8,109.7,148.8,8.0,3385.0,31.8,164,0,5,10
2025-10-18 01:00:00+00:00,23.6,72.0,2.9,111.1,112.7,151.8,6.0,2046.0,32.5,164,1,5,10
2025-10-18 02:00:00+00:00,22.7,75.0,3.2,111.8,113.4,150.4,5.0,1055.0,32.2,164,2,5,10
2025-10-18 03:00:00+00:00,21.8,78.0,4.1,110.4,112.2,141.7,4.0,680.0,30.3,164,3,5,10
2025-10-18 04:00:00+00:00,21.4,78.0,2.7,108.0,109.9,128.7,4.0,651.0,27.3,165,4,5,10
2025-10-18 05:00:00+00:00,20.8,82.0,4.9,106.2,108.3,108.0,2.0,904.0,21.9,165,5,5,10
2025-10-18 06:00:00+00:00,20.7,82.0,3.6,112.0,113.9,109.8,5.0,1694.0,22.2,164,6,5,10
2025-10-18 07:00:00+00:00,21.4,81.0,2.3,122.9,124.8,111.1,12.0,2765.0,22.6,164,7,5,10
2025-10-18 08:00:00+00:00,23.4,70.0,0.9,110.6,112.2,103.0,35.0,3291.0,23.7,164,8,5,10
2025-10-18 09:00:00+00:00,26.1,58.0,0.2,78.2,80.1,76.4,90.0,2728.0,26.4,164,9,5,10
2025-10-18 10:00:00+00:00,28.6,49.0,1.3,50.2,52.3,40.4,161.0,1620.0,29.7,165,10,5,10
2025-10-18 11:00:00+00:00,30.5,39.0,4.9,41.0,43.2,13.6,214.0,765.0,31.0,165,11,5,10
2025-10-18 12:00:00+00:00,31.5,36.0,5.2,36.8,38.8,3.7,234.0,478.0,28.6,165,12,5,10
2025-10-18 13:00:00+00:00,32.0,33.0,5.5,35.7,37.7,2.9,236.0,444.0,24.2,165,13,5,10
2025-10-18 14:00:00+00:00,32.2,31.0,5.2,34.6,36.7,6.6,228.0,525.0,20.7,165,14,5,10
2025-10-18 15:00:00+00:00,32.1,30.0,5.8,33.6,35.9,12.2,213.0,657.0,18.9,165,15,5,10
2025-10-18 16:00:00+00:00,31.5,31.0,6.4,32.9,35.3,22.3,189.0,903.0,17.9,165,16,5,10
2025-10-18 17:00:00+00:00,30.0,39.0,3.2,33.3,33.8,38.8,159.0,1315.0,19.7,187,17,5,10
2025-10-18 18:00:00+00:00,28.3,44.0,3.4,45.6,46.2,64.8,126.0,2071.0,21.6,198,18,5,10
2025-10-18 19:00:00+00:00,27.1,51.0,3.4,56.7,57.5,101.0,79.0,2994.0,24.3,192,19,5,10
2025-10-18 20:00:00+00:00,26.2,57.0,1.7,69.8,70.8,131.0,41.0,3601.0,27.1,171,20,5,10
2025-10-18 21:00:00+00:00,25.5,64.0,0.7,86.4,87.3,149.1,20.0,3653.0,30.0,165,21,5,10
2025-10-18 22:00:00+00:00,24.8,63.0,0.5,100.6,101.5,161.0,8.0,3389.0,33.0,165,22,5,10
2025-10-18 23:00:00+00:00,24.1,72.0,0.9,110.6,111.5,167.4,0.0,3050.0,34.9,165,23,5,10
2025-10-19 00:00:00+00:00,22.7,78.0,1.4,115.9,116.9,166.7,0.0,2668.0,35.1,165,0,6,10
2025-10-19 01:00:00+00:00,21.7,82.0,0.8,119.2,120.1,160.4,0.0,2211.0,34.3,166,1,6,10
2025-10-19 02:00:00+00:00,21.2,84.0,0.4,120.6,121.5,153.7,0.0,1818.0,33.3,166,2,6,10
2025-10-19 03:00:00+00:00,20.8,85.0,0.4,120.1,121.1,148.0,0.0,1438.0,32.5,166,3,6,10
2025-10-19 04:00:00+00:00,20.6,86.0,1.7,118.7,119.7,141.8,0.0,1122.0,31.5,166,4,6,10
2025-10-19 05:00:00+00:00,20.4,90.0,3.8,110.1,111.3,111.5,0.0,1167.0,22.0,167,5,6,10
2025-10-19 06:00:00+00:00,20.1,91.0,3.9,113.4,114.3,114.1,0.0,1989.0,22.7,167,6,6,10
2025-10-19 07:00:00+00:00,20.7,86.0,3.4,127.6,128.5,116.5,1.0,3171.0,23.8,167,7,6,10
2025-10-19 08:00:00+00:00,22.9,76.0,0.9,112.2,112.9,109.1,22.0,3760.0,25.4,167,8,6,10
2025-10-19 09:00:00+00:00,26.2,60.0,1.3,76.6,77.1,82.5,81.0,3157.0,28.8,167,9,6,10
2025-10-19 10:00:00+00:00,28.8,49.0,1.4,54.1,54.4,46.2,158.0,1962.0,32.7,167,10,6,10
2025-10-19 11:00:00+00:00,30.2,42.0,2.8,48.9,49.1,18.5,214.0,1020.0,34.0,167,11,6,10
2025-10-19 12:00:00+00:00,31.7,37.0,4.0,44.8,45.8,6.7,230.0,665.0,30.2,167,12,6,10
2025-10-19 13:00:00+00:00,32.3,34.0,5.4,41.1,42.7,3.6,224.0,564.0,23.7,168,13,6,10
2025-10-19 14:00:00+00:00,32.4,33.0,6.4,37.7,39.6,6.0,210.0,564.0,18.6,168,14,6,10
2025-10-19 15:00:00+00:00,32.1,33.0,6.9,35.3,37.4,13.2,191.0,612.0,16.1,168,15,6,10
2025-10-19 16:00:00+00:00,31.5,34.0,7.2,34.3,36.4,25.9,164.0,762.0,14.9,168,16,6,10
2025-10-19 17:00:00+00:00,30.0,41.0,6.1,27.6,28.9,34.8,124.0,1023.0,12.7,172,17,6,10
2025-10-19 18:00:00+00:00,28.8,45.0,5.4,37.8,39.1,56.0,96.0,1500.0,14.1,179,18,6,10
2025-10-19 19:00:00+00:00,27.8,50.0,6.4,46.0,47.3,85.4,58.0,2089.0,16.0,169,19,6,10
2025-10-19 20:00:00+00:00,26.7,51.0,6.5,53.2,54.6,109.2,27.0,2488.0,18.0,167,20,6,10
2025-10-19 21:00:00+00:00,25.6,52.0,5.0,61.9,63.3,121.8,12.0,2549.0,20.0,167,21,6,10
2025-10-19 22:00:00+00:00,24.9,54.0,2.7,70.3,71.7,128.7,4.0,2421.0,22.1,166,22,6,10
2025-10-19 23:00:00+00:00,24.1,66.0,3.3,76.8,78.2,132.8,0.0,2243.0,23.5,165,23,6,10
2025-10-20 00:00:00+00:00,23.5,69.0,1.9,79.6,81.3,134.8,0.0,2042.0,24.0,164,0,0,10
2025-10-20 01:00:00+00:00,22.4,73.0,1.7,82.2,83.6,134.1,0.0,1792.0,23.8,163,1,0,10
2025-10-20 02:00:00+00:00,21.5,77.0,1.8,84.1,85.7,130.9,0.0,1559.0,23.4,162,2,0,10
2025-10-20 03:00:00+00:00,21.0,79.0,1.9,85.0,86.6,124.2,0.0,1249.0,22.5,161,3,0,10
2025-10-20 04:00:00+00:00,20.5,81.0,2.7,85.9,87.5,115.1,0.0,955.0,21.2,160,4,0,10
2025-10-20 05:00:00+00:00,20.5,80.0,1.7,82.7,84.5,90.0,6.0,1026.0,16.4,159,5,0,10
2025-10-20 06:00:00+00:00,20.3,81.0,1.1,85.7,87.5,89.4,7.0,1900.0,16.7,158,6,0,10
2025-10-20 07:00:00+00:00,20.4,82.0,2.6,95.2,96.9,87.6,12.0,3138.0,17.2,157,7,0,10
2025-10-20 08:00:00+00:00,22.8,69.0,2.2,88.9,89.9,80.3,31.0,3775.0,18.5,156,8,0,10
2025-10-20 09:00:00+00:00,25.9,57.0,1.5,65.7,67.1,62.3,81.0,3212.0,21.8,155,9,0,10
2025-10-20 10:00:00+00:00,28.5,47.0,1.2,42.8,45.1,38.7,146.0,2048.0,25.8,155,10,0,10
2025-10-20 11:00:00+00:00,30.0,39.0,1.5,40.0,43.4,20.2,194.0,1110.0,27.6,155,11,0,10
2025-10-20 12:00:00+00:00,31.8,29.0,3.1,38.1,42.4,9.5,213.0,698.0,25.0,155,12,0,10
2025-10-20 13:00:00+00:00,32.5,24.0,5.6,35.3,39.5,3.9,215.0,512.0,20.1,154,13,0,10
2025-10-20 14:00:00+00:00,32.6,22.0,6.7,32.0,36.4,6.6,206.0,476.0,16.3,154,14,0,10
2025-10-20 15:00:00+00:00,32.3,22.0,7.3,31.1,35.7,21.6,184.0,605.0,15.0,154,15,0,10
2025-10-20 16:00:00+00:00,31.6,23.0,7.9,31.8,36.6,44.9,150.0,885.0,14.9,154,16,0,10
2025-10-20 17:00:00+00:00,30.2,34.0,2.4,39.1,42.5,68.9,102.0,1198.0,13.6,159,17,0,10
2025-10-20 18:00:00+00:00,28.2,38.0,0.7,49.4,53.1,82.3,81.0,1561.0,14.5,162,18,0,10
2025-10-20 19:00:00+00:00,27.0,41.0,1.0,54.8,58.8,100.6,51.0,1957.0,15.8,154,19,0,10
2025-10-20 20:00:00+00:00,26.1,45.0,1.2,59.8,63.8,113.1,30.0,2216.0,16.9,155,20,0,10
2025-10-20 21:00:00+00:00,24.7,47.0,3.6,65.2,69.4,114.2,24.0,2248.0,17.6,155,21,0,10
2025-10-20 22:00:00+00:00,24.5,46.0,5.1,70.1,74.3,109.4,26.0,2142.0,18.1,155,22,0,10
2025-10-20 23:00:00+00:00,23.9,63.0,4.1,73.3,77.5,104.7,28.0,1996.0,18.3,155,23,0,10
2025-10-21 00:00:00+00:00,23.5,65.0,4.0,75.2,79.9,102.4,27.0,1826.0,18.3,155,0,1,10
2025-10-21 01:00:00+00:00,23.1,65.0,2.2,78.2,82.7,100.2,25.0,1615.0,18.2,155,1,1,10
2025-10-21 02:00:00+00:00,22.4,66.0,2.9,81.0,85.4,96.5,23.0,1408.0,17.7,155,2,1,10
2025-10-21 03:00:00+00:00,21.3,65.0,6.2,81.7,85.9,90.0,20.0,1124.0,16.7,155,3,1,10
2025-10-21 04:00:00+00:00,19.8,73.0,4.7,81.0,84.8,82.1,16.0,842.0,15.4,154,4,1,10
2025-10-21 05:00:00+00:00,20.2,76.0,3.8,79.6,82.0,75.5,7.0,849.0,12.8,154,5,1,10
2025-10-21 06:00:00+00:00,19.8,78.0,3.9,84.1,86.4,76.5,7.0,1480.0,13.4,154,6,1,10
2025-10-21 07:00:00+00:00,20.4,75.0,5.6,95.9,98.3,77.0,10.0,2398.0,14.4,154,7,1,10
2025-10-21 08:00:00+00:00,22.8,64.0,3.6,86.6,88.0,71.7,28.0,2881.0,15.9,154,8,1,10
2025-10-21 09:00:00+00:00,26.1,53.0,0.8,53.3,55.2,55.1,78.0,2489.0,18.9,154,9,1,10
2025-10-21 10:00:00+00:00,28.9,40.0,0.4,35.5,38.1,32.7,143.0,1662.0,22.6,154,10,1,10
2025-10-21 11:00:00+00:00,30.3,32.0,3.9,31.0,34.5,15.5,190.0,992.0,24.4,154,11,1,10
2025-10-21 12:00:00+00:00,31.4,27.0,2.9,27.6,31.4,6.9,205.0,688.0,22.7,153,12,1,10
2025-10-21 13:00:00+00:00,32.0,23.0,4.0,25.7,29.8,3.5,201.0,542.0,19.3,153,13,1,10
2025-10-21 14:00:00+00:00,31.9,23.0,6.5,26.1,30.7,6.2,190.0,516.0,16.6,153,14,1,10
2025-10-21 15:00:00+00:00,31.6,23.0,8.4,27.1,31.8,17.3,171.0,647.0,15.8,153,15,1,10
2025-10-21 16:00:00+00:00,30.8,25.0,10.5,29.0,33.2,34.5,144.0,899.0,15.7,152,16,1,10
2025-10-21 17:00:00+00:00,29.8,28.0,10.6,27.9,30.2,37.7,106.0,1129.0,10.9,152,17,1,10
2025-10-21 18:00:00+00:00,28.3,34.0,7.5,33.2,35.3,47.1,89.0,1313.0,11.3,153,18,1,10
2025-10-21 19:00:00+00:00,27.2,40.0,7.6,37.3,39.2,60.2,65.0,1474.0,11.9,152,19,1,10
2025-10-21 20:00:00+00:00,25.9,45.0,6.2,41.2,43.1,72.1,44.0,1538.0,12.6,151,20,1,10
2025-10-21 21:00:00+00:00,24.7,47.0,5.9,47.5,49.6,81.8,30.0,1438.0,13.7,150,21,1,10
2025-10-21 22:00:00+00:00,23.7,49.0,5.5,56.7,58.6,90.2,19.0,1241.0,14.9,150,22,1,10
2025-10-21 23:00:00+00:00,23.3,64.0,5.5,64.5,66.4,94.6,13.0,1074.0,15.5,148,23,1,10
2025-10-22 00:00:00+00:00,22.6,67.0,4.8,66.6,68.5,92.8,12.0,977.0,15.2,147,0,2,10
2025-10-22 01:00:00+00:00,22.0,66.0,5.6,66.8,68.5,87.0,16.0,909.0,14.3,146,1,2,10
2025-10-22 02:00:00+00:00,21.3,69.0,5.2,66.1,67.8,81.0,19.0,879.0,13.5,145,2,2,10
2025-10-22 03:00:00+00:00,20.3,73.0,3.6,65.0,66.4,75.0,20.0,849.0,13.0,144,3,2,10
2025-10-22 04:00:00+00:00,19.9,74.0,3.1,64.5,65.7,68.8,21.0,857.0,12.5,142,4,2,10
2025-10-22 05:00:00+00:00,20.0,74.0,6.0,40.7,41.1,32.6,57.0,1021.0,9.9,140,5,2,10
2025-10-22 06:00:00+00:00,20.0,74.0,6.0,48.9,49.4,41.7,44.0,1544.0,10.4,136,6,2,10
2025-10-22 07:00:00+00:00,20.5,70.0,6.0,59.8,60.3,53.6,27.0,2223.0,11.0,133,7,2,10
2025-10-22 08:00:00+00:00,22.3,62.0,5.9,62.2,62.4,58.1,30.0,2576.0,11.9,129,8,2,10
2025-10-22 09:00:00+00:00,24.9,55.0,3.0,49.7,50.3,48.0,72.0,2306.0,13.3,126,9,2,10
2025-10-22 10:00:00+00:00,27.4,46.0,3.9,38.3,39.2,30.4,133.0,1710.0,15.0,126,10,2,10
2025-10-22 11:00:00+00:00,29.4,40.0,5.0,32.2,33.2,16.2,177.0,1189.0,15.6,126,11,2,10
2025-10-22 12:00:00+00:00,30.9,27.0,7.5,24.9,26.6,8.1,190.0,826.0,14.3,126,12,2,10
2025-10-22 13:00:00+00:00,31.4,22.0,10.3,20.1,22.8,3.3,186.0,538.0,11.9,126,13,2,10
2025-10-22 14:00:00+00:00,31.2,23.0,10.1,19.3,22.3,4.8,175.0,480.0,10.2,125,14,2,10
2025-10-22 15:00:00+00:00,31.0,24.0,9.3,19.4,22.2,15.5,156.0,731.0,9.7,125,15,2,10
2025-10-22 16:00:00+00:00,30.2,27.0,7.2,20.4,22.8,32.4,129.0,1212.0,9.8,124,16,2,10
2025-10-22 17:00:00+00:00,28.8,33.0,3.6,33.3,36.6,61.4,91.0,1842.0,11.5,126,17,2,10
2025-10-22 18:00:00+00:00,27.2,39.0,3.8,43.0,46.2,71.7,74.0,2743.0,12.8,130,18,2,10
2025-10-22 19:00:00+00:00,26.4,44.0,2.1,52.5,55.8,86.0,49.0,3794.0,14.6,125,19,2,10
2025-10-22 20:00:00+00:00,25.6,48.0,2.0,61.2,64.3,96.4,30.0,4546.0,16.1,126,20,2,10
2025-10-22 21:00:00+00:00,24.6,52.0,1.1,69.4,72.4,99.4,21.0,4871.0,17.0,128,21,2,10
2025-10-22 22:00:00+00:00,23.6,55.0,1.5,77.1,80.1,98.6,17.0,4898.0,17.7,131,22,2,10
2025-10-22 23:00:00+00:00,22.4,67.0,4.8,83.4,86.6,97.2,14.0,4566.0,17.9,133,23,2,10
2025-10-23 00:00:00+00:00,21.8,70.0,4.4,87.1,90.3,96.3,11.0,3613.0,17.6,135,0,3,10
2025-10-23 01:00:00+00:00,21.3,72.0,4.9,89.4,92.7,94.7,9.0,2302.0,16.9,137,1,3,10
2025-10-23 02:00:00+00:00,20.9,74.0,3.1,90.6,93.8,92.6,7.0,1362.0,16.1,139,2,3,10
2025-10-23 03:00:00+00:00,19.8,80.0,3.8,90.6,93.8,89.3,4.0,1114.0,15.1,142,3,3,10
2025-10-23 04:00:00+00:00,19.4,81.0,1.3,90.1,93.1,85.5,2.0,1236.0,14.1,144,4,3,10
2025-10-23 05:00:00+00:00,19.5,83.0,1.6,67.1,70.5,54.4,30.0,1498.0,11.1,147,5,3,10
2025-10-23 06:00:00+00:00,19.6,83.0,1.3,74.3,77.8,61.1,22.0,1980.0,11.6,150,6,3,10
2025-10-23 07:00:00+00:00,20.4,76.0,5.0,88.0,91.7,69.7,14.0,2602.0,12.3,151,7,3,10
2025-10-23 08:00:00+00:00,22.4,65.0,3.2,88.0,90.3,71.0,26.0,2885.0,13.5,152,8,3,10
2025-10-23 09:00:00+00:00,25.3,54.0,1.2,72.4,75.2,58.5,80.0,2522.0,15.7,152,9,3,10
2025-10-23 10:00:00+00:00,27.7,43.0,1.1,54.2,57.7,38.7,154.0,1821.0,18.3,153,10,3,10
2025-10-23 11:00:00+00:00,29.3,39.0,2.8,44.0,48.1,22.5,207.0,1229.0,19.5,153,11,3,10
2025-10-23 12:00:00+00:00,31.2,31.0,3.1,36.6,41.1,11.6,219.0,864.0,18.2,154,12,3,10
2025-10-23 13:00:00+00:00,32.3,23.0,5.5,29.4,33.8,4.2,209.0,609.0,15.5,154,13,3,10
2025-10-23 14:00:00+00:00,32.4,21.0,7.3,26.6,30.7,5.8,190.0,554.0,13.5,154,14,3,10
2025-10-23 15:00:00+00:00,32.1,21.0,8.6,26.0,29.9,21.7,163.0,771.0,12.7,155,15,3,10
2025-10-23 16:00:00+00:00,31.2,23.0,8.6,27.4,30.7,46.6,128.0,1189.0,12.7,155,16,3,10
2025-10-23 17:00:00+00:00,30.0,29.0,5.3,39.5,43.4,66.4,89.0,1686.0,12.3,155,17,3,10
2025-10-23 18:00:00+00:00,28.3,38.0,4.9,52.0,55.9,76.6,72.0,2253.0,13.9,155,18,3,10
2025-10-23 19:00:00+00:00,26.7,47.0,4.1,63.1,67.1,90.9,49.0,2900.0,16.3,156,19,3,10
2025-10-23 20:00:00+00:00,25.4,53.0,2.2,75.4,79.2,102.8,30.0,3528.0,18.7,156,20,3,10
2025-10-23 21:00:00+00:00,24.5,59.0,0.4,85.9,89.6,109.9,21.0,4217.0,21.3,156,21,3,10
2025-10-23 22:00:00+00:00,23.5,61.0,0.4,94.8,98.7,114.5,17.0,4888.0,24.1,157,22,3,10
2025-10-23 23:00:00+00:00,22.4,73.0,1.4,101.5,105.5,117.9,13.0,5207.0,26.1,157,23,3,10
2025-10-24 00:00:00+00:00,21.9,77.0,2.1,106.4,110.6,120.1,8.0,4943.0,26.8,158,0,4,10
2025-10-24 01:00:00+00:00,21.2,80.0,2.7,109.9,113.9,120.9,3.0,4327.0,26.7,158,1,4,10
2025-10-24 02:00:00+00:00,20.8,82.0,1.5,112.9,116.9,121.0,0.0,3722.0,26.8,159,2,4,10
2025-10-24 03:00:00+00:00,20.0,85.0,1.7,115.3,119.0,120.4,0.0,3126.0,27.4,160,3,4,10
2025-10-24 04:00:00+00:00,19.5,87.0,1.8,117.8,121.5,119.0,0.0,2539.0,28.2,160,4,4,10
2025-10-24 05:00:00+00:00,19.4,91.0,1.5,80.8,82.9,67.2,8.0,2329.0,12.2,161,5,4,10
2025-10-24 06:00:00+00:00,19.2,92.0,1.6,82.2,84.1,66.7,7.0,2930.0,12.0,162,6,4,10
2025-10-24 07:00:00+00:00,19.7,90.0,2.2,88.5,90.1,65.6,7.0,3906.0,11.9,162,7,4,10
2025-10-24 08:00:00+00:00,22.2,77.0,2.3,79.6,81.0,60.6,22.0,4318.0,12.8,162,8,4,10
2025-10-24 09:00:00+00:00,25.7,61.0,2.2,63.3,65.2,48.6,66.0,3563.0,15.6,162,9,4,10
2025-10-24 10:00:00+00:00,28.3,50.0,3.1,46.6,49.1,32.7,124.0,2243.0,19.4,161,10,4,10
2025-10-24 11:00:00+00:00,29.7,42.0,3.1,37.8,40.7,20.0,171.0,1223.0,22.0,161,11,4,10
2025-10-24 12:00:00+00:00,31.4,34.0,2.1,33.6,36.2,11.2,198.0,861.0,22.2,161,12,4,10
2025-10-24 13:00:00+00:00,32.2,29.0,2.3,31.5,33.9,5.5,214.0,799.0,21.1,161,13,4,10
2025-10-24 14:00:00+00:00,32.3,26.0,4.0,31.2,33.6,7.0,215.0,823.0,20.2,161,14,4,10
2025-10-24 15:00:00+00:00,31.9,26.0,6.0,32.0,34.7,19.1,196.0,884.0,19.7,161,15,4,10
2025-10-24 16:00:00+00:00,30.8,32.0,7.3,33.8,36.7,38.4,164.0,1031.0,19.3,161,16,4,10
2025-10-24 17:00:00+00:00,29.6,36.0,4.9,49.1,51.3,63.6,114.0,1200.0,19.2,161,17,4,10
2025-10-24 18:00:00+00:00,27.9,46.0,3.9,61.0,63.6,76.5,90.0,1381.0,19.9,162,18,4,10
2025-10-24 19:00:00+00:00,26.7,51.0,4.3,71.2,73.8,94.3,58.0,1583.0,20.9,162,19,4,10
2025-10-24 20:00:00+00:00,25.6,58.0,4.1,80.3,82.7,108.0,32.0,1772.0,22.0,162,20,4,10
2025-10-24 21:00:00+00:00,24.9,60.0,4.6,87.5,90.1,113.6,21.0,1952.0,23.5,162,21,4,10
2025-10-24 22:00:00+00:00,23.9,65.0,4.1,96.4,99.0,115.1,17.0,2117.0,25.2,162,22,4,10
2025-10-24 23:00:00+00:00,23.2,67.0,2.2,104.3,107.1,115.4,14.0,2218.0,26.3,162,23,4,10
2025-10-25 00:00:00+00:00,22.4,70.0,2.1,109.0,112.0,115.7,10.0,2228.0,26.4,163,0,5,10
2025-10-25 01:00:00+00:00,21.4,74.0,2.8,110.4,113.2,114.9,8.0,2174.0,26.0,163,1,5,10
2025-10-25 02:00:00+00:00,20.2,78.0,4.3,108.7,111.5,112.4,6.0,2081.0,25.1,163,2,5,10
2025-10-25 03:00:00+00:00,19.6,79.0,4.5,106.4,109.0,106.6,3.0,1835.0,23.4,162,3,5,10
2025-10-25 04:00:00+00:00,19.1,81.0,4.2,104.5,107.1,99.2,1.0,1550.0,21.4,162,4,5,10
2025-10-25 05:00:00+00:00,19.7,87.0,0.9,112.0,114.6,105.9,0.0,1596.0,24.2,162,5,5,10
2025-10-25 06:00:00+00:00,19.5,88.0,0.4,116.6,119.2,107.8,0.0,2395.0,23.7,163,6,5,10
2025-10-25 07:00:00+00:00,19.8,88.0,1.3,128.5,130.9,109.3,0.0,3526.0,23.2,164,7,5,10
2025-10-25 08:00:00+00:00,21.8,78.0,0.5,124.8,126.2,102.7,14.0,4091.0,24.4,165,8,5,10
2025-10-25 09:00:00+00:00,24.7,65.0,1.7,90.3,93.4,80.7,76.0,3542.0,29.3,166,9,5,10
2025-10-25 10:00:00+00:00,27.3,54.0,1.9,73.8,78.5,50.7,160.0,2428.0,35.9,167,10,5,10
2025-10-25 11:00:00+00:00,29.0,47.0,1.0,66.4,72.6,27.0,223.0,1502.0,39.2,168,11,5,10
2025-10-25 12:00:00+00:00,31.0,37.0,2.4,64.5,71.2,13.9,247.0,1019.0,36.4,169,12,5,10
2025-10-25 13:00:00+00:00,31.9,30.0,4.0,60.1,66.8,7.0,249.0,725.0,30.3,170,13,5,10
2025-10-25 14:00:00+00:00,32.0,28.0,6.5,55.6,62.2,7.7,238.0,604.0,25.3,171,14,5,10
2025-10-25 15:00:00+00:00,31.5,30.0,8.5,53.3,59.5,18.7,213.0,663.0,22.7,171,15,5,10
2025-10-25 16:00:00+00:00,30.6,34.0,8.7,53.6,59.0,37.4,175.0,895.0,21.2,172,16,5,10
2025-10-25 17:00:00+00:00,28.7,51.0,3.9,71.0,76.4,58.3,145.0,1272.0,23.4,190,17,5,10
2025-10-25 18:00:00+00:00,27.2,54.0,4.0,82.4,88.2,74.1,116.0,1838.0,23.7,200,18,5,10
2025-10-25 19:00:00+00:00,25.9,62.0,4.4,96.4,102.4,95.8,75.0,2548.0,24.2,194,19,5,10
2025-10-25 20:00:00+00:00,25.0,68.0,3.1,106.6,112.9,111.3,44.0,3236.0,24.6,175,20,5,10
2025-10-25 21:00:00+00:00,24.3,71.0,1.8,115.5,122.0,114.3,32.0,3945.0,25.0,175,21,5,10
2025-10-25 22:00:00+00:00,23.5,73.0,1.0,124.8,131.3,111.2,29.0,4633.0,25.5,176,22,5,10
2025-10-25 23:00:00+00:00,22.6,79.0,1.2,132.2,139.2,109.1,27.0,5003.0,25.8,177,23,5,10
2025-10-26 00:00:00+00:00,21.6,83.0,1.1,137.8,144.8,111.2,22.0,4881.0,26.2,178,0,6,10
2025-10-26 01:00:00+00:00,20.4,87.0,1.6,143.0,150.4,114.2,17.0,4442.0,26.5,179,1,6,10
2025-10-26 02:00:00+00:00,19.6,90.0,2.2,145.8,153.2,115.8,13.0,3912.0,26.3,180,2,6,10
2025-10-26 03:00:00+00:00,18.9,92.0,3.8,146.2,153.2,114.7,8.0,3235.0,25.2,181,3,6,10
2025-10-26 04:00:00+00:00,18.5,91.0,4.3,145.3,152.3,112.0,2.0,2467.0,23.6,182,4,6,10
2025-10-26 05:00:00+00:00,18.1,91.0,3.8,137.4,142.0,113.7,0.0,2005.0,22.2,183,5,6,10
2025-10-26 06:00:00+00:00,17.7,92.0,3.6,136.0,140.6,109.9,0.0,2173.0,21.4,184,6,6,10
2025-10-26 07:00:00+00:00,18.4,89.0,4.3,140.2,143.9,103.7,0.0,2646.0,20.4,185,7,6,10
2025-10-26 08:00:00+00:00,20.9,78.0,3.8,130.9,133.2,92.4,21.0,2852.0,21.5,185,8,6,10
2025-10-26 09:00:00+00:00,24.5,66.0,2.4,117.8,120.1,71.6,83.0,2467.0,26.8,185,9,6,10
2025-10-26 10:00:00+00:00,27.3,54.0,2.1,90.6,94.8,45.7,165.0,1815.0,34.1,186,10,6,10
2025-10-26 11:00:00+00:00,29.2,44.0,1.5,81.0,87.5,25.3,227.0,1286.0,38.6,186,11,6,10
2025-10-26 12:00:00+00:00,30.4,38.0,3.1,82.0,90.1,12.7,254.0,1011.0,37.7,187,12,6,10
2025-10-26 13:00:00+00:00,31.0,35.0,4.0,79.4,87.8,5.6,261.0,860.0,34.0,187,13,6,10
2025-10-26 14:00:00+00:00,31.2,34.0,4.7,75.0,83.6,7.8,253.0,834.0,30.7,188,14,6,10
2025-10-26 15:00:00+00:00,30.9,34.0,5.2,72.6,80.8,24.1,226.0,894.0,28.6,188,15,6,10
2025-10-26 16:00:00+00:00,30.1,37.0,5.5,72.6,80.3,49.8,183.0,1078.0,26.8,189,16,6,10
2025-10-26 17:00:00+00:00,27.8,58.0,2.7,93.8,100.1,79.6,139.0,1505.0,31.1,200,17,6,10
2025-10-26 18:00:00+00:00,26.2,64.0,2.3,107.3,113.9,89.9,114.0,2391.0,31.1,204,18,6,10
2025-10-26 19:00:00+00:00,25.1,70.0,2.4,117.3,123.9,103.8,79.0,3519.0,31.0,201,19,6,10
2025-10-26 20:00:00+00:00,24.1,73.0,2.6,121.1,127.6,111.8,51.0,4360.0,30.6,192,20,6,10
2025-10-26 21:00:00+00:00,23.2,74.0,4.1,124.8,130.9,108.2,39.0,4729.0,29.5,192,21,6,10
2025-10-26 22:00:00+00:00,22.4,77.0,3.7,127.1,133.6,98.7,33.0,4812.0,28.1,192,22,6,10
2025-10-26 23:00:00+00:00,21.7,79.0,2.6,128.1,134.1,91.0,29.0,4630.0,26.6,192,23,6,10
2025-10-27 00:00:00+00:00,20.8,83.0,2.8,127.6,133.6,88.0,23.0,4073.0,25.2,192,0,0,10
2025-10-27 01:00:00+00:00,20.0,86.0,2.8,127.6,133.2,86.8,18.0,3253.0,23.8,192,1,0,10
2025-10-27 02:00:00+00:00,19.3,89.0,3.2,128.1,133.6,86.0,13.0,2526.0,22.6,192,2,0,10
2025-10-27 03:00:00+00:00,19.1,89.0,1.5,128.1,134.1,85.3,8.0,1910.0,21.4,191,3,0,10
2025-10-27 04:00:00+00:00,18.9,90.0,1.3,128.1,133.6,85.1,2.0,1388.0,20.5,190,4,0,10
2025-10-27 05:00:00+00:00,18.4,92.0,2.9,122.9,128.1,68.2,13.0,1261.0,18.7,190,5,0,10
2025-10-27 06:00:00+00:00,18.0,92.0,1.3,125.3,130.4,69.9,9.0,1938.0,18.3,190,6,0,10
2025-10-27 07:00:00+00:00,18.6,90.0,1.3,135.0,139.7,71.6,6.0,3010.0,18.0,189,7,0,10
2025-10-27 08:00:00+00:00,20.9,83.0,1.6,125.3,129.0,68.1,23.0,3555.0,19.3,189,8,0,10
2025-10-27 09:00:00+00:00,24.1,68.0,2.8,107.3,111.1,54.6,80.0,3004.0,23.9,189,9,0,10
2025-10-27 10:00:00+00:00,26.4,58.0,3.4,85.4,90.6,35.8,158.0,1927.0,30.2,189,10,0,10
2025-10-27 11:00:00+00:00,28.0,50.0,2.8,80.3,87.1,20.8,218.0,1109.0,34.6,188,11,0,10
2025-10-27 12:00:00+00:00,29.1,44.0,2.7,86.4,94.3,11.3,246.0,867.0,35.4,188,12,0,10
2025-10-27 13:00:00+00:00,29.8,40.0,4.0,82.0,89.9,5.6,256.0,885.0,34.3,189,13,0,10
2025-10-27 14:00:00+00:00,30.0,38.0,5.6,76.6,84.1,7.4,251.0,998.0,33.1,189,14,0,10
2025-10-27 15:00:00+00:00,29.8,38.0,7.1,74.3,81.5,19.3,229.0,1087.0,31.8,189,15,0,10
2025-10-27 16:00:00+00:00,29.0,40.0,7.6,75.7,82.4,38.7,193.0,1271.0,30.3,189,16,0,10
2025-10-27 17:00:00+00:00,27.3,57.0,3.9,67.1,71.2,56.4,125.0,1744.0,25.5,198,17,0,10
2025-10-27 18:00:00+00:00,26.1,62.0,2.4,80.6,84.8,76.7,98.0,2810.0,27.3,202,18,0,10
2025-10-27 19:00:00+00:00,24.9,68.0,1.5,97.6,101.7,105.1,61.0,4164.0,29.9,195,19,0,10
2025-10-27 20:00:00+00:00,23.6,74.0,1.7,113.4,117.8,128.8,31.0,5088.0,32.4,187,20,0,10
2025-10-27 21:00:00+00:00,22.7,78.0,2.4,127.1,131.8,143.5,15.0,5202.0,35.0,186,21,0,10
2025-10-27 22:00:00+00:00,22.3,79.0,1.0,140.2,144.8,153.5,6.0,4884.0,37.6,186,22,0,10
2025-10-27 23:00:00+00:00,22.1,81.0,1.9,148.5,153.2,158.6,0.0,4553.0,39.2,187,23,0,10
2025-10-28 00:00:00+00:00,21.4,84.0,3.5,153.2,157.9,158.9,0.0,4402.0,39.6,187,0,1,10
2025-10-28 01:00:00+00:00,20.6,86.0,4.2,154.1,159.3,154.3,0.0,4237.0,38.9,188,1,1,10
2025-10-28 02:00:00+00:00,20.2,85.0,5.0,147.6,152.3,145.1,0.0,3895.0,36.5,189,2,1,10
2025-10-28 03:00:00+00:00,19.9,84.0,5.9,133.2,136.9,128.9,1.0,3145.0,31.1,190,3,1,10
2025-10-28 04:00:00+00:00,19.4,87.0,4.9,107.1,110.1,108.0,4.0,2217.0,24.1,190,4,1,10
2025-10-28 05:00:00+00:00,18.9,91.0,4.2,54.5,54.5,30.4,45.0,1641.0,10.4,189,5,1,10
2025-10-28 06:00:00+00:00,19.0,90.0,5.2,57.2,71.2,33.5,37.0,1802.0,11.4,187,6,1,10
2025-10-28 07:00:00+00:00,19.2,88.0,6.0,65.0,97.3,37.5,28.0,2316.0,12.9,185,7,1,10
2025-10-28 08:00:00+00:00,20.9,83.0,4.7,70.5,120.6,38.8,34.0,2552.0,14.6,183,8,1,10
2025-10-28 09:00:00+00:00,23.5,73.0,4.0,74.5,149.0,35.4,71.0,2156.0,17.2,181,9,1,10
2025-10-28 10:00:00+00:00,26.0,62.0,4.5,75.7,156.0,29.3,123.0,1483.0,20.1,180,10,1,10
2025-10-28 11:00:00+00:00,27.8,52.0,4.2,68.9,143.4,23.1,165.0,973.0,21.4,180,11,1,10
2025-10-28 12:00:00+00:00,28.7,46.0,3.2,60.8,116.4,14.3,188.0,795.0,19.5,180,12,1,10
2025-10-28 13:00:00+00:00,29.2,43.0,2.8,49.1,82.9,5.5,199.0,780.0,16.0,179,13,1,10
2025-10-28 14:00:00+00:00,29.5,42.0,2.3,43.4,69.2,6.8,196.0,858.0,13.4,178,14,1,10
2025-10-28 15:00:00+00:00,29.4,41.0,2.8,41.6,64.5,24.8,170.0,984.0,12.6,177,15,1,10
2025-10-28 16:00:00+00:00,28.8,43.0,4.8,41.0,61.7,52.9,130.0,1203.0,12.7,176,16,1,10
2025-10-28 17:00:00+00:00,27.3,55.0,5.0,72.9,91.5,77.1,112.0,1575.0,18.1,175,17,1,10
2025-10-28 18:00:00+00:00,25.5,68.0,3.6,96.2,115.3,98.1,86.0,2250.0,20.9,175,18,1,10
2025-10-28 19:00:00+00:00,24.9,68.0,1.3,120.1,139.2,126.8,51.0,3079.0,24.8,176,19,1,10
2025-10-28 20:00:00+00:00,24.1,70.0,1.2,136.9,155.5,147.3,23.0,3670.0,27.5,176,20,1,10
2025-10-28 21:00:00+00:00,23.0,73.0,2.4,148.1,166.7,152.7,9.0,3807.0,28.1,177,21,1,10
2025-10-28 22:00:00+00:00,21.8,79.0,3.4,155.1,172.8,149.8,2.0,3707.0,27.6,178,22,1,10
2025-10-28 23:00:00+00:00,21.0,85.0,2.8,154.6,171.8,143.1,0.0,3628.0,26.4,178,23,1,10
2025-10-29 00:00:00+00:00,20.8,85.0,1.1,144.8,162.1,132.6,3.0,3681.0,24.2,178,0,2,10
2025-10-29 01:00:00+00:00,20.4,86.0,1.3,134.1,150.9,118.4,11.0,3755.0,21.2,178,1,2,10
2025-10-29 02:00:00+00:00,19.6,88.0,4.1,128.1,146.7,105.0,18.0,3774.0,18.9,177,2,2,10
2025-10-29 03:00:00+00:00,19.3,88.0,2.2,126.7,147.1,93.1,23.0,3649.0,17.8,177,3,2,10
2025-10-29 04:00:00+00:00,19.1,88.0,0.8,126.7,149.0,82.0,26.0,3468.0,17.4,177,4,2,10
2025-10-29 05:00:00+00:00,18.4,91.0,1.8,136.4,165.8,103.2,2.0,3425.0,18.3,177,5,2,10
2025-10-29 06:00:00+00:00,18.1,93.0,3.1,138.8,168.1,101.3,1.0,3775.0,18.1,180,6,2,10
2025-10-29 07:00:00+00:00,18.8,90.0,3.7,145.3,174.6,97.6,1.0,4261.0,18.0,182,7,2,10
2025-10-29 08:00:00+00:00,20.8,81.0,2.2,141.1,159.7,88.2,19.0,4311.0,18.5,184,8,2,10
2025-10-29 09:00:00+00:00,23.7,70.0,1.5,127.6,151.8,67.7,71.0,3495.0,20.4,187,9,2,10
2025-10-29 10:00:00+00:00,26.2,58.0,0.9,108.0,133.6,41.3,140.0,2241.0,22.9,188,10,2,10
2025-10-29 11:00:00+00:00,27.2,55.0,2.7,89.6,112.5,20.8,193.0,1262.0,24.2,189,11,2,10
2025-10-29 12:00:00+00:00,28.1,51.0,4.9,81.0,96.2,9.8,216.0,838.0,23.3,190,12,2,10
2025-10-29 13:00:00+00:00,28.6,49.0,6.8,71.2,82.9,4.7,223.0,688.0,21.2,190,13,2,10
2025-10-29 14:00:00+00:00,28.7,48.0,7.3,65.4,75.2,6.2,218.0,687.0,19.5,191,14,2,10
2025-10-29 15:00:00+00:00,28.5,50.0,7.0,62.6,71.2,15.9,198.0,773.0,18.5,192,15,2,10
2025-10-29 16:00:00+00:00,27.8,53.0,6.5,62.2,69.6,32.3,167.0,1007.0,17.9,192,16,2,10
2025-10-29 17:00:00+00:00,26.9,65.0,3.3,86.4,93.6,54.0,123.0,1448.0,20.2,193,17,2,10
2025-10-29 18:00:00+00:00,26.1,65.0,2.5,99.7,108.0,70.4,98.0,2263.0,21.2,193,18,2,10
2025-10-29 19:00:00+00:00,25.4,66.0,1.5,118.7,127.6,92.9,63.0,3283.0,22.7,193,19,2,10
2025-10-29 20:00:00+00:00,24.5,69.0,0.7,134.1,143.4,109.7,36.0,4064.0,24.3,193,20,2,10
2025-10-29 21:00:00+00:00,23.4,74.0,0.3,146.7,156.5,114.4,24.0,4504.0,26.0,193,21,2,10
2025-10-29 22:00:00+00:00,22.2,79.0,1.3,157.9,167.6,113.3,21.0,4703.0,27.9,193,22,2,10
2025-10-29 23:00:00+00:00,22.7,78.0,0.9,166.2,176.0,113.3,17.0,4519.0,29.4,193,23,2,10
2025-10-30 00:00:00+00:00,22.2,81.0,1.2,170.9,180.7,117.9,11.0,3661.0,30.5,194,0,3,10
2025-10-30 01:00:00+00:00,21.6,83.0,1.5,173.2,183.5,123.7,6.0,2419.0,31.2,194,1,3,10
2025-10-30 02:00:00+00:00,20.8,87.0,2.8,174.2,184.4,126.8,2.0,1518.0,31.5,196,2,3,10
2025-10-30 03:00:00+00:00,20.2,88.0,1.7,172.3,181.6,125.0,0.0,1216.0,31.1,197,3,3,10
2025-10-30 04:00:00+00:00,19.1,92.0,3.3,170.9,179.7,120.5,0.0,1254.0,30.2,198,4,3,10
2025-10-30 05:00:00+00:00,19.0,93.0,2.6,130.9,135.0,76.2,8.0,1582.0,18.6,200,5,3,10
2025-10-30 06:00:00+00:00,18.9,93.0,1.6,132.2,135.5,78.6,7.0,2488.0,19.2,199,6,3,10
2025-10-30 07:00:00+00:00,19.3,93.0,1.7,142.5,146.2,81.0,8.0,3683.0,20.2,199,7,3,10
2025-10-30 08:00:00+00:00,21.4,83.0,1.8,136.0,138.8,76.7,28.0,4251.0,21.9,199,8,3,10
2025-10-30 09:00:00+00:00,24.1,71.0,0.5,121.1,125.3,59.5,85.0,3584.0,25.6,199,9,3,10
2025-10-30 10:00:00+00:00,26.2,60.0,2.0,109.0,115.9,35.6,160.0,2290.0,30.0,199,10,3,10
2025-10-30 11:00:00+00:00,27.6,55.0,5.0,101.7,109.9,17.2,216.0,1272.0,32.0,199,11,3,10
2025-10-30 12:00:00+00:00,28.9,47.0,5.6,91.3,99.0,7.5,237.0,863.0,29.4,199,12,3,10
2025-10-30 13:00:00+00:00,29.4,43.0,5.6,80.1,87.3,3.2,239.0,731.0,24.4,200,13,3,10
2025-10-30 14:00:00+00:00,29.6,42.0,5.9,73.3,80.3,6.9,228.0,777.0,20.6,200,14,3,10
2025-10-30 15:00:00+00:00,29.3,42.0,6.1,69.6,76.1,22.0,203.0,1057.0,19.2,200,15,3,10
2025-10-30 16:00:00+00:00,28.6,46.0,5.4,69.4,75.7,45.1,165.0,1517.0,19.0,200,16,3,10
2025-10-30 17:00:00+00:00,27.3,61.0,4.1,78.7,84.5,60.7,110.0,1895.0,17.7,201,17,3,10
2025-10-30 18:00:00+00:00,26.2,61.0,4.8,94.1,99.9,76.2,86.0,2066.0,19.1,200,18,3,10
2025-10-30 19:00:00+00:00,25.4,63.0,5.4,107.6,113.6,97.4,53.0,2156.0,21.0,200,19,3,10
2025-10-30 20:00:00+00:00,24.5,65.0,5.4,119.2,125.3,111.9,28.0,2281.0,22.1,200,20,3,10
2025-10-30 21:00:00+00:00,23.8,68.0,4.9,127.6,134.1,114.5,18.0,2579.0,21.9,199,21,3,10
2025-10-30 22:00:00+00:00,23.2,70.0,3.2,133.2,139.2,110.4,16.0,2912.0,20.9,199,22,3,10
2025-10-30 23:00:00+00:00,22.6,75.0,2.9,133.2,138.8,102.3,19.0,2979.0,19.7,198,23,3,10
2025-10-31 00:00:00+00:00,22.2,77.0,2.3,129.9,135.5,88.6,28.0,2530.0,18.3,197,0,4,10
2025-10-31 01:00:00+00:00,21.5,79.0,3.1,128.5,134.6,71.0,41.0,1814.0,16.8,196,1,4,10
2025-10-31 02:00:00+00:00,21.0,81.0,4.6,129.0,134.6,56.8,50.0,1285.0,15.6,194,2,4,10
2025-10-31 03:00:00+00:00,20.8,80.0,4.5,129.5,135.0,48.2,53.0,1056.0,15.0,193,3,4,10
2025-10-31 04:00:00+00:00,20.5,81.0,2.7,129.9,135.5,43.0,52.0,1013.0,14.7,192,4,4,10
2025-10-31 05:00:00+00:00,19.0,90.0,3.9,150.9,157.4,87.0,8.0,1263.0,19.4,191,5,4,10
2025-10-31 06:00:00+00:00,18.9,89.0,2.0,149.9,156.0,86.6,7.0,2130.0,18.9,191,6,4,10
2025-10-31 07:00:00+00:00,19.3,90.0,1.8,156.5,162.1,85.2,8.0,3289.0,18.3,192,7,4,10
2025-10-31 08:00:00+00:00,21.3,80.0,0.7,146.7,150.4,78.1,27.0,3874.0,18.9,192,8,4,10
2025-10-31 09:00:00+00:00,23.9,70.0,0.0,122.0,126.7,60.1,82.0,3333.0,22.1,192,9,4,10
2025-10-31 10:00:00+00:00,26.0,59.0,0.9,103.6,109.7,36.5,156.0,2218.0,26.4,193,10,4,10
2025-10-31 11:00:00+00:00,27.7,52.0,3.1,85.7,92.2,18.2,209.0,1320.0,28.6,192,11,4,10
2025-10-31 12:00:00+00:00,29.0,45.0,5.3,68.5,75.0,8.8,226.0,918.0,26.6,192,12,4,10
2025-10-31 13:00:00+00:00,29.5,42.0,7.7,60.8,66.6,4.7,223.0,734.0,22.5,191,13,4,10
2025-10-31 14:00:00+00:00,29.6,41.0,8.6,58.4,64.3,6.5,211.0,725.0,19.3,191,14,4,10
2025-10-31 15:00:00+00:00,29.4,41.0,8.5,57.4,62.9,15.7,191.0,927.0,18.0,190,15,4,10
2025-10-31 16:00:00+00:00,28.6,45.0,6.5,58.2,63.1,30.8,162.0,1304.0,17.6,190,16,4,10
2025-10-31 17:00:00+00:00,27.4,54.0,4.8,81.5,87.5,45.9,127.0,1710.0,16.9,189,17,4,10
2025-10-31 18:00:00+00:00,26.3,56.0,5.0,92.0,98.0,63.0,101.0,2196.0,17.6,190,18,4,10
2025-10-31 19:00:00+00:00,25.6,59.0,4.2,101.5,107.8,86.5,65.0,2711.0,18.7,190,19,4,10
2025-10-31 20:00:00+00:00,24.7,62.0,3.6,113.9,120.1,103.5,37.0,2952.0,19.6,189,20,4,10
2025-10-31 21:00:00+00:00,23.8,66.0,3.9,125.7,132.2,107.6,26.0,2697.0,20.4,189,21,4,10
2025-10-31 22:00:00+00:00,22.8,69.0,3.9,136.9,143.4,105.3,23.0,2167.0,21.2,189,22,4,10
2025-10-31 23:00:00+00:00,22.2,74.0,4.2,145.3,152.3,102.8,20.0,1725.0,21.5,189,23,4,10
2025-11-01 00:00:00+00:00,22.0,73.0,2.8,149.9,156.9,103.0,15.0,1511.0,21.3,190,0,5,11
2025-11-01 01:00:00+00:00,21.4,74.0,1.8,152.3,159.3,103.1,10.0,1385.0,20.7,190,1,5,11
2025-11-01 02:00:00+00:00,20.6,77.0,2.0,151.8,159.3,100.9,8.0,1286.0,19.9,191,2,5,11
2025-11-01 03:00:00+00:00,20.1,79.0,2.2,149.5,156.5,94.3,9.0,1086.0,18.7,192,3,5,11
2025-11-01 04:00:00+00:00,19.8,80.0,2.3,145.8,152.7,85.5,11.0,912.0,17.4,192,4,5,11
2025-11-01 05:00:00+00:00,18.9,81.0,5.2,145.8,152.7,97.0,0.0,1094.0,17.8,193,5,5,11
2025-11-01 06:00:00+00:00,18.7,81.0,3.6,150.9,158.3,95.7,0.0,2072.0,17.7,192,6,5,11
2025-11-01 07:00:00+00:00,18.9,82.0,2.3,160.7,168.1,93.0,1.0,3404.0,17.6,193,7,5,11
2025-11-01 08:00:00+00:00,20.9,73.0,1.5,155.5,160.2,84.4,18.0,4093.0,18.0,193,8,5,11
2025-11-01 09:00:00+00:00,23.7,64.0,1.0,138.8,144.4,64.7,67.0,3513.0,19.6,193,9,5,11
2025-11-01 10:00:00+00:00,26.3,54.0,2.4,107.1,115.0,39.1,131.0,2290.0,21.6,193,10,5,11
2025-11-01 11:00:00+00:00,28.1,48.0,5.5,88.7,97.6,19.3,178.0,1302.0,22.3,194,11,5,11
2025-11-01 12:00:00+00:00,29.6,39.0,7.5,75.9,85.0,9.1,192.0,847.0,20.5,194,12,5,11
2025-11-01 13:00:00+00:00,30.3,34.0,7.7,67.8,76.1,4.7,189.0,628.0,17.4,194,13,5,11
2025-11-01 14:00:00+00:00,30.4,33.0,8.1,62.2,69.8,5.6,178.0,632.0,15.0,194,14,5,11
2025-11-01 15:00:00+00:00,30.0,34.0,8.5,59.1,66.4,13.3,161.0,895.0,14.1,194,15,5,11
2025-11-01 16:00:00+00:00,29.1,37.0,7.6,60.3,66.6,26.3,137.0,1381.0,14.0,194,16,5,11
2025-11-01 17:00:00+00:00,27.2,52.0,4.9,75.2,80.8,46.1,101.0,1966.0,14.4,194,17,5,11
2025-11-01 18:00:00+00:00,26.1,55.0,5.0,84.3,90.1,58.2,83.0,2767.0,15.2,194,18,5,11
2025-11-01 19:00:00+00:00,25.0,59.0,4.8,91.7,98.0,74.7,59.0,3667.0,16.4,194,19,5,11
2025-11-01 20:00:00+00:00,23.9,64.0,4.3,101.7,108.7,86.7,40.0,4187.0,17.3,194,20,5,11
2025-11-01 21:00:00+00:00,23.2,66.0,3.8,112.5,120.1,90.8,31.0,4057.0,17.9,193,21,5,11
2025-11-01 22:00:00+00:00,22.5,68.0,3.8,121.5,129.5,90.3,27.0,3547.0,18.2,193,22,5,11
2025-11-01 23:00:00+00:00,21.8,71.0,4.6,127.6,135.5,86.0,27.0,2992.0,18.1,192,23,5,11
2025-11-02 00:00:00+00:00,20.8,75.0,5.2,129.0,137.4,76.3,32.0,2430.0,17.3,192,0,6,11
2025-11-02 01:00:00+00:00,20.1,77.0,4.8,127.6,136.0,62.8,41.0,1823.0,16.2,191,1,6,11
2025-11-02 02:00:00+00:00,19.9,77.0,4.3,125.7,133.6,51.1,48.0,1393.0,15.2,190,2,6,11
2025-11-02 03:00:00+00:00,19.6,76.0,4.2,123.9,131.8,42.5,50.0,1227.0,14.7,190,3,6,11
2025-11-02 04:00:00+00:00,18.8,78.0,4.5,122.9,130.4,35.7,51.0,1238.0,14.3,189,4,6,11
2025-11-02 05:00:00+00:00,18.2,83.0,5.8,134.1,142.0,52.9,37.0,1391.0,14.9,188,5,6,11
2025-11-02 06:00:00+00:00,18.3,83.0,5.3,136.4,144.4,56.5,35.0,1819.0,15.1,188,6,6,11
2025-11-02 07:00:00+00:00,19.1,79.0,5.2,138.8,146.2,60.8,33.0,2388.0,15.3,187,7,6,11
2025-11-02 08:00:00+00:00,21.2,71.0,5.5,129.5,135.0,59.6,45.0,2660.0,15.8,187,8,6,11
2025-11-02 09:00:00+00:00,23.6,63.0,2.5,116.2,122.0,47.7,84.0,2361.0,16.8,186,9,6,11
2025-11-02 10:00:00+00:00,26.0,54.0,2.5,96.6,103.1,30.3,136.0,1766.0,18.1,185,10,6,11
2025-11-02 11:00:00+00:00,27.6,47.0,4.4,85.0,92.4,16.5,174.0,1259.0,18.7,185,11,6,11
2025-11-02 12:00:00+00:00,29.0,41.0,5.8,75.2,82.4,8.6,186.0,927.0,18.1,185,12,6,11
2025-11-02 13:00:00+00:00,29.8,37.0,7.8,68.5,75.2,4.4,185.0,683.0,16.9,185,13,6,11
2025-11-02 14:00:00+00:00,30.0,35.0,8.9,64.0,70.3,6.1,174.0,654.0,15.8,185,14,6,11
2025-11-02 15:00:00+00:00,29.7,34.0,8.8,61.7,67.8,16.4,153.0,887.0,15.0,185,15,6,11
2025-11-02 16:00:00+00:00,28.7,37.0,6.5,62.2,67.5,32.5,124.0,1333.0,14.3,185,16,6,11
2025-11-02 17:00:00+00:00,27.4,48.0,4.9,79.6,85.2,55.0,85.0,1976.0,15.6,185,17,6,11
2025-11-02 18:00:00+00:00,26.1,53.0,4.6,91.3,97.3,65.4,68.0,2980.0,16.7,185,18,6,11
2025-11-02 19:00:00+00:00,25.3,56.0,2.7,102.9,109.4,79.7,45.0,4180.0,18.3,185,19,6,11
2025-11-02 20:00:00+00:00,24.7,59.0,1.0,116.4,122.9,89.8,28.0,5064.0,20.0,186,20,6,11
2025-11-02 21:00:00+00:00,23.8,61.0,0.6,127.1,134.1,91.5,23.0,5420.0,21.9,186,21,6,11
2025-11-02 22:00:00+00:00,22.2,67.0,1.6,136.0,143.0,89.0,24.0,5460.0,23.8,187,22,6,11
2025-11-02 23:00:00+00:00,21.7,71.0,1.7,142.0,149.5,86.4,24.0,5301.0,25.2,187,23,6,11
2025-11-03 00:00:00+00:00,20.6,75.0,1.5,145.8,153.2,85.3,22.0,4889.0,25.8,188,0,0,11
2025-11-03 01:00:00+00:00,19.9,77.0,1.2,148.1,156.0,84.1,20.0,4278.0,25.7,188,1,0,11
2025-11-03 02:00:00+00:00,19.6,78.0,0.2,149.5,157.4,82.8,17.0,3756.0,25.1,189,2,0,11
2025-11-03 03:00:00+00:00,18.8,82.0,2.8,149.0,156.5,81.0,13.0,3259.0,23.5,189,3,0,11
2025-11-03 04:00:00+00:00,18.8,81.0,0.8,148.1,155.5,79.0,10.0,2850.0,21.4,190,4,0,11
2025-11-03 05:00:00+00:00,18.1,90.0,1.1,146.2,153.7,79.1,10.0,3006.0,20.9,191,5,0,11
2025-11-03 06:00:00+00:00,17.5,94.0,1.5,146.2,153.7,80.6,10.0,4429.0,20.0,191,6,0,11
2025-11-03 07:00:00+00:00,17.5,96.0,0.2,154.1,162.1,81.9,12.0,6416.0,18.9,191,7,0,11
2025-11-03 08:00:00+00:00,19.5,87.0,1.5,146.7,151.3,77.1,27.0,7341.0,18.9,192,8,0,11
2025-11-03 09:00:00+00:00,23.0,72.0,1.4,125.7,130.4,60.7,69.0,6158.0,21.2,192,9,0,11
2025-11-03 10:00:00+00:00,25.5,60.0,2.0,95.2,102.0,38.2,125.0,3912.0,24.7,193,10,0,11
2025-11-03 11:00:00+00:00,26.9,52.0,1.8,77.1,84.1,20.6,168.0,2108.0,26.8,193,11,0,11
2025-11-03 12:00:00+00:00,28.6,45.0,1.3,66.6,72.9,10.5,188.0,1257.0,26.4,192,12,0,11
2025-11-03 13:00:00+00:00,29.5,40.0,0.7,59.6,65.2,5.3,194.0,848.0,24.7,192,13,0,11
2025-11-03 14:00:00+00:00,30.0,35.0,0.4,54.8,60.1,8.1,188.0,848.0,23.2,192,14,0,11
2025-11-03 15:00:00+00:00,30.0,33.0,0.6,52.2,57.2,22.7,164.0,1450.0,22.1,192,15,0,11
2025-11-03 16:00:00+00:00,29.1,36.0,3.3,52.0,56.6,45.2,128.0,2461.0,21.2,191,16,0,11
2025-11-03 17:00:00+00:00,27.3,52.0,0.3,86.8,94.3,88.0,75.0,3271.0,24.7,191,17,0,11
2025-11-03 18:00:00+00:00,25.4,56.0,1.0,108.5,116.4,104.1,55.0,3707.0,26.6,191,18,0,11
2025-11-03 19:00:00+00:00,23.7,65.0,3.7,126.2,134.6,125.7,28.0,3943.0,29.2,192,19,0,11
2025-11-03 20:00:00+00:00,22.3,73.0,4.2,135.0,142.5,136.9,10.0,3886.0,30.3,192,20,0,11
2025-11-03 21:00:00+00:00,21.5,74.0,4.9,126.2,133.6,129.4,10.0,3369.0,28.8,193,21,0,11
2025-11-03 22:00:00+00:00,20.6,75.0,5.4,119.2,125.7,111.5,20.0,2560.0,25.8,193,22,0,11
2025-11-03 23:00:00+00:00,20.4,74.0,5.8,114.1,119.7,92.9,30.0,1873.0,23.0,193,23,0,11
2025-11-04 00:00:00+00:00,19.9,75.0,6.3,109.2,114.1,75.2,38.0,1457.0,20.8,192,0,1,11
2025-11-04 01:00:00+00:00,19.4,76.0,7.6,105.2,109.4,56.7,46.0,1162.0,18.7,191,1,1,11
2025-11-04 02:00:00+00:00,18.8,78.0,9.2,100.4,103.8,41.9,53.0,956.0,17.1,189,2,1,11
2025-11-04 03:00:00+00:00,18.4,79.0,9.3,94.3,97.6,32.3,57.0,821.0,16.0,188,3,1,11
2025-11-04 04:00:00+00:00,18.0,81.0,8.9,88.2,91.0,26.4,59.0,774.0,15.3,186,4,1,11
2025-11-04 05:00:00+00:00,17.7,83.0,10.0,86.1,88.5,29.4,49.0,835.0,14.0,184,5,1,11
2025-11-04 06:00:00+00:00,17.4,84.0,10.5,81.7,83.6,32.7,45.0,1114.0,14.8,183,6,1,11
2025-11-04 07:00:00+00:00,17.8,81.0,11.7,78.2,80.6,36.8,41.0,1501.0,15.9,181,7,1,11
2025-11-04 08:00:00+00:00,19.5,75.0,11.6,73.3,76.4,37.5,47.0,1683.0,17.0,178,8,1,11
2025-11-04 09:00:00+00:00,22.1,65.0,9.7,65.9,77.1,31.5,74.0,1459.0,18.4,176,9,1,11
2025-11-04 10:00:00+00:00,24.7,55.0,10.8,62.4,84.1,22.0,111.0,1031.0,19.8,175,10,1,11
2025-11-04 11:00:00+00:00,27.0,46.0,11.8,57.3,82.0,14.3,140.0,690.0,20.4,174,11,1,11
2025-11-04 12:00:00+00:00,28.4,40.0,13.8,50.9,73.1,10.0,155.0,532.0,19.7,173,12,1,11
2025-11-04 13:00:00+00:00,29.3,36.0,13.9,45.3,62.4,7.6,162.0,463.0,18.1,172,13,1,11
2025-11-04 14:00:00+00:00,29.7,31.0,11.5,39.9,51.7,7.8,161.0,489.0,16.4,172,14,1,11
2025-11-04 15:00:00+00:00,28.3,36.0,9.4,36.6,45.3,12.4,148.0,685.0,14.6,172,15,1,11
2025-11-04 16:00:00+00:00,21.2,69.0,5.3,34.2,40.5,19.7,128.0,976.0,12.7,171,16,1,11
2025-11-04 17:00:00+00:00,26.1,34.0,9.0,45.3,49.4,55.0,57.0,1149.0,10.5,171,17,1,11
2025-11-04 18:00:00+00:00,24.8,42.0,9.2,45.5,50.9,46.4,65.0,1083.0,10.3,169,18,1,11
2025-11-04 19:00:00+00:00,24.1,44.0,7.8,45.9,53.3,34.5,77.0,897.0,10.1,168,19,1,11
2025-11-04 20:00:00+00:00,23.2,45.0,5.1,45.9,55.9,24.6,86.0,739.0,9.8,165,20,1,11
2025-11-04 21:00:00+00:00,21.6,44.0,14.7,45.4,59.6,19.1,89.0,666.0,9.6,162,21,1,11
2025-11-04 22:00:00+00:00,20.0,56.0,11.6,45.2,62.6,15.8,90.0,620.0,9.3,160,22,1,11
2025-11-04 23:00:00+00:00,19.7,66.0,10.0,44.9,64.0,13.2,90.0,574.0,9.2,158,23,1,11
2025-11-05 00:00:00+00:00,19.7,70.0,7.5,44.2,64.7,11.0,90.0,506.0,9.3,156,0,2,11
2025-11-05 01:00:00+00:00,18.5,73.0,9.5,43.2,62.2,9.5,90.0,438.0,9.5,154,1,2,11
2025-11-05 02:00:00+00:00,17.5,75.0,11.9,41.3,56.1,8.6,90.0,407.0,9.6,152,2,2,11
2025-11-05 03:00:00+00:00,17.1,76.0,13.6,39.7,52.5,7.7,90.0,410.0,9.6,150,3,2,11
2025-11-05 04:00:00+00:00,17.0,77.0,13.1,38.4,51.8,7.3,91.0,449.0,9.5,145,4,2,11
2025-11-05 05:00:00+00:00,17.1,80.0,7.4,40.7,63.1,11.4,78.0,573.0,12.9,140,5,2,11
2025-11-05 06:00:00+00:00,16.7,83.0,8.2,42.0,58.0,18.0,67.0,892.0,12.3,135,6,2,11
2025-11-05 07:00:00+00:00,16.8,83.0,8.0,44.8,57.7,26.7,52.0,1295.0,11.5,131,7,2,11
2025-11-05 08:00:00+00:00,18.2,78.0,8.8,44.4,54.7,31.1,50.0,1499.0,11.0,128,8,2,11
2025-11-05 09:00:00+00:00,20.0,69.0,8.0,41.6,56.6,26.9,71.0,1319.0,11.2,125,9,2,11
2025-11-05 10:00:00+00:00,22.0,57.0,7.9,39.5,62.6,18.2,103.0,939.0,11.8,122,10,2,11
2025-11-05 11:00:00+00:00,24.4,51.0,5.8,38.9,73.8,11.1,129.0,627.0,12.2,120,11,2,11
2025-11-05 12:00:00+00:00,25.4,37.0,11.2,38.4,85.4,7.1,141.0,459.0,12.1,118,12,2,11
2025-11-05 13:00:00+00:00,25.6,35.0,13.0,35.9,76.1,4.5,147.0,359.0,11.9,117,13,2,11
2025-11-05 14:00:00+00:00,25.7,28.0,13.2,34.0,67.1,4.8,146.0,370.0,11.6,116,14,2,11
2025-11-05 15:00:00+00:00,24.9,33.0,13.1,31.9,59.8,9.2,137.0,577.0,11.3,115,15,2,11
2025-11-05 16:00:00+00:00,23.6,40.0,11.3,29.7,53.1,16.3,121.0,895.0,11.0,115,16,2,11
2025-11-05 17:00:00+00:00,22.8,43.0,10.8,35.9,52.4,24.1,100.0,1116.0,9.6,114,17,2,11
2025-11-05 18:00:00+00:00,21.2,49.0,8.3,39.3,53.2,30.5,86.0,1144.0,9.8,113,18,2,11
2025-11-05 19:00:00+00:00,19.6,55.0,6.9,41.4,54.2,39.3,68.0,1076.0,10.1,112,19,2,11
2025-11-05 20:00:00+00:00,18.7,57.0,6.7,43.0,54.5,45.4,53.0,993.0,10.3,112,20,2,11
2025-11-05 21:00:00+00:00,18.1,51.0,7.8,44.6,54.4,46.8,47.0,918.0,10.4,112,21,2,11
2025-11-05 22:00:00+00:00,17.4,48.0,8.3,46.1,53.4,45.5,44.0,829.0,10.4,112,22,2,11
2025-11-05 23:00:00+00:00,17.2,59.0,8.4,44.6,49.2,42.4,44.0,744.0,10.3,112,23,2,11
2025-11-06 00:00:00+00:00,16.5,65.0,7.7,42.0,44.7,36.9,45.0,659.0,10.0,112,0,3,11
2025-11-06 01:00:00+00:00,15.9,66.0,8.2,39.7,41.3,29.6,48.0,578.0,9.6,111,1,3,11
2025-11-06 02:00:00+00:00,15.6,65.0,9.0,37.1,38.3,23.8,51.0,527.0,9.3,111,2,3,11
2025-11-06 03:00:00+00:00,15.1,64.0,8.6,34.0,35.0,20.1,53.0,477.0,9.1,111,3,3,11
2025-11-06 04:00:00+00:00,14.4,64.0,8.2,31.1,32.0,17.8,55.0,456.0,9.0,110,4,3,11
2025-11-06 05:00:00+00:00,14.0,68.0,7.5,27.1,27.6,17.1,57.0,582.0,9.2,109,5,3,11
2025-11-06 06:00:00+00:00,13.2,71.0,5.8,28.6,29.5,23.8,48.0,1032.0,9.3,108,6,3,11
2025-11-06 07:00:00+00:00,13.6,68.0,5.9,32.9,34.0,32.7,37.0,1627.0,9.5,106,7,3,11
2025-11-06 08:00:00+00:00,15.5,62.0,7.1,35.4,36.3,37.0,37.0,1948.0,10.2,105,8,3,11
2025-11-06 09:00:00+00:00,17.9,55.0,3.7,31.2,32.7,32.3,58.0,1731.0,11.8,104,9,3,11
2025-11-06 10:00:00+00:00,20.3,47.0,3.5,27.0,29.4,22.9,91.0,1240.0,13.8,103,10,3,11
2025-11-06 11:00:00+00:00,23.1,41.0,5.1,27.4,30.4,15.1,118.0,840.0,15.0,102,11,3,11
2025-11-06 12:00:00+00:00,24.6,36.0,7.5,28.6,32.0,9.9,136.0,628.0,14.8,101,12,3,11
2025-11-06 13:00:00+00:00,25.4,34.0,8.5,27.8,31.1,6.3,149.0,509.0,13.9,100,13,3,11
2025-11-06 14:00:00+00:00,25.7,33.0,8.6,25.6,28.6,7.1,151.0,559.0,13.1,99,14,3,11
2025-11-06 15:00:00+00:00,25.4,34.0,7.9,24.0,26.6,14.7,138.0,915.0,12.8,98,15,3,11
2025-11-06 16:00:00+00:00,24.0,43.0,5.6,23.6,25.7,26.8,115.0,1441.0,12.6,98,16,3,11
2025-11-06 17:00:00+00:00,21.9,52.0,5.0,28.6,29.9,45.8,90.0,1807.0,12.4,97,17,3,11
2025-11-06 18:00:00+00:00,21.0,54.0,5.1,33.9,35.0,51.9,77.0,1852.0,12.8,97,18,3,11
2025-11-06 19:00:00+00:00,19.9,57.0,5.3,38.0,39.2,60.1,59.0,1737.0,13.4,96,19,3,11
2025-11-06 20:00:00+00:00,18.7,61.0,6.0,41.3,42.7,64.8,46.0,1619.0,13.6,96,20,3,11
2025-11-06 21:00:00+00:00,17.9,63.0,6.0,45.1,46.6,63.3,42.0,1562.0,13.2,96,21,3,11
2025-11-06 22:00:00+00:00,17.2,63.0,5.2,47.8,49.6,58.4,44.0,1501.0,12.3,96,22,3,11
2025-11-06 23:00:00+00:00,16.7,63.0,6.8,48.9,50.8,52.7,46.0,1397.0,11.5,96,23,3,11
2025-11-07 00:00:00+00:00,16.3,60.0,7.0,48.7,50.8,46.3,50.0,1187.0,10.6,96,0,4,11
2025-11-07 01:00:00+00:00,15.7,60.0,6.8,48.3,50.6,39.2,55.0,934.0,9.7,97,1,4,11
2025-11-07 02:00:00+00:00,15.1,61.0,6.8,48.4,50.8,34.3,57.0,786.0,9.1,98,2,4,11
2025-11-07 03:00:00+00:00,14.4,64.0,6.4,49.0,51.3,32.9,55.0,772.0,8.8,99,3,4,11
2025-11-07 04:00:00+00:00,13.5,67.0,6.2,50.6,52.9,33.8,49.0,864.0,8.7,100,4,4,11
2025-11-07 05:00:00+00:00,13.2,72.0,6.4,56.5,58.6,38.1,42.0,1121.0,9.2,102,5,4,11
2025-11-07 06:00:00+00:00,12.8,74.0,5.0,62.9,65.0,44.0,34.0,1741.0,9.7,105,6,4,11
2025-11-07 07:00:00+00:00,13.0,75.0,2.9,73.1,75.4,51.7,24.0,2527.0,10.5,108,7,4,11
2025-11-07 08:00:00+00:00,15.0,67.0,3.4,74.3,76.1,54.0,28.0,2951.0,11.7,112,8,4,11
2025-11-07 09:00:00+00:00,17.5,62.0,0.9,67.5,69.2,46.2,57.0,2702.0,13.6,117,9,4,11
2025-11-07 10:00:00+00:00,20.2,53.0,1.2,48.7,49.9,33.0,99.0,2090.0,15.8,120,10,4,11
2025-11-07 11:00:00+00:00,23.2,42.0,3.3,27.9,28.9,22.0,133.0,1523.0,17.3,123,11,4,11
2025-11-07 12:00:00+00:00,25.2,32.0,4.9,20.5,21.5,14.2,153.0,1039.0,17.4,123,12,4,11
2025-11-07 13:00:00+00:00,26.1,27.0,5.9,18.7,20.0,8.6,165.0,599.0,16.8,122,13,4,11
2025-11-07 14:00:00+00:00,26.4,25.0,6.1,18.0,19.4,8.8,165.0,495.0,16.1,121,14,4,11
2025-11-07 15:00:00+00:00,26.0,26.0,6.7,17.4,18.6,17.9,149.0,992.0,15.3,120,15,4,11
2025-11-07 16:00:00+00:00,24.6,37.0,4.5,17.9,18.9,32.9,122.0,1825.0,14.4,119,16,4,11
2025-11-07 17:00:00+00:00,22.5,41.0,3.8,33.6,35.4,62.1,95.0,2486.0,17.8,119,17,4,11
2025-11-07 18:00:00+00:00,21.6,44.0,4.8,47.1,48.8,74.2,74.0,2788.0,18.3,119,18,4,11
2025-11-07 19:00:00+00:00,20.5,49.0,4.3,58.0,59.5,90.7,46.0,2920.0,19.0,121,19,4,11
2025-11-07 20:00:00+00:00,19.3,55.0,4.3,65.9,67.5,102.1,24.0,2934.0,19.3,123,20,4,11
2025-11-07 21:00:00+00:00,18.3,58.0,3.7,71.9,73.6,103.8,16.0,2836.0,19.2,125,21,4,11
2025-11-07 22:00:00+00:00,17.4,60.0,3.8,78.0,79.4,100.5,14.0,2622.0,18.7,128,22,4,11
2025-11-07 23:00:00+00:00,16.9,63.0,4.8,81.7,83.1,96.5,13.0,2333.0,17.9,131,23,4,11
2025-11-08 00:00:00+00:00,16.3,63.0,4.3,81.0,82.7,94.0,11.0,1910.0,16.4,135,0,5,11
2025-11-08 01:00:00+00:00,15.6,65.0,4.3,78.2,79.6,90.9,10.0,1413.0,14.4,138,1,5,11
2025-11-08 02:00:00+00:00,14.9,66.0,4.7,75.4,76.8,85.0,12.0,1060.0,12.8,141,2,5,11
2025-11-08 03:00:00+00:00,14.6,65.0,3.7,72.2,73.6,72.8,20.0,863.0,11.8,144,3,5,11
2025-11-08 04:00:00+00:00,14.2,65.0,3.1,69.8,71.2,57.7,31.0,811.0,11.1,146,4,5,11
2025-11-08 05:00:00+00:00,13.5,70.0,6.1,66.8,68.2,45.0,43.0,1088.0,11.1,148,5,5,11
2025-11-08 06:00:00+00:00,13.2,71.0,5.5,71.2,72.6,51.0,36.0,2069.0,11.4,149,6,5,11
2025-11-08 07:00:00+00:00,13.4,71.0,3.6,80.3,82.0,58.7,28.0,3380.0,11.9,150,7,5,11
2025-11-08 08:00:00+00:00,15.6,62.0,4.3,79.6,81.0,59.7,34.0,4085.0,13.0,150,8,5,11
2025-11-08 09:00:00+00:00,18.1,57.0,1.6,71.9,73.1,47.8,68.0,3616.0,15.5,150,9,5,11
2025-11-08 10:00:00+00:00,20.8,49.0,1.9,53.7,55.3,29.2,116.0,2540.0,18.7,151,10,5,11
2025-11-08 11:00:00+00:00,23.2,41.0,3.5,29.3,31.0,14.8,153.0,1624.0,20.4,151,11,5,11
2025-11-08 12:00:00+00:00,25.0,34.0,4.3,23.3,25.0,7.5,169.0,1071.0,19.3,151,12,5,11
2025-11-08 13:00:00+00:00,25.9,30.0,6.1,21.9,23.7,4.4,172.0,678.0,16.6,151,13,5,11
2025-11-08 14:00:00+00:00,26.2,27.0,7.1,21.5,23.3,6.9,167.0,599.0,14.6,151,14,5,11
2025-11-08 15:00:00+00:00,25.8,28.0,7.2,21.5,23.2,17.2,150.0,995.0,13.8,151,15,5,11
2025-11-08 16:00:00+00:00,24.6,35.0,5.2,22.3,23.7,33.1,125.0,1707.0,13.6,151,16,5,11
2025-11-08 17:00:00+00:00,22.5,48.0,4.1,37.7,39.7,47.9,97.0,2408.0,14.6,151,17,5,11
2025-11-08 18:00:00+00:00,21.5,51.0,4.7,50.1,52.0,61.6,76.0,3041.0,15.4,151,18,5,11
2025-11-08 19:00:00+00:00,20.8,52.0,3.3,62.4,64.3,80.3,47.0,3665.0,16.5,152,19,5,11
2025-11-08 20:00:00+00:00,19.8,55.0,3.5,72.2,74.0,93.1,26.0,4128.0,17.2,152,20,5,11
2025-11-08 21:00:00+00:00,19.0,57.0,3.3,79.9,81.7,94.8,18.0,4431.0,17.2,152,21,5,11
2025-11-08 22:00:00+00:00,18.0,61.0,2.6,85.2,86.8,90.6,18.0,4573.0,16.7,152,22,5,11
2025-11-08 23:00:00+00:00,17.3,63.0,3.4,86.6,88.2,84.9,20.0,4404.0,15.9,152,23,5,11
2025-11-09 00:00:00+00:00,16.2,68.0,3.4,84.8,86.4,78.6,24.0,3698.0,14.6,152,0,6,11
2025-11-09 01:00:00+00:00,15.4,70.0,4.2,81.0,82.7,70.7,29.0,2680.0,12.9,153,1,6,11
2025-11-09 02:00:00+00:00,15.0,68.0,5.5,78.7,80.1,63.3,34.0,1883.0,11.6,153,2,6,11
2025-11-09 03:00:00+00:00,14.4,67.0,6.1,78.2,79.6,55.9,36.0,1481.0,11.0,153,3,6,11
2025-11-09 04:00:00+00:00,13.8,68.0,4.8,78.9,80.3,48.9,37.0,1300.0,10.7,153,4,6,11
2025-11-09 05:00:00+00:00,13.2,74.0,4.9,85.0,86.1,61.4,25.0,1342.0,11.8,153,5,6,11
2025-11-09 06:00:00+00:00,12.8,76.0,4.7,87.3,88.5,63.9,22.0,1805.0,12.2,154,6,6,11
2025-11-09 07:00:00+00:00,12.8,78.0,5.1,96.6,98.0,66.7,21.0,2491.0,12.9,154,7,6,11
2025-11-09 08:00:00+00:00,15.3,67.0,6.6,95.5,96.4,63.8,31.0,2815.0,13.7,155,8,6,11
2025-11-09 09:00:00+00:00,18.0,60.0,4.7,82.2,83.1,49.8,65.0,2410.0,14.9,155,9,6,11
2025-11-09 10:00:00+00:00,20.8,51.0,4.0,56.1,57.0,30.0,112.0,1642.0,16.3,155,10,6,11
2025-11-09 11:00:00+00:00,23.1,41.0,5.9,28.6,29.2,14.8,147.0,1022.0,16.9,156,11,6,11
2025-11-09 12:00:00+00:00,24.5,37.0,5.9,20.0,20.3,7.1,163.0,677.0,16.0,156,12,6,11
2025-11-09 13:00:00+00:00,25.4,32.0,6.4,17.6,18.0,4.0,168.0,481.0,14.3,155,13,6,11
2025-11-09 14:00:00+00:00,25.7,30.0,6.4,16.8,17.3,6.8,164.0,563.0,13.0,155,14,6,11
2025-11-09 15:00:00+00:00,25.4,31.0,6.0,16.8,17.2,18.0,147.0,1112.0,12.5,155,15,6,11
2025-11-09 16:00:00+00:00,24.0,44.0,4.0,17.6,18.0,35.2,121.0,1939.0,12.5,155,16,6,11
2025-11-09 17:00:00+00:00,22.1,49.0,4.3,36.1,36.7,55.6,88.0,2612.0,12.6,155,17,6,11
2025-11-09 18:00:00+00:00,21.3,51.0,4.0,47.8,48.4,67.0,70.0,2946.0,13.3,155,18,6,11
2025-11-09 19:00:00+00:00,20.2,55.0,3.6,58.7,59.3,82.7,46.0,3126.0,14.3,155,19,6,11
2025-11-09 20:00:00+00:00,19.3,59.0,3.6,67.3,68.0,94.0,27.0,3274.0,15.1,155,20,6,11
2025-11-09 21:00:00+00:00,18.6,60.0,2.9,75.0,75.7,97.2,19.0,3466.0,15.5,155,21,6,11
2025-11-09 22:00:00+00:00,17.7,62.0,1.9,82.2,82.9,96.1,16.0,3627.0,15.7,154,22,6,11
2025-11-09 23:00:00+00:00,16.8,65.0,3.0,87.3,88.0,92.6,15.0,3655.0,15.6,154,23,6,11
2025-11-10 00:00:00+00:00,15.9,68.0,2.0,89.6,90.6,86.8,16.0,3475.0,15.0,154,0,0,11
2025-11-10 01:00:00+00:00,14.8,73.0,2.6,90.8,91.7,78.6,19.0,3163.0,14.0,154,1,0,11
2025-11-10 02:00:00+00:00,14.0,77.0,3.4,90.8,92.0,70.7,22.0,2842.0,13.2,155,2,0,11
2025-11-10 03:00:00+00:00,13.3,80.0,3.1,91.0,92.2,62.7,24.0,2330.0,12.6,155,3,0,11
2025-11-10 04:00:00+00:00,12.7,82.0,2.7,90.3,91.5,54.8,26.0,1809.0,12.2,155,4,0,11
2025-11-10 05:00:00+00:00,12.8,82.0,1.5,95.9,96.9,57.9,17.0,1953.0,12.2,156,5,0,11
2025-11-10 06:00:00+00:00,12.6,83.0,0.6,99.0,100.1,62.6,12.0,3596.0,13.0,156,6,0,11
2025-11-10 07:00:00+00:00,12.4,85.0,0.2,108.7,109.9,68.4,8.0,5904.0,14.1,156,7,0,11
2025-11-10 08:00:00+00:00,14.2,80.0,3.1,114.1,115.3,67.3,18.0,7044.0,15.7,157,8,0,11
2025-11-10 09:00:00+00:00,17.7,68.0,2.4,96.9,97.8,52.9,57.0,5851.0,18.1,157,9,0,11
2025-11-10 10:00:00+00:00,20.8,54.0,2.4,72.6,73.8,31.7,110.0,3491.0,21.0,158,10,0,11
2025-11-10 11:00:00+00:00,23.1,43.0,3.8,45.8,47.0,15.4,152.0,1629.0,22.7,158,11,0,11
2025-11-10 12:00:00+00:00,24.6,37.0,5.2,37.5,38.6,7.1,173.0,869.0,22.4,159,12,0,11
2025-11-10 13:00:00+00:00,25.3,34.0,6.0,34.1,35.3,3.7,181.0,608.0,20.9,159,13,0,11
2025-11-10 14:00:00+00:00,25.5,34.0,6.5,33.3,34.6,7.4,178.0,702.0,19.7,160,14,0,11
2025-11-10 15:00:00+00:00,25.2,35.0,6.2,32.8,34.1,22.1,158.0,1135.0,19.0,160,15,0,11
2025-11-10 16:00:00+00:00,23.9,47.0,3.8,33.9,34.9,44.0,125.0,1923.0,18.6,161,16,0,11
2025-11-10 17:00:00+00:00,22.3,51.0,2.0,76.1,78.5,80.8,77.0,2976.0,20.3,161,17,0,11
2025-11-10 18:00:00+00:00,21.3,54.0,1.5,92.4,95.0,88.7,61.0,4565.0,21.0,162,18,0,11
2025-11-10 19:00:00+00:00,20.6,55.0,0.4,107.3,109.9,99.5,38.0,6419.0,22.1,164,19,0,11
2025-11-10 20:00:00+00:00,19.1,60.0,0.9,120.6,123.4,107.1,20.0,7634.0,22.9,165,20,0,11
2025-11-10 21:00:00+00:00,17.8,65.0,1.0,132.2,135.0,108.7,12.0,7730.0,23.5,167,21,0,11
2025-11-10 22:00:00+00:00,17.0,67.0,0.6,141.6,144.8,107.1,10.0,7188.0,24.0,169,22,0,11
2025-11-10 23:00:00+00:00,16.5,71.0,1.1,147.6,150.9,104.6,8.0,6547.0,23.9,170,23,0,11
2025-11-11 00:00:00+00:00,15.4,75.0,1.3,149.0,152.3,102.1,7.0,5950.0,23.1,172,0,1,11
2025-11-11 01:00:00+00:00,14.9,76.0,0.6,146.7,150.4,98.7,7.0,5255.0,21.8,174,1,1,11
2025-11-11 02:00:00+00:00,14.3,77.0,0.4,142.5,146.2,93.8,7.0,4572.0,20.3,176,2,1,11
2025-11-11 03:00:00+00:00,13.7,79.0,0.3,136.9,140.2,86.2,7.0,3770.0,18.5,177,3,1,11
2025-11-11 04:00:00+00:00,12.9,82.0,1.9,129.5,131.8,77.2,7.0,2981.0,16.6,178,4,1,11
2025-11-11 05:00:00+00:00,12.0,88.0,4.1,139.7,143.0,92.0,0.0,2711.0,18.5,180,5,1,11
2025-11-11 06:00:00+00:00,11.7,87.0,3.7,133.6,136.4,87.0,0.0,3541.0,17.7,181,6,1,11
2025-11-11 07:00:00+00:00,12.0,86.0,2.9,134.1,136.9,79.5,2.0,4890.0,16.9,182,7,1,11
2025-11-11 08:00:00+00:00,14.2,79.0,2.9,131.8,133.6,69.3,19.0,5520.0,17.6,183,8,1,11
2025-11-11 09:00:00+00:00,17.4,71.0,0.2,116.2,117.6,54.2,64.0,4683.0,21.8,183,9,1,11
2025-11-11 10:00:00+00:00,20.9,57.0,0.4,99.0,101.5,36.3,124.0,3127.0,27.5,184,10,1,11
2025-11-11 11:00:00+00:00,23.0,47.0,1.9,81.7,85.0,22.1,170.0,1858.0,31.0,185,11,1,11
2025-11-11 12:00:00+00:00,24.4,43.0,3.1,66.4,70.1,12.5,190.0,1194.0,30.1,186,12,1,11
2025-11-11 13:00:00+00:00,25.1,39.0,4.6,61.5,65.2,6.6,196.0,816.0,26.9,187,13,1,11
2025-11-11 14:00:00+00:00,25.2,37.0,5.3,57.9,61.7,7.8,190.0,780.0,24.1,187,14,1,11
2025-11-11 15:00:00+00:00,25.0,38.0,5.2,56.0,59.6,20.4,168.0,1256.0,22.5,188,15,1,11
2025-11-11 16:00:00+00:00,23.6,55.0,3.5,56.1,59.4,40.2,133.0,2073.0,21.2,189,16,1,11
2025-11-11 17:00:00+00:00,22.1,54.0,3.3,93.8,98.7,74.9,84.0,2770.0,22.8,189,17,1,11
2025-11-11 18:00:00+00:00,21.0,58.0,4.3,109.7,114.3,80.9,70.0,3185.0,22.9,190,18,1,11
2025-11-11 19:00:00+00:00,20.0,61.0,4.6,119.7,124.3,89.0,50.0,3480.0,23.0,190,19,1,11
2025-11-11 20:00:00+00:00,19.2,63.0,4.1,125.3,129.5,93.9,35.0,3677.0,22.8,191,20,1,11
2025-11-11 21:00:00+00:00,18.4,66.0,3.9,128.5,133.2,93.2,29.0,3786.0,22.2,191,21,1,11
2025-11-11 22:00:00+00:00,17.6,68.0,3.3,131.8,136.0,89.3,28.0,3797.0,21.3,191,22,1,11
2025-11-11 23:00:00+00:00,16.9,71.0,2.9,133.2,137.4,84.6,28.0,3708.0,20.2,191,23,1,11
2025-11-12 00:00:00+00:00,15.9,73.0,2.0,132.7,136.9,80.2,27.0,3501.0,18.8,190,0,2,11
2025-11-12 01:00:00+00:00,15.0,76.0,1.8,130.9,134.6,75.0,27.0,3195.0,17.1,190,1,2,11
2025-11-12 02:00:00+00:00,14.1,79.0,3.4,128.1,131.3,68.1,29.0,2839.0,15.7,189,2,2,11
2025-11-12 03:00:00+00:00,13.4,80.0,4.2,123.9,127.1,56.5,36.0,2270.0,14.7,189,3,2,11
2025-11-12 04:00:00+00:00,12.8,81.0,3.8,119.7,122.9,43.1,45.0,1652.0,13.9,188,4,2,11
2025-11-12 05:00:00+00:00,12.4,85.0,3.9,131.8,135.5,69.3,20.0,1531.0,16.5,188,5,2,11
2025-11-12 06:00:00+00:00,12.3,83.0,3.6,126.7,129.9,68.6,18.0,2489.0,16.1,188,6,2,11
2025-11-12 07:00:00+00:00,12.5,82.0,2.8,129.5,132.2,67.2,18.0,3944.0,15.7,188,7,2,11
2025-11-12 08:00:00+00:00,14.5,75.0,5.1,128.5,130.9,61.7,31.0,4691.0,16.5,187,8,2,11
2025-11-12 09:00:00+00:00,17.1,69.0,3.2,116.2,118.5,48.8,71.0,4003.0,20.1,187,9,2,11
2025-11-12 10:00:00+00:00,19.8,58.0,2.6,103.1,106.4,31.8,125.0,2607.0,24.9,187,10,2,11
2025-11-12 11:00:00+00:00,22.1,49.0,4.0,83.4,87.3,18.5,165.0,1486.0,27.8,188,11,2,11
2025-11-12 12:00:00+00:00,23.5,44.0,3.9,63.3,66.8,9.6,183.0,959.0,26.8,188,12,2,11
2025-11-12 13:00:00+00:00,24.3,40.0,4.7,50.1,52.7,4.4,187.0,707.0,23.8,187,13,2,11
2025-11-12 14:00:00+00:00,24.6,38.0,5.3,43.2,45.6,7.3,180.0,752.0,21.3,187,14,2,11
2025-11-12 15:00:00+00:00,24.5,38.0,5.2,40.6,43.0,24.1,155.0,1275.0,20.1,187,15,2,11
2025-11-12 16:00:00+00:00,23.2,53.0,3.6,41.4,43.2,49.1,119.0,2095.0,19.4,186,16,2,11
2025-11-12 17:00:00+00:00,21.7,53.0,3.6,79.4,82.0,81.2,78.0,2693.0,23.2,186,17,2,11
2025-11-12 18:00:00+00:00,20.8,55.0,3.8,93.8,96.4,86.9,64.0,2828.0,23.2,185,18,2,11
2025-11-12 19:00:00+00:00,19.8,57.0,4.2,105.0,107.8,94.6,46.0,2740.0,23.2,185,19,2,11
2025-11-12 20:00:00+00:00,18.7,60.0,3.9,113.4,116.2,99.6,31.0,2629.0,23.1,184,20,2,11
2025-11-12 21:00:00+00:00,17.8,63.0,3.3,118.7,121.5,100.3,24.0,2588.0,22.7,184,21,2,11
2025-11-12 22:00:00+00:00,17.0,66.0,3.2,124.3,127.1,98.2,20.0,2524.0,22.2,184,22,2,11
2025-11-12 23:00:00+00:00,16.4,68.0,3.6,128.5,131.3,93.3,20.0,2360.0,21.5,184,23,2,11
2025-11-13 00:00:00+00:00,15.6,70.0,2.9,130.4,133.2,84.3,24.0,1997.0,20.5,183,0,3,11
2025-11-13 01:00:00+00:00,14.8,72.0,3.2,129.9,132.7,72.4,31.0,1534.0,19.3,183,1,3,11
2025-11-13 02:00:00+00:00,14.2,74.0,4.3,127.1,129.9,61.8,36.0,1194.0,18.3,183,2,3,11
2025-11-13 03:00:00+00:00,13.8,74.0,4.2,122.0,124.8,52.7,39.0,922.0,17.5,183,3,3,11
2025-11-13 04:00:00+00:00,13.2,76.0,4.1,117.1,119.7,44.7,41.0,774.0,16.8,183,4,3,11
2025-11-13 05:00:00+00:00,12.6,79.0,3.3,147.6,151.3,71.2,17.0,1136.0,19.5,183,5,3,11
2025-11-13 06:00:00+00:00,12.4,80.0,1.8,148.5,152.3,75.4,13.0,2630.0,20.5,184,6,3,11
2025-11-13 07:00:00+00:00,12.2,82.0,1.7,156.5,160.2,80.3,10.0,4634.0,21.8,184,7,3,11
2025-11-13 08:00:00+00:00,14.1,77.0,3.4,162.1,164.8,78.2,20.0,5674.0,22.9,185,8,3,11
2025-11-13 09:00:00+00:00,17.0,70.0,0.4,136.0,138.3,62.4,57.0,4814.0,23.8,186,9,3,11
2025-11-13 10:00:00+00:00,19.7,58.0,1.5,103.1,105.2,39.6,109.0,2989.0,24.4,187,10,3,11
2025-11-13 11:00:00+00:00,22.1,48.0,4.1,68.5,70.5,21.5,148.0,1528.0,24.1,187,11,3,11
2025-11-13 12:00:00+00:00,23.6,42.0,5.2,41.6,43.2,11.5,166.0,913.0,22.2,186,12,3,11
2025-11-13 13:00:00+00:00,24.5,37.0,6.7,30.5,32.1,6.2,173.0,661.0,19.4,186,13,3,11
2025-11-13 14:00:00+00:00,24.9,35.0,8.1,26.0,27.9,7.4,168.0,654.0,17.2,185,14,3,11
2025-11-13 15:00:00+00:00,24.6,35.0,7.8,24.0,26.3,18.3,149.0,941.0,16.1,185,15,3,11
2025-11-13 16:00:00+00:00,23.1,43.0,5.7,25.0,26.9,35.6,118.0,1472.0,15.6,184,16,3,11
2025-11-13 17:00:00+00:00,21.2,51.0,4.9,46.0,48.9,55.7,82.0,1980.0,15.0,184,17,3,11
2025-11-13 18:00:00+00:00,20.3,53.0,5.1,56.3,59.1,64.6,67.0,2434.0,15.4,183,18,3,11
2025-11-13 19:00:00+00:00,19.4,55.0,3.3,65.7,68.7,76.7,47.0,2865.0,16.0,181,19,3,11
2025-11-13 20:00:00+00:00,18.5,57.0,2.4,75.4,78.7,85.2,31.0,3097.0,16.6,180,20,3,11
2025-11-13 21:00:00+00:00,17.5,61.0,3.0,84.3,87.5,86.6,24.0,3023.0,17.1,179,21,3,11
2025-11-13 22:00:00+00:00,16.6,65.0,2.9,92.9,96.6,84.4,22.0,2750.0,17.6,178,22,3,11
2025-11-13 23:00:00+00:00,15.8,68.0,3.4,99.2,103.1,81.7,20.0,2418.0,17.8,177,23,3,11
2025-11-14 00:00:00+00:00,14.9,70.0,3.0,102.9,107.1,80.1,18.0,2018.0,17.4,176,0,4,11
2025-11-14 01:00:00+00:00,14.3,72.0,2.3,105.2,109.7,78.0,16.0,1559.0,16.7,175,1,4,11
2025-11-14 02:00:00+00:00,13.5,75.0,3.2,107.1,111.8,74.4,15.0,1209.0,16.1,175,2,4,11
2025-11-14 03:00:00+00:00,12.8,77.0,3.7,108.0,112.7,67.5,16.0,859.0,15.5,174,3,4,11
2025-11-14 04:00:00+00:00,12.4,78.0,3.8,108.5,113.4,59.1,19.0,617.0,15.0,174,4,4,11
2025-11-14 05:00:00+00:00,11.8,83.0,1.9,119.2,124.3,83.5,0.0,975.0,17.9,173,5,4,11
2025-11-14 06:00:00+00:00,11.5,84.0,1.2,121.1,126.2,79.8,1.0,2649.0,17.9,173,6,4,11
2025-11-14 07:00:00+00:00,11.5,85.0,0.7,128.5,134.1,74.1,4.0,4923.0,18.1,172,7,4,11
2025-11-14 08:00:00+00:00,13.2,80.0,2.2,128.1,131.8,65.6,19.0,6141.0,19.2,171,8,4,11
2025-11-14 09:00:00+00:00,16.4,70.0,0.6,115.5,119.0,51.8,58.0,5278.0,22.2,170,9,4,11
2025-11-14 10:00:00+00:00,19.2,59.0,0.8,98.0,102.9,35.1,109.0,3360.0,26.1,169,10,4,11
2025-11-14 11:00:00+00:00,21.6,50.0,2.7,77.1,82.4,21.9,149.0,1804.0,28.6,169,11,4,11
2025-11-14 12:00:00+00:00,23.3,44.0,3.2,58.3,63.1,12.4,169.0,1082.0,28.4,169,12,4,11
2025-11-14 13:00:00+00:00,24.3,40.0,3.5,48.9,52.9,6.3,177.0,724.0,26.9,170,13,4,11
2025-11-14 14:00:00+00:00,24.7,37.0,4.7,44.7,48.2,8.9,172.0,731.0,25.6,171,14,4,11
2025-11-14 15:00:00+00:00,24.5,38.0,5.6,43.8,47.0,26.3,148.0,1240.0,25.0,171,15,4,11
2025-11-14 16:00:00+00:00,23.2,49.0,4.0,46.1,48.7,52.5,110.0,2115.0,24.6,172,16,4,11
2025-11-14 17:00:00+00:00,21.5,53.0,2.9,75.4,80.3,66.0,81.0,2954.0,24.8,172,17,4,11
2025-11-14 18:00:00+00:00,20.5,56.0,3.2,94.5,99.4,74.2,65.0,3674.0,25.0,173,18,4,11
2025-11-14 19:00:00+00:00,19.5,60.0,2.8,107.1,112.2,85.5,44.0,4358.0,25.4,174,19,4,11
2025-11-14 20:00:00+00:00,18.6,62.0,1.9,117.6,122.9,93.0,28.0,4857.0,25.9,176,20,4,11
2025-11-14 21:00:00+00:00,17.8,64.0,1.1,126.7,132.2,93.2,23.0,5102.0,26.6,177,21,4,11
2025-11-14 22:00:00+00:00,16.8,68.0,0.5,135.0,141.1,89.6,23.0,5161.0,27.5,178,22,4,11
2025-11-14 23:00:00+00:00,15.4,74.0,0.8,140.6,147.1,86.6,24.0,5091.0,28.2,179,23,4,11
2025-11-15 00:00:00+00:00,14.3,78.0,1.1,143.4,150.4,86.0,23.0,4872.0,29.0,181,0,5,11
2025-11-15 01:00:00+00:00,13.5,81.0,0.9,146.2,153.2,85.9,23.0,4523.0,29.6,182,1,5,11
2025-11-15 02:00:00+00:00,13.1,82.0,0.6,148.5,156.0,85.0,22.0,4160.0,29.5,183,2,5,11
2025-11-15 03:00:00+00:00,12.8,82.0,1.1,150.4,157.9,82.1,19.0,3602.0,27.9,184,3,5,11
2025-11-15 04:00:00+00:00,12.5,83.0,1.4,150.9,158.3,78.3,16.0,3029.0,25.5,185,4,5,11
2025-11-15 05:00:00+00:00,12.4,85.0,0.4,155.1,163.4,91.6,8.0,3099.0,29.7,187,5,5,11
2025-11-15 06:00:00+00:00,11.8,88.0,0.0,157.9,165.8,91.7,6.0,4611.0,29.3,188,6,5,11
2025-11-15 07:00:00+00:00,11.5,90.0,0.6,167.6,176.0,90.9,6.0,6766.0,28.7,189,7,5,11
2025-11-15 08:00:00+00:00,13.2,85.0,1.1,177.0,183.5,84.4,18.0,7825.0,28.6,190,8,5,11
2025-11-15 09:00:00+00:00,16.4,75.0,0.8,143.4,148.1,66.8,55.0,6708.0,29.4,191,9,5,11
2025-11-15 10:00:00+00:00,19.5,63.0,0.9,107.8,113.4,43.4,105.0,4496.0,30.7,192,10,5,11
2025-11-15 11:00:00+00:00,21.9,53.0,1.3,71.7,76.1,24.8,143.0,2689.0,31.1,193,11,5,11
2025-11-15 12:00:00+00:00,23.6,46.0,1.3,50.9,54.1,13.5,160.0,1741.0,30.1,192,12,5,11
2025-11-15 13:00:00+00:00,24.6,42.0,1.9,40.3,42.6,6.9,164.0,1198.0,28.3,192,13,5,11
2025-11-15 14:00:00+00:00,25.1,38.0,2.8,34.6,36.3,8.0,158.0,1200.0,26.6,192,14,5,11
2025-11-15 15:00:00+00:00,25.0,37.0,3.6,31.3,32.8,21.3,137.0,1922.0,25.3,192,15,5,11
2025-11-15 16:00:00+00:00,23.8,57.0,2.2,31.2,32.4,42.3,104.0,3187.0,24.2,191,16,5,11
2025-11-15 17:00:00+00:00,22.0,51.0,0.8,57.9,60.5,61.7,71.0,4609.0,24.5,191,17,5,11
2025-11-15 18:00:00+00:00,20.7,57.0,1.3,70.8,73.3,67.4,60.0,6404.0,24.9,190,18,5,11
2025-11-15 19:00:00+00:00,19.4,63.0,1.2,82.4,85.0,75.1,44.0,8354.0,25.3,190,19,5,11
2025-11-15 20:00:00+00:00,18.1,68.0,1.1,91.7,94.5,79.8,32.0,9419.0,25.6,189,20,5,11
2025-11-15 21:00:00+00:00,16.6,74.0,2.1,99.2,101.7,78.7,28.0,8926.0,25.5,188,21,5,11
2025-11-15 22:00:00+00:00,15.6,77.0,2.2,105.5,108.3,74.7,27.0,7548.0,25.2,187,22,5,11
2025-11-15 23:00:00+00:00,14.7,81.0,1.4,110.1,112.9,71.4,26.0,6257.0,24.7,186,23,5,11
2025-11-16 00:00:00+00:00,13.8,83.0,1.9,113.4,116.2,69.9,23.0,5367.0,24.0,186,0,6,11
2025-11-16 01:00:00+00:00,13.1,85.0,1.7,116.4,119.7,69.1,20.0,4565.0,23.2,185,1,6,11
2025-11-16 02:00:00+00:00,12.8,85.0,0.6,119.7,122.9,69.2,17.0,3879.0,22.3,184,2,6,11
2025-11-16 03:00:00+00:00,12.5,85.0,0.4,122.9,125.7,70.6,12.0,3144.0,21.1,183,3,6,11
2025-11-16 04:00:00+00:00,12.2,86.0,0.6,123.9,126.7,72.8,7.0,2527.0,19.8,182,4,6,11
2025-11-16 05:00:00+00:00,11.6,90.0,0.6,139.7,143.4,96.2,0.0,2555.0,32.5,181,5,6,11
2025-11-16 06:00:00+00:00,10.9,92.0,1.0,140.2,143.4,95.4,0.0,3963.0,31.5,181,6,6,11
2025-11-16 07:00:00+00:00,10.6,93.0,0.8,147.6,150.9,93.6,0.0,6017.0,30.0,180,7,6,11
2025-11-16 08:00:00+00:00,12.3,89.0,0.9,143.9,146.2,87.1,8.0,7044.0,28.8,180,8,6,11
2025-11-16 09:00:00+00:00,16.2,76.0,0.9,117.6,119.7,71.9,42.0,6011.0,27.9,179,9,6,11
2025-11-16 10:00:00+00:00,19.1,64.0,0.5,88.0,90.1,52.0,89.0,3951.0,27.2,178,10,6,11
2025-11-16 11:00:00+00:00,21.3,53.0,1.5,64.0,66.1,35.1,127.0,2293.0,26.8,177,11,6,11
2025-11-16 12:00:00+00:00,22.9,47.0,2.3,41.9,43.7,21.4,152.0,1511.0,26.9,177,12,6,11
2025-11-16 13:00:00+00:00,23.7,41.0,3.8,34.0,35.5,10.8,167.0,1131.0,27.2,177,13,6,11
2025-11-16 14:00:00+00:00,24.1,40.0,4.0,32.9,34.2,10.4,168.0,1163.0,27.3,177,14,6,11
2025-11-16 15:00:00+00:00,23.9,41.0,4.0,33.2,34.3,27.8,144.0,1820.0,26.9,177,15,6,11
2025-11-16 16:00:00+00:00,22.8,57.0,1.2,35.7,36.7,55.5,105.0,2889.0,26.2,177,16,6,11
2025-11-16 17:00:00+00:00,21.2,54.0,1.5,75.4,77.5,81.1,65.0,3741.0,27.1,177,17,6,11
2025-11-16 18:00:00+00:00,20.4,56.0,2.0,91.5,93.4,86.6,52.0,4161.0,27.5,177,18,6,11
2025-11-16 19:00:00+00:00,19.6,57.0,1.7,103.8,105.9,94.0,34.0,4364.0,28.0,178,19,6,11
2025-11-16 20:00:00+00:00,18.5,61.0,2.2,112.5,114.3,98.1,21.0,4368.0,28.3,179,20,6,11
2025-11-16 21:00:00+00:00,17.4,65.0,2.6,119.7,121.5,95.9,17.0,4078.0,28.2,179,21,6,11
2025-11-16 22:00:00+00:00,16.3,70.0,2.6,126.7,128.5,90.4,17.0,3589.0,27.8,180,22,6,11
2025-11-16 23:00:00+00:00,15.3,74.0,3.8,131.8,133.6,85.1,18.0,3207.0,27.1,180,23,6,11
2025-11-17 00:00:00+00:00,14.1,78.0,3.5,134.6,136.4,81.3,17.0,3077.0,25.8,181,0,0,11
2025-11-17 01:00:00+00:00,13.3,82.0,2.7,136.4,138.3,77.9,16.0,3053.0,24.2,182,1,0,11
2025-11-17 02:00:00+00:00,12.9,83.0,1.5,135.5,137.4,74.7,15.0,3003.0,22.8,182,2,0,11
2025-11-17 03:00:00+00:00,12.6,84.0,1.2,132.7,134.6,71.5,14.0,2759.0,21.6,183,3,0,11
2025-11-17 04:00:00+00:00,12.2,86.0,1.9,132.2,134.1,68.7,12.0,2489.0,20.5,183,4,0,11
2025-11-17 05:00:00+00:00,11.7,88.0,2.5,131.3,133.2,80.1,2.0,2565.0,20.7,183,5,0,11
2025-11-17 06:00:00+00:00,11.4,88.0,3.1,136.9,138.3,80.4,0.0,3450.0,21.1,183,6,0,11
2025-11-17 07:00:00+00:00,11.4,88.0,3.1,148.1,149.9,80.1,0.0,4680.0,21.8,183,7,0,11
2025-11-17 08:00:00+00:00,13.3,81.0,4.2,155.1,156.0,74.8,11.0,5237.0,23.4,183,8,0,11
2025-11-17 09:00:00+00:00,16.3,71.0,0.8,129.9,130.9,60.1,51.0,4465.0,26.9,183,9,0,11
2025-11-17 10:00:00+00:00,19.0,59.0,0.8,102.4,103.6,40.5,105.0,3020.0,31.3,184,10,0,11
2025-11-17 11:00:00+00:00,21.1,50.0,1.3,81.0,82.2,24.9,147.0,1845.0,34.1,184,11,0,11
2025-11-17 12:00:00+00:00,22.8,42.0,1.5,61.5,62.2,14.0,171.0,1165.0,33.9,185,12,0,11
2025-11-17 13:00:00+00:00,23.7,37.0,2.2,50.8,51.5,7.2,183.0,755.0,32.3,185,13,0,11
2025-11-17 14:00:00+00:00,24.1,35.0,3.0,47.0,47.7,11.6,180.0,890.0,31.0,186,14,0,11
2025-11-17 15:00:00+00:00,23.9,36.0,3.7,46.6,47.1,34.8,152.0,1943.0,30.8,186,15,0,11
2025-11-17 16:00:00+00:00,22.8,54.0,1.7,49.4,49.9,69.1,108.0,3541.0,31.0,187,16,0,11
2025-11-17 17:00:00+00:00,20.5,58.0,0.6,101.0,102.0,95.3,69.0,4834.0,31.4,187,17,0,11
2025-11-17 18:00:00+00:00,19.1,63.0,1.8,124.3,125.3,109.4,50.0,5599.0,33.2,188,18,0,11
2025-11-17 19:00:00+00:00,17.7,68.0,3.5,143.4,144.8,128.4,23.0,6060.0,35.6,189,19,0,11
2025-11-17 20:00:00+00:00,16.7,70.0,3.8,156.9,158.3,140.3,3.0,6039.0,37.2,190,20,0,11
2025-11-17 21:00:00+00:00,16.0,71.0,4.3,165.8,166.7,138.5,0.0,5246.0,37.2,191,21,0,11
2025-11-17 22:00:00+00:00,15.0,73.0,4.9,171.8,172.8,129.5,0.0,3971.0,36.4,193,22,0,11
2025-11-17 23:00:00+00:00,14.1,76.0,4.9,175.6,176.5,120.6,0.0,2902.0,35.0,194,23,0,11
2025-11-18 00:00:00+00:00,14.0,75.0,5.2,176.0,177.0,114.1,0.0,2295.0,32.9,195,0,1,11
2025-11-18 01:00:00+00:00,13.6,75.0,5.7,175.1,176.5,107.7,0.0,1895.0,30.2,196,1,1,11
2025-11-18 02:00:00+00:00,13.2,78.0,5.3,174.6,175.6,101.3,0.0,1626.0,27.7,198,2,1,11
2025-11-18 03:00:00+00:00,13.0,80.0,4.1,173.7,174.6,94.7,0.0,1408.0,25.3,199,3,1,11
2025-11-18 04:00:00+00:00,12.4,83.0,3.1,172.3,173.2,88.2,0.0,1322.0,23.1,200,4,1,11
2025-11-18 05:00:00+00:00,11.6,88.0,3.3,162.1,163.4,75.1,6.0,1533.0,20.5,202,5,1,11
2025-11-18 06:00:00+00:00,11.2,90.0,3.2,165.8,166.7,72.4,4.0,2363.0,19.8,203,6,1,11
2025-11-18 07:00:00+00:00,11.1,92.0,2.7,175.6,176.5,68.1,3.0,3491.0,19.1,204,7,1,11
2025-11-18 08:00:00+00:00,13.0,86.0,4.3,175.1,176.0,61.3,19.0,4112.0,20.9,205,8,1,11
2025-11-18 09:00:00+00:00,16.2,76.0,2.0,153.7,154.1,49.9,67.0,3759.0,27.8,206,9,1,11
2025-11-18 10:00:00+00:00,19.2,65.0,1.0,128.1,129.5,36.0,130.0,2899.0,37.2,207,10,1,11
2025-11-18 11:00:00+00:00,21.6,53.0,1.0,111.5,112.7,24.6,180.0,2139.0,43.9,208,11,1,11
2025-11-18 12:00:00+00:00,23.3,45.0,2.4,85.4,86.4,14.7,205.0,1560.0,45.3,209,12,1,11
2025-11-18 13:00:00+00:00,24.1,42.0,3.5,72.6,73.6,7.3,216.0,1080.0,44.0,210,13,1,11
2025-11-18 14:00:00+00:00,24.3,40.0,4.2,66.4,67.3,10.4,211.0,1055.0,42.3,211,14,1,11
2025-11-18 15:00:00+00:00,24.1,41.0,4.0,64.3,65.0,31.6,182.0,1778.0,40.6,212,15,1,11
2025-11-18 16:00:00+00:00,23.2,57.0,1.9,65.2,65.9,63.4,136.0,2956.0,38.4,213,16,1,11
2025-11-18 17:00:00+00:00,21.4,57.0,0.8,109.0,109.9,97.2,84.0,4062.0,38.8,214,17,1,11
2025-11-18 18:00:00+00:00,20.5,58.0,1.3,131.8,132.7,105.2,66.0,5009.0,39.1,214,18,1,11
2025-11-18 19:00:00+00:00,19.5,60.0,1.1,148.5,149.5,116.0,41.0,5884.0,39.7,214,19,1,11
2025-11-18 20:00:00+00:00,18.7,62.0,0.9,162.5,163.4,123.4,22.0,6421.0,40.4,214,20,1,11
2025-11-18 21:00:00+00:00,17.7,66.0,1.2,174.2,175.1,123.9,15.0,6419.0,41.5,215,21,1,11
2025-11-18 22:00:00+00:00,16.7,70.0,1.3,183.0,183.9,120.8,14.0,6079.0,42.9,215,22,1,11
2025-11-18 23:00:00+00:00,16.3,70.0,1.3,187.7,189.1,118.2,14.0,5734.0,44.0,215,23,1,11
2025-11-19 00:00:00+00:00,15.3,74.0,2.9,189.1,190.5,118.2,12.0,5539.0,45.1,216,0,2,11
2025-11-19 01:00:00+00:00,14.3,79.0,3.2,190.5,191.4,118.6,11.0,5338.0,46.1,216,1,2,11
2025-11-19 02:00:00+00:00,13.4,82.0,2.7,189.1,190.0,116.6,10.0,5005.0,45.9,217,2,2,11
2025-11-19 03:00:00+00:00,12.6,85.0,2.8,184.9,185.8,109.9,9.0,4296.0,43.8,218,3,2,11
2025-11-19 04:00:00+00:00,11.8,88.0,3.9,182.5,183.5,100.8,8.0,3454.0,40.6,218,4,2,11
2025-11-19 05:00:00+00:00,11.4,89.0,4.0,173.7,174.6,82.5,9.0,3077.0,30.9,219,5,2,11
2025-11-19 06:00:00+00:00,11.1,90.0,2.8,176.5,177.4,84.6,4.0,3740.0,30.1,219,6,2,11
2025-11-19 07:00:00+00:00,10.9,91.0,2.9,187.7,188.1,86.6,0.0,4869.0,29.1,220,7,2,11
2025-11-19 08:00:00+00:00,13.0,82.0,5.4,189.5,190.0,82.3,14.0,5337.0,30.4,220,8,2,11
2025-11-19 09:00:00+00:00,16.5,70.0,3.5,155.1,155.5,65.8,63.0,4434.0,36.2,221,9,2,11
2025-11-19 10:00:00+00:00,19.7,60.0,2.9,124.3,125.3,42.9,131.0,2871.0,44.2,221,10,2,11
2025-11-19 11:00:00+00:00,21.7,54.0,3.1,102.4,103.1,24.8,183.0,1649.0,49.3,221,11,2,11
2025-11-19 12:00:00+00:00,23.3,46.0,2.6,83.8,84.5,12.7,210.0,1068.0,48.8,220,12,2,11
2025-11-19 13:00:00+00:00,24.2,41.0,1.1,78.0,78.7,5.5,223.0,829.0,45.5,220,13,2,11
2025-11-19 14:00:00+00:00,24.5,39.0,1.0,75.7,76.4,11.0,218.0,1038.0,42.9,220,14,2,11
2025-11-19 15:00:00+00:00,24.4,39.0,2.4,75.0,75.7,38.0,188.0,1884.0,41.8,221,15,2,11
2025-11-19 16:00:00+00:00,23.1,50.0,3.7,78.2,78.9,77.7,142.0,3178.0,41.4,221,16,2,11
2025-11-19 17:00:00+00:00,20.8,64.0,2.2,121.1,122.0,115.8,98.0,4457.0,44.1,222,17,2,11
2025-11-19 18:00:00+00:00,19.7,66.0,2.7,146.2,146.7,125.2,84.0,5698.0,47.7,222,18,2,11
2025-11-19 19:00:00+00:00,19.0,65.0,1.8,167.6,168.6,137.9,65.0,6925.0,52.6,223,19,2,11
2025-11-19 20:00:00+00:00,18.6,62.0,0.6,183.9,184.4,145.8,48.0,7748.0,56.1,224,20,2,11
2025-11-19 21:00:00+00:00,17.5,65.0,1.3,190.9,191.9,145.0,38.0,8082.0,57.2,224,21,2,11
2025-11-19 22:00:00+00:00,16.3,67.0,2.7,194.2,194.6,139.5,31.0,8011.0,56.8,225,22,2,11
2025-11-19 23:00:00+00:00,16.3,66.0,1.5,193.7,194.6,132.4,25.0,7405.0,54.9,226,23,2,11
2025-11-20 00:00:00+00:00,15.6,67.0,3.4,189.1,189.5,124.5,21.0,5888.0,51.0,226,0,3,11
2025-11-20 01:00:00+00:00,14.7,71.0,4.7,181.1,181.6,115.0,18.0,3836.0,45.6,226,1,3,11
2025-11-20 02:00:00+00:00,14.0,74.0,4.4,169.5,170.0,105.6,17.0,2237.0,40.5,226,2,3,11
2025-11-20 03:00:00+00:00,13.5,77.0,3.7,157.4,157.9,95.4,16.0,1364.0,35.5,225,3,3,11
2025-11-20 04:00:00+00:00,12.9,80.0,3.5,147.6,148.1,85.2,17.0,945.0,30.7,224,4,3,11
2025-11-20 05:00:00+00:00,12.2,84.0,3.6,123.4,123.9,72.0,23.0,1153.0,23.3,222,5,3,11
2025-11-20 06:00:00+00:00,11.9,85.0,3.1,127.6,128.1,75.3,19.0,2558.0,24.6,220,6,3,11
2025-11-20 07:00:00+00:00,11.6,88.0,2.5,141.6,142.0,79.3,15.0,4590.0,26.5,218,7,3,11
2025-11-20 08:00:00+00:00,13.3,83.0,2.3,160.2,160.7,77.1,29.0,5707.0,29.3,216,8,3,11
2025-11-20 09:00:00+00:00,16.4,74.0,1.3,136.9,137.4,63.5,78.0,4991.0,33.6,215,9,3,11
2025-11-20 10:00:00+00:00,19.7,63.0,1.4,101.3,101.7,43.8,145.0,3361.0,38.7,214,10,3,11
2025-11-20 11:00:00+00:00,21.6,52.0,0.5,83.6,84.1,27.6,198.0,2030.0,42.5,213,11,3,11
2025-11-20 12:00:00+00:00,23.3,45.0,1.5,71.0,71.5,14.8,226.0,1346.0,44.1,212,12,3,11
2025-11-20 13:00:00+00:00,24.0,40.0,2.5,69.8,70.5,5.6,239.0,962.0,44.4,212,13,3,11
2025-11-20 14:00:00+00:00,24.3,39.0,2.8,69.8,70.3,9.8,234.0,1044.0,44.4,211,14,3,11
2025-11-20 15:00:00+00:00,24.0,39.0,2.9,70.8,71.0,36.7,201.0,1817.0,43.8,211,15,3,11
2025-11-20 16:00:00+00:00,22.8,51.0,3.1,75.7,75.9,77.0,150.0,3056.0,43.0,211,16,3,11
2025-11-20 17:00:00+00:00,20.5,63.0,4.2,115.0,115.3,116.8,91.0,4257.0,43.9,211,17,3,11
2025-11-20 18:00:00+00:00,19.4,66.0,4.2,138.8,139.2,128.8,75.0,5405.0,47.4,211,18,3,11
2025-11-20 19:00:00+00:00,18.4,65.0,3.1,160.2,160.7,145.3,54.0,6514.0,52.2,210,19,3,11
2025-11-20 20:00:00+00:00,17.6,66.0,2.2,176.0,176.5,157.1,35.0,7124.0,55.5,210,20,3,11
2025-11-20 21:00:00+00:00,17.1,65.0,1.4,185.3,185.8,161.4,23.0,6971.0,56.4,210,21,3,11
2025-11-20 22:00:00+00:00,16.4,66.0,1.7,191.9,192.3,161.0,14.0,6319.0,55.9,209,22,3,11
2025-11-20 23:00:00+00:00,15.5,71.0,3.4,193.7,194.2,155.6,8.0,5496.0,53.6,209,23,3,11
2025-11-21 00:00:00+00:00,14.7,74.0,4.1,190.0,190.5,143.0,7.0,4474.0,48.8,209,0,4,11
2025-11-21 01:00:00+00:00,14.0,77.0,5.5,183.9,184.4,125.4,9.0,3282.0,42.3,209,1,4,11
2025-11-21 02:00:00+00:00,13.5,78.0,5.7,170.4,170.9,109.4,12.0,2330.0,36.4,210,2,4,11
2025-11-21 03:00:00+00:00,13.0,80.0,5.4,155.5,156.0,96.8,14.0,1702.0,31.7,210,3,4,11
2025-11-21 04:00:00+00:00,12.6,83.0,5.0,146.7,147.1,85.8,17.0,1314.0,27.6,209,4,4,11
2025-11-21 05:00:00+00:00,12.3,84.0,4.6,132.7,133.2,40.1,46.0,1328.0,21.3,209,5,4,11
2025-11-21 06:00:00+00:00,11.9,87.0,4.1,135.0,135.5,48.5,33.0,2084.0,21.4,210,6,4,11
2025-11-21 07:00:00+00:00,11.8,89.0,3.5,145.3,145.8,59.5,17.0,3240.0,21.7,210,7,4,11
2025-11-21 08:00:00+00:00,13.6,83.0,4.3,156.5,156.9,64.1,21.0,3936.0,22.5,210,8,4,11
2025-11-21 09:00:00+00:00,16.6,74.0,2.4,141.6,142.0,56.4,62.0,3718.0,23.9,210,9,4,11
2025-11-21 10:00:00+00:00,19.6,64.0,1.5,114.8,115.3,42.2,122.0,3039.0,25.9,210,10,4,11
2025-11-21 11:00:00+00:00,21.6,56.0,2.1,99.2,99.7,29.6,171.0,2396.0,28.6,211,11,4,11
2025-11-21 12:00:00+00:00,23.3,48.0,2.0,87.3,88.0,17.3,201.0,1850.0,32.6,212,12,4,11
2025-11-21 13:00:00+00:00,24.1,42.0,1.3,80.3,80.8,6.7,219.0,1340.0,37.3,212,13,4,11
2025-11-21 14:00:00+00:00,24.4,39.0,1.8,78.2,78.7,9.5,218.0,1185.0,40.7,213,14,4,11
2025-11-21 15:00:00+00:00,24.2,39.0,2.4,78.0,78.5,37.6,186.0,1639.0,41.6,213,15,4,11
2025-11-21 16:00:00+00:00,23.0,55.0,2.4,86.1,86.8,79.2,135.0,2448.0,41.3,213,16,4,11
2025-11-21 17:00:00+00:00,20.9,61.0,2.7,146.2,147.1,105.3,70.0,3166.0,35.4,214,17,4,11
2025-11-21 18:00:00+00:00,19.8,66.0,4.0,166.7,167.6,105.4,60.0,3672.0,36.4,215,18,4,11
2025-11-21 19:00:00+00:00,18.7,67.0,5.2,179.7,180.7,105.3,47.0,4087.0,37.8,216,19,4,11
2025-11-21 20:00:00+00:00,18.1,66.0,5.8,187.7,189.1,103.5,35.0,4329.0,38.2,217,20,4,11
2025-11-21 21:00:00+00:00,17.4,67.0,5.7,192.8,193.7,98.8,27.0,4379.0,37.0,218,21,4,11
2025-11-21 22:00:00+00:00,16.0,74.0,5.1,195.1,195.6,92.3,21.0,4256.0,34.7,218,22,4,11
2025-11-21 23:00:00+00:00,15.2,78.0,3.3,192.3,193.2,86.5,16.0,3939.0,32.4,218,23,4,11
2025-11-22 00:00:00+00:00,14.3,81.0,3.6,187.2,188.1,82.3,13.0,3298.0,30.0,218,0,5,11
2025-11-22 01:00:00+00:00,13.8,82.0,3.5,183.9,184.9,78.6,11.0,2464.0,27.4,218,1,5,11
2025-11-22 02:00:00+00:00,13.2,83.0,4.4,182.1,183.0,74.8,11.0,1803.0,25.3,218,2,5,11
2025-11-22 03:00:00+00:00,12.9,84.0,5.1,179.3,180.2,70.0,12.0,1357.0,23.9,218,3,5,11
2025-11-22 04:00:00+00:00,12.7,84.0,5.0,172.8,173.7,65.1,14.0,1084.0,23.1,219,4,5,11
2025-11-22 05:00:00+00:00,11.8,87.0,3.3,159.7,160.2,57.1,19.0,1232.0,20.4,220,5,5,11
2025-11-22 06:00:00+00:00,11.4,88.0,3.1,166.7,167.2,61.6,13.0,2247.0,21.3,221,6,5,11
2025-11-22 07:00:00+00:00,11.3,88.0,2.9,181.6,182.5,67.3,6.0,3683.0,22.9,223,7,5,11
2025-11-22 08:00:00+00:00,13.2,81.0,3.5,196.5,197.0,66.8,19.0,4446.0,25.9,224,8,5,11
2025-11-22 09:00:00+00:00,16.1,72.0,2.2,163.9,164.4,54.7,70.0,3872.0,32.0,226,9,5,11
2025-11-22 10:00:00+00:00,18.9,60.0,1.5,131.8,132.2,36.5,140.0,2625.0,39.7,227,10,5,11
2025-11-22 11:00:00+00:00,21.0,52.0,3.0,100.4,100.8,21.9,194.0,1611.0,44.8,228,11,5,11
2025-11-22 12:00:00+00:00,22.3,46.0,4.2,81.0,81.7,11.9,219.0,1098.0,45.3,228,12,5,11
2025-11-22 13:00:00+00:00,23.0,44.0,4.4,73.6,74.5,5.5,227.0,817.0,43.2,227,13,5,11
2025-11-22 14:00:00+00:00,23.4,43.0,4.6,69.4,70.5,8.6,220.0,867.0,41.0,227,14,5,11
2025-11-22 15:00:00+00:00,23.2,45.0,4.8,66.8,68.0,27.6,191.0,1350.0,39.2,227,15,5,11
2025-11-22 16:00:00+00:00,22.2,57.0,2.7,68.2,69.2,56.1,147.0,2164.0,37.3,226,16,5,11
2025-11-22 17:00:00+00:00,20.7,59.0,1.4,123.4,124.8,104.5,86.0,3097.0,39.7,226,17,5,11
2025-11-22 18:00:00+00:00,20.1,61.0,1.3,141.6,143.0,113.5,67.0,4282.0,40.5,225,18,5,11
2025-11-22 19:00:00+00:00,19.4,62.0,1.0,158.3,159.7,125.9,42.0,5586.0,41.7,224,19,5,11
2025-11-22 20:00:00+00:00,18.0,68.0,1.3,173.7,174.6,135.2,21.0,6400.0,42.6,223,20,5,11
2025-11-22 21:00:00+00:00,16.7,73.0,1.5,186.7,188.1,138.5,10.0,6359.0,43.4,222,21,5,11
2025-11-22 22:00:00+00:00,16.1,76.0,1.1,197.9,199.3,138.7,5.0,5829.0,43.9,222,22,5,11
2025-11-22 23:00:00+00:00,15.9,76.0,1.3,202.6,203.5,137.5,1.0,5294.0,43.8,222,23,5,11
2025-11-23 00:00:00+00:00,15.4,78.0,1.4,200.7,202.1,135.5,0.0,4915.0,42.5,222,0,6,11
2025-11-23 01:00:00+00:00,14.9,80.0,1.2,197.0,198.4,132.1,0.0,4531.0,40.6,223,1,6,11
2025-11-23 02:00:00+00:00,14.1,83.0,1.5,194.6,196.0,128.0,0.0,4150.0,38.6,223,2,6,11
2025-11-23 03:00:00+00:00,13.4,85.0,1.4,191.9,193.2,122.6,0.0,3582.0,36.4,224,3,6,11
2025-11-23 04:00:00+00:00,12.5,88.0,2.1,189.1,190.5,116.5,1.0,3017.0,34.3,225,4,6,11
2025-11-23 05:00:00+00:00,11.9,89.0,1.9,209.1,210.5,129.9,0.0,3027.0,44.7,225,5,6,11
2025-11-23 06:00:00+00:00,11.5,90.0,0.2,216.5,217.9,129.3,0.0,4336.0,46.1,227,6,6,11
2025-11-23 07:00:00+00:00,11.1,92.0,0.8,233.8,235.6,127.4,0.0,6220.0,48.0,229,7,6,11
2025-11-23 08:00:00+00:00,12.7,88.0,3.6,251.5,253.3,117.7,9.0,7079.0,48.8,232,8,6,11
2025-11-23 09:00:00+00:00,15.7,77.0,1.9,208.6,209.5,93.5,61.0,5889.0,47.8,234,9,6,11
2025-11-23 10:00:00+00:00,18.6,64.0,1.8,157.4,158.3,61.5,131.0,3673.0,45.8,236,10,6,11
2025-11-23 11:00:00+00:00,20.9,52.0,3.1,120.6,121.5,35.8,185.0,1905.0,43.4,237,11,6,11
2025-11-23 12:00:00+00:00,22.4,44.0,3.8,86.8,88.2,19.5,212.0,1112.0,40.8,238,12,6,11
2025-11-23 13:00:00+00:00,23.2,39.0,4.8,66.6,68.2,9.5,222.0,767.0,38.0,238,13,6,11
2025-11-23 14:00:00+00:00,23.5,38.0,5.2,55.1,56.6,10.2,216.0,758.0,35.3,238,14,6,11
2025-11-23 15:00:00+00:00,23.3,38.0,5.1,50.5,52.0,28.5,185.0,1192.0,32.9,237,15,6,11
2025-11-23 16:00:00+00:00,22.1,54.0,3.1,51.8,53.0,57.5,138.0,1963.0,30.7,236,16,6,11
2025-11-23 17:00:00+00:00,20.2,53.0,2.5,82.7,84.1,94.6,90.0,2640.0,30.6,236,17,6,11
2025-11-23 18:00:00+00:00,19.3,57.0,3.1,95.9,97.1,98.2,75.0,3090.0,30.1,234,18,6,11
2025-11-23 19:00:00+00:00,18.3,61.0,3.3,105.2,106.4,103.0,55.0,3446.0,29.4,232,19,6,11
2025-11-23 20:00:00+00:00,17.4,64.0,3.5,110.8,112.0,104.8,39.0,3682.0,28.6,230,20,6,11
2025-11-23 21:00:00+00:00,16.3,68.0,3.2,117.6,118.7,101.5,31.0,3767.0,27.8,227,21,6,11
2025-11-23 22:00:00+00:00,15.3,72.0,3.0,125.3,126.7,95.4,28.0,3732.0,26.9,224,22,6,11
2025-11-23 23:00:00+00:00,14.8,74.0,3.1,130.4,131.3,88.9,26.0,3641.0,25.6,221,23,6,11
2025-11-24 00:00:00+00:00,13.9,78.0,3.2,129.9,130.9,82.8,24.0,3509.0,23.5,218,0,0,11
2025-11-24 01:00:00+00:00,13.2,80.0,2.4,126.2,127.6,76.5,23.0,3321.0,21.1,215,1,0,11
2025-11-24 02:00:00+00:00,12.6,81.0,2.1,121.1,122.5,70.4,23.0,3100.0,19.1,212,2,0,11
2025-11-24 03:00:00+00:00,12.0,83.0,3.4,117.6,118.5,63.5,23.0,2625.0,17.6,209,3,0,11
2025-11-24 04:00:00+00:00,11.8,82.0,3.8,116.9,117.8,56.9,23.0,2118.0,16.7,206,4,0,11
2025-11-24 05:00:00+00:00,11.3,85.0,1.6,119.2,120.6,48.1,31.0,2262.0,17.3,203,5,0,11
2025-11-24 06:00:00+00:00,10.8,86.0,0.5,127.1,128.1,57.2,21.0,3880.0,18.5,200,6,0,11
2025-11-24 07:00:00+00:00,10.5,88.0,0.5,144.8,146.2,68.9,10.0,6150.0,20.4,197,7,0,11
2025-11-24 08:00:00+00:00,12.0,84.0,2.3,160.7,161.6,72.3,18.0,7288.0,22.8,194,8,0,11
2025-11-24 09:00:00+00:00,14.9,74.0,1.8,133.2,134.1,59.3,65.0,6174.0,26.5,192,9,0,11
2025-11-24 10:00:00+00:00,18.1,62.0,1.3,107.8,109.4,37.9,133.0,3927.0,30.7,189,10,0,11
2025-11-24 11:00:00+00:00,20.6,51.0,2.2,86.6,88.7,20.8,184.0,2122.0,33.6,188,11,0,11
2025-11-24 12:00:00+00:00,22.2,44.0,3.3,69.2,71.5,11.2,207.0,1324.0,34.0,187,12,0,11
2025-11-24 13:00:00+00:00,22.9,39.0,5.1,61.5,63.8,5.9,213.0,967.0,32.9,186,13,0,11
2025-11-24 14:00:00+00:00,23.1,38.0,6.3,59.1,61.5,8.5,206.0,929.0,31.7,186,14,0,11
2025-11-24 15:00:00+00:00,22.8,39.0,6.7,58.2,60.5,24.1,180.0,1281.0,30.6,186,15,0,11
2025-11-24 16:00:00+00:00,21.7,47.0,4.2,60.8,62.6,47.6,140.0,1953.0,29.4,187,16,0,11
2025-11-24 17:00:00+00:00,19.4,58.0,3.7,68.0,68.9,68.0,105.0,2611.0,30.0,187,17,0,11
2025-11-24 18:00:00+00:00,18.7,62.0,4.3,85.7,86.6,77.6,85.0,3185.0,30.4,186,18,0,11
2025-11-24 19:00:00+00:00,17.6,65.0,5.0,98.0,99.0,90.5,58.0,3746.0,30.9,186,19,0,11
2025-11-24 20:00:00+00:00,16.6,68.0,4.8,106.4,107.3,98.7,37.0,4167.0,31.1,186,20,0,11
2025-11-24 21:00:00+00:00,15.7,70.0,4.4,113.2,114.1,97.8,29.0,4419.0,30.8,186,21,0,11
2025-11-24 22:00:00+00:00,15.1,72.0,3.3,119.7,120.6,92.0,28.0,4533.0,30.0,186,22,0,11
2025-11-24 23:00:00+00:00,14.6,74.0,1.3,124.3,125.3,86.2,27.0,4470.0,29.0,185,23,0,11
2025-11-25 00:00:00+00:00,13.7,77.0,1.9,125.7,126.7,82.8,25.0,4151.0,27.4,185,0,1,11
2025-11-25 01:00:00+00:00,13.1,79.0,2.3,126.2,127.1,79.2,24.0,3655.0,25.4,185,1,1,11
2025-11-25 02:00:00+00:00,12.6,81.0,3.1,125.3,126.2,73.2,26.0,3189.0,23.8,185,2,1,11
2025-11-25 03:00:00+00:00,12.1,82.0,3.6,121.1,122.0,60.6,35.0,2675.0,22.6,185,3,1,11
2025-11-25 04:00:00+00:00,11.5,84.0,3.4,116.9,118.0,45.5,48.0,2191.0,21.7,185,4,1,11
2025-11-25 05:00:00+00:00,10.9,86.0,2.2,133.2,134.6,65.4,26.0,2170.0,23.5,185,5,1,11
2025-11-25 06:00:00+00:00,10.3,88.0,2.3,135.5,137.4,69.6,21.0,3157.0,24.7,186,6,1,11
2025-11-25 07:00:00+00:00,10.0,90.0,2.5,150.9,152.3,74.6,16.0,4607.0,26.3,186,7,1,11
2025-11-25 08:00:00+00:00,11.8,84.0,4.4,165.8,167.2,73.0,27.0,5327.0,27.9,186,8,1,11
2025-11-25 09:00:00+00:00,14.8,74.0,2.3,136.0,136.9,58.4,68.0,4582.0,29.5,186,9,1,11
2025-11-25 10:00:00+00:00,17.7,63.0,1.5,107.8,109.7,37.2,124.0,3106.0,31.0,186,10,1,11
2025-11-25 11:00:00+00:00,19.9,53.0,3.2,83.8,85.7,20.5,166.0,1905.0,31.8,186,11,1,11
2025-11-25 12:00:00+00:00,21.4,47.0,4.6,61.5,63.1,11.2,185.0,1309.0,31.3,186,12,1,11
2025-11-25 13:00:00+00:00,22.2,42.0,6.5,50.1,51.3,6.4,190.0,987.0,29.9,186,13,1,11
2025-11-25 14:00:00+00:00,22.4,41.0,7.4,46.9,48.1,8.7,184.0,953.0,28.7,186,14,1,11
2025-11-25 15:00:00+00:00,22.1,43.0,7.5,45.5,46.6,22.1,161.0,1283.0,27.8,185,15,1,11
2025-11-25 16:00:00+00:00,21.1,49.0,5.7,47.4,48.2,42.7,126.0,1902.0,26.9,185,16,1,11
2025-11-25 17:00:00+00:00,18.8,61.0,4.4,68.7,69.8,54.7,95.0,2593.0,26.5,185,17,1,11
2025-11-25 18:00:00+00:00,18.3,62.0,4.4,82.7,83.8,63.6,79.0,3443.0,26.6,185,18,1,11
2025-11-25 19:00:00+00:00,17.7,63.0,3.8,91.5,92.7,75.7,56.0,4366.0,26.7,185,19,1,11
2025-11-25 20:00:00+00:00,16.7,65.0,3.3,99.9,101.0,84.0,38.0,4886.0,26.9,184,20,1,11
2025-11-25 21:00:00+00:00,15.7,69.0,3.3,108.5,109.9,85.0,30.0,4737.0,27.3,184,21,1,11
2025-11-25 22:00:00+00:00,14.7,73.0,2.9,118.0,119.7,82.3,27.0,4185.0,27.7,184,22,1,11
2025-11-25 23:00:00+00:00,13.7,77.0,3.0,124.8,126.2,79.1,24.0,3555.0,27.5,184,23,1,11
2025-11-26 00:00:00+00:00,13.1,79.0,3.1,127.1,128.5,76.8,20.0,2858.0,26.3,184,0,2,11
2025-11-26 01:00:00+00:00,12.4,79.0,3.5,129.0,130.4,74.1,17.0,2082.0,24.5,184,1,2,11
2025-11-26 02:00:00+00:00,11.9,80.0,3.5,129.9,131.3,70.2,15.0,1521.0,23.1,184,2,2,11
2025-11-26 03:00:00+00:00,11.4,81.0,2.7,129.5,130.9,63.1,17.0,1164.0,22.3,184,3,2,11
2025-11-26 04:00:00+00:00,10.8,83.0,2.4,129.5,130.9,54.9,20.0,1022.0,21.9,184,4,2,11
2025-11-26 05:00:00+00:00,10.3,86.0,3.3,143.4,145.3,65.9,8.0,1419.0,22.7,185,5,2,11
2025-11-26 06:00:00+00:00,10.0,87.0,1.3,150.4,152.3,70.1,4.0,2971.0,25.5,185,6,2,11
2025-11-26 07:00:00+00:00,9.8,88.0,0.7,166.2,168.6,75.1,2.0,5061.0,29.5,186,7,2,11
2025-11-26 08:00:00+00:00,11.5,83.0,1.3,186.3,188.1,73.5,15.0,6169.0,33.0,186,8,2,11
2025-11-26 09:00:00+00:00,14.2,75.0,0.5,159.7,161.1,59.2,60.0,5348.0,35.7,187,9,2,11
2025-11-26 10:00:00+00:00,17.4,64.0,0.2,123.4,125.3,38.4,121.0,3544.0,37.9,187,10,2,11
2025-11-26 11:00:00+00:00,19.4,54.0,1.7,93.4,95.2,22.0,168.0,2071.0,39.2,188,11,2,11
2025-11-26 12:00:00+00:00,21.1,46.0,1.6,66.6,68.5,11.9,190.0,1372.0,39.1,188,12,2,11
2025-11-26 13:00:00+00:00,21.9,42.0,2.1,54.7,56.7,6.2,198.0,1004.0,38.1,188,13,2,11
2025-11-26 14:00:00+00:00,22.2,40.0,3.0,51.6,53.7,10.3,191.0,948.0,37.1,188,14,2,11
2025-11-26 15:00:00+00:00,22.1,40.0,4.2,49.9,52.0,31.3,162.0,1301.0,36.1,189,15,2,11
2025-11-26 16:00:00+00:00,20.8,56.0,2.9,52.9,54.6,62.0,117.0,1966.0,35.2,189,16,2,11
2025-11-26 17:00:00+00:00,19.0,58.0,2.3,84.5,86.6,86.1,82.0,2633.0,35.1,189,17,2,11
2025-11-26 18:00:00+00:00,18.1,62.0,2.7,105.0,107.1,92.1,66.0,3299.0,35.9,189,18,2,11
2025-11-26 19:00:00+00:00,17.0,67.0,3.5,118.3,120.1,100.1,44.0,3967.0,36.9,190,19,2,11
2025-11-26 20:00:00+00:00,15.9,71.0,5.5,126.7,128.5,103.9,27.0,4331.0,37.1,191,20,2,11
2025-11-26 21:00:00+00:00,15.1,72.0,5.1,131.8,134.1,100.0,22.0,4211.0,36.1,192,21,2,11
2025-11-26 22:00:00+00:00,14.4,73.0,3.9,135.5,137.8,92.0,22.0,3787.0,34.4,192,22,2,11
2025-11-26 23:00:00+00:00,13.5,77.0,4.6,135.0,136.9,83.7,23.0,3297.0,32.3,193,23,2,11
2025-11-27 00:00:00+00:00,12.5,81.0,4.7,130.4,131.8,76.3,24.0,2746.0,29.7,193,0,3,11
2025-11-27 01:00:00+00:00,11.7,84.0,3.8,125.3,127.1,68.7,26.0,2129.0,26.7,193,1,3,11
2025-11-27 02:00:00+00:00,11.0,85.0,2.4,122.5,123.9,62.0,28.0,1670.0,24.3,193,2,3,11
2025-11-27 03:00:00+00:00,10.5,87.0,1.8,121.5,122.9,55.5,29.0,1309.0,22.7,193,3,3,11
2025-11-27 04:00:00+00:00,10.0,89.0,2.0,122.5,123.9,49.8,30.0,1105.0,21.6,193,4,3,11
2025-11-27 05:00:00+00:00,9.5,91.0,0.5,160.2,162.1,75.8,7.0,1462.0,30.4,192,5,3,11
2025-11-27 06:00:00+00:00,9.2,92.0,0.2,161.6,163.0,78.5,6.0,3036.0,32.1,193,6,3,11
2025-11-27 07:00:00+00:00,9.1,93.0,0.4,174.2,176.0,81.3,6.0,5169.0,34.6,193,7,3,11
2025-11-27 08:00:00+00:00,10.5,90.0,1.5,190.9,192.8,77.7,22.0,6295.0,36.4,193,8,3,11
2025-11-27 09:00:00+00:00,13.5,79.0,0.5,151.3,152.3,61.5,67.0,5435.0,37.4,194,9,3,11
2025-11-27 10:00:00+00:00,16.6,67.0,1.0,115.7,117.1,38.9,127.0,3567.0,37.9,193,10,3,11
2025-11-27 11:00:00+00:00,18.6,59.0,3.7,88.2,90.1,21.2,172.0,2055.0,37.3,193,11,3,11
2025-11-27 12:00:00+00:00,20.2,49.0,4.1,62.6,64.3,10.7,193.0,1352.0,34.9,193,12,3,11
2025-11-27 13:00:00+00:00,21.0,43.0,4.0,50.3,52.2,5.2,199.0,1006.0,31.4,193,13,3,11
2025-11-27 14:00:00+00:00,21.3,40.0,4.3,45.8,47.6,9.5,191.0,1025.0,28.8,193,14,3,11
2025-11-27 15:00:00+00:00,21.1,41.0,4.8,43.8,45.8,30.2,164.0,1577.0,27.9,193,15,3,11
2025-11-27 16:00:00+00:00,19.9,58.0,2.8,47.5,49.0,60.7,123.0,2494.0,27.8,192,16,3,11
2025-11-27 17:00:00+00:00,18.5,59.0,1.7,78.9,80.8,80.7,95.0,3283.0,31.4,192,17,3,11
2025-11-27 18:00:00+00:00,17.6,64.0,2.8,98.3,99.9,88.5,77.0,3797.0,32.5,192,18,3,11
2025-11-27 19:00:00+00:00,16.4,68.0,3.1,113.4,115.0,99.0,52.0,4182.0,34.1,192,19,3,11
2025-11-27 20:00:00+00:00,15.4,70.0,3.2,125.7,127.1,104.9,33.0,4382.0,34.9,192,20,3,11
2025-11-27 21:00:00+00:00,14.6,72.0,3.2,134.6,135.5,102.2,26.0,4334.0,34.6,192,21,3,11
2025-11-27 22:00:00+00:00,14.0,73.0,2.7,141.6,142.5,95.0,24.0,4101.0,33.6,192,22,3,11
2025-11-27 23:00:00+00:00,12.8,77.0,4.0,144.4,145.3,88.0,23.0,3820.0,32.2,192,23,3,11
2025-11-28 00:00:00+00:00,12.1,79.0,3.8,143.0,143.9,83.1,21.0,3516.0,30.3,192,0,4,11
2025-11-28 01:00:00+00:00,11.5,80.0,3.8,141.1,142.0,78.5,21.0,3164.0,28.0,193,1,4,11
2025-11-28 02:00:00+00:00,10.9,82.0,4.0,138.3,138.8,73.4,21.0,2824.0,25.9,193,2,4,11
2025-11-28 03:00:00+00:00,10.4,83.0,3.6,134.6,135.0,66.4,22.0,2424.0,24.0,194,3,4,11
2025-11-28 04:00:00+00:00,10.0,84.0,3.1,130.9,131.3,59.0,24.0,2036.0,22.4,194,4,4,11
2025-11-28 05:00:00+00:00,9.6,86.0,3.1,146.2,147.1,62.7,11.0,1935.0,23.7,194,5,4,11
2025-11-28 06:00:00+00:00,9.5,87.0,3.2,147.6,148.1,65.7,10.0,2437.0,24.2,194,6,4,11
2025-11-28 07:00:00+00:00,9.3,88.0,3.6,156.0,156.5,69.1,11.0,3226.0,25.1,193,7,4,11
2025-11-28 08:00:00+00:00,11.1,82.0,5.5,163.0,163.4,66.5,27.0,3633.0,26.6,193,8,4,11
2025-11-28 09:00:00+00:00,13.7,74.0,3.1,131.3,131.8,52.2,73.0,3275.0,29.6,192,9,4,11
2025-11-28 10:00:00+00:00,16.3,64.0,1.7,99.2,99.7,31.9,135.0,2535.0,33.4,191,10,4,11
2025-11-28 11:00:00+00:00,18.7,55.0,2.7,65.0,65.9,16.3,181.0,1889.0,35.8,191,11,4,11
2025-11-28 12:00:00+00:00,20.5,47.0,3.5,47.0,48.2,8.1,201.0,1433.0,35.7,190,12,4,11
2025-11-28 13:00:00+00:00,21.5,42.0,4.5,39.9,41.2,4.7,206.0,1071.0,34.3,190,13,4,11
2025-11-28 14:00:00+00:00,21.8,39.0,5.5,38.3,39.6,8.6,199.0,998.0,33.2,189,14,4,11
2025-11-28 15:00:00+00:00,21.5,39.0,5.6,38.1,39.2,24.2,176.0,1398.0,33.1,189,15,4,11
2025-11-28 16:00:00+00:00,20.2,52.0,3.6,40.0,41.1,47.2,141.0,2087.0,33.4,189,16,4,11
2025-11-28 17:00:00+00:00,18.1,58.0,3.4,58.9,59.4,70.0,110.0,2706.0,33.8,189,17,4,11
2025-11-28 18:00:00+00:00,17.5,61.0,3.8,75.9,76.4,80.8,88.0,3184.0,34.7,188,18,4,11
2025-11-28 19:00:00+00:00,16.6,64.0,3.8,88.7,89.2,95.4,58.0,3592.0,35.8,188,19,4,11
2025-11-28 20:00:00+00:00,15.7,66.0,4.2,97.3,97.8,103.2,36.0,3787.0,36.0,187,20,4,11
2025-11-28 21:00:00+00:00,14.8,68.0,4.6,101.0,101.7,99.0,30.0,3668.0,34.5,186,21,4,11
2025-11-28 22:00:00+00:00,14.2,70.0,4.6,103.1,103.8,88.2,32.0,3337.0,32.1,185,22,4,11
2025-11-28 23:00:00+00:00,13.2,74.0,4.8,102.7,103.1,76.2,37.0,2954.0,29.6,184,23,4,11
2025-11-29 00:00:00+00:00,12.6,76.0,4.1,99.9,100.6,63.6,43.0,2508.0,27.1,183,0,5,11
2025-11-29 01:00:00+00:00,11.8,78.0,4.4,97.6,98.5,49.9,52.0,2011.0,24.5,181,1,5,11
2025-11-29 02:00:00+00:00,11.1,81.0,5.2,95.2,96.2,39.1,58.0,1660.0,22.3,180,2,5,11
2025-11-29 03:00:00+00:00,10.4,83.0,5.7,93.1,94.1,31.9,61.0,1466.0,20.6,179,3,5,11
2025-11-29 04:00:00+00:00,10.0,83.0,4.3,92.0,92.7,27.6,63.0,1418.0,19.4,177,4,5,11
2025-11-29 05:00:00+00:00,9.0,88.0,5.0,107.8,108.5,45.9,38.0,1681.0,21.2,176,5,5,11
2025-11-29 06:00:00+00:00,9.0,86.0,3.9,107.6,108.5,54.0,32.0,2618.0,22.2,175,6,5,11
2025-11-29 07:00:00+00:00,8.8,85.0,3.2,119.0,119.7,64.3,26.0,3865.0,23.7,174,7,5,11
2025-11-29 08:00:00+00:00,10.5,79.0,3.9,130.9,131.3,66.6,36.0,4503.0,25.5,173,8,5,11
2025-11-29 09:00:00+00:00,13.1,70.0,1.6,107.1,107.8,52.9,77.0,3954.0,28.0,172,9,5,11
2025-11-29 10:00:00+00:00,16.1,58.0,1.6,77.5,78.5,31.2,133.0,2795.0,30.8,171,10,5,11
2025-11-29 11:00:00+00:00,18.9,47.0,3.4,48.8,49.7,14.6,175.0,1833.0,32.8,171,11,5,11
2025-11-29 12:00:00+00:00,20.7,40.0,4.0,36.4,37.4,7.1,192.0,1304.0,33.5,170,12,5,11
2025-11-29 13:00:00+00:00,21.6,37.0,4.6,31.0,31.9,4.7,196.0,974.0,33.4,170,13,5,11
2025-11-29 14:00:00+00:00,21.8,35.0,5.1,29.6,30.6,8.7,188.0,943.0,33.0,170,14,5,11
2025-11-29 15:00:00+00:00,21.5,36.0,5.8,28.3,29.3,22.4,165.0,1402.0,32.2,169,15,5,11
2025-11-29 16:00:00+00:00,20.1,47.0,3.6,29.6,30.5,42.5,131.0,2161.0,31.0,169,16,5,11
2025-11-29 17:00:00+00:00,17.7,55.0,3.6,55.3,56.9,64.0,99.0,2754.0,31.1,169,17,5,11
2025-11-29 18:00:00+00:00,17.1,58.0,4.0,70.5,71.9,72.3,82.0,2999.0,31.1,169,18,5,11
2025-11-29 19:00:00+00:00,16.1,60.0,4.5,81.3,82.7,83.4,58.0,3077.0,31.1,168,19,5,11
2025-11-29 20:00:00+00:00,15.2,63.0,4.9,86.1,87.3,88.4,42.0,3071.0,30.5,168,20,5,11
2025-11-29 21:00:00+00:00,14.2,65.0,4.9,87.1,88.2,82.0,41.0,2993.0,28.8,168,21,5,11
2025-11-29 22:00:00+00:00,13.4,68.0,3.6,89.2,90.3,69.5,47.0,2830.0,26.5,167,22,5,11
2025-11-29 23:00:00+00:00,12.6,70.0,4.1,91.7,92.9,58.4,52.0,2627.0,24.4,167,23,5,11
2025-11-30 00:00:00+00:00,11.6,72.0,4.0,92.9,94.3,51.2,53.0,2371.0,22.8,167,0,6,11
2025-11-30 01:00:00+00:00,10.9,73.0,4.6,94.5,95.7,45.4,54.0,2074.0,21.4,166,1,6,11
2025-11-30 02:00:00+00:00,10.4,72.0,5.1,95.0,96.2,40.8,54.0,1816.0,20.4,166,2,6,11
2025-11-30 03:00:00+00:00,10.0,70.0,5.1,94.8,95.9,36.2,55.0,1484.0,19.6,166,3,6,11
2025-11-30 04:00:00+00:00,9.4,71.0,4.4,93.8,95.0,32.7,56.0,1192.0,19.1,166,4,6,11
2025-11-30 05:00:00+00:00,8.6,75.0,4.6,104.8,105.9,43.0,41.0,1352.0,20.3,166,5,6,11
2025-11-30 06:00:00+00:00,8.1,78.0,4.0,107.8,108.7,53.0,34.0,2490.0,22.3,166,6,6,11
2025-11-30 07:00:00+00:00,7.7,80.0,2.0,120.1,121.1,66.0,26.0,4082.0,25.0,166,7,6,11
2025-11-30 08:00:00+00:00,9.0,76.0,2.7,134.1,135.0,70.5,33.0,4969.0,27.0,166,8,6,11
2025-11-30 09:00:00+00:00,11.5,70.0,0.2,110.1,110.6,58.3,71.0,4487.0,27.6,167,9,6,11
2025-11-30 10:00:00+00:00,14.7,58.0,1.2,82.0,82.4,37.6,124.0,3301.0,27.4,167,10,6,11
2025-11-30 11:00:00+00:00,17.8,47.0,3.3,54.9,55.6,21.2,164.0,2250.0,27.3,167,11,6,11
2025-11-30 12:00:00+00:00,19.6,40.0,5.7,39.0,40.0,12.7,179.0,1549.0,27.6,167,12,6,11
2025-11-30 13:00:00+00:00,20.7,37.0,7.1,31.9,32.9,8.4,180.0,983.0,27.9,167,13,6,11
2025-11-30 14:00:00+00:00,21.0,35.0,8.0,28.7,29.7,10.5,171.0,744.0,27.8,167,14,6,11
2025-11-30 15:00:00+00:00,20.9,35.0,8.0,28.3,29.2,22.1,149.0,990.0,26.9,167,15,6,11
2025-11-30 16:00:00+00:00,19.5,43.0,4.2,31.0,31.5,40.0,117.0,1562.0,25.6,167,16,6,11
2025-11-30 17:00:00+00:00,17.3,52.0,4.5,44.6,45.4,59.4,90.0,2177.0,24.9,167,17,6,11
2025-11-30 18:00:00+00:00,16.8,55.0,3.8,60.8,61.5,71.5,70.0,2883.0,25.6,167,18,6,11
2025-11-30 19:00:00+00:00,15.8,59.0,3.5,75.0,75.7,87.7,44.0,3632.0,26.4,166,19,6,11
2025-11-30 20:00:00+00:00,14.9,64.0,3.4,84.5,85.2,97.2,25.0,3991.0,26.5,166,20,6,11
2025-11-30 21:00:00+00:00,14.7,66.0,3.5,87.3,87.8,94.3,22.0,3641.0,25.2,166,21,6,11
2025-11-30 22:00:00+00:00,13.6,68.0,3.1,87.5,88.0,84.6,28.0,2900.0,23.2,166,22,6,11
2025-11-30 23:00:00+00:00,12.5,71.0,2.8,86.4,86.8,73.9,34.0,2299.0,21.4,166,23,6,11
2025-12-01 00:00:00+00:00,11.4,75.0,3.5,85.4,85.9,62.6,39.0,2036.0,20.0,166,0,0,12
2025-12-01 01:00:00+00:00,10.8,76.0,2.9,85.9,86.4,50.3,45.0,1911.0,18.7,166,1,0,12
2025-12-01 02:00:00+00:00,10.5,77.0,1.9,88.0,88.2,41.4,47.0,1854.0,17.8,166,2,0,12
2025-12-01 03:00:00+00:00,10.3,77.0,1.5,90.6,91.0,37.7,44.0,1723.0,17.1,165,3,0,12
2025-12-01 04:00:00+00:00,10.1,78.0,1.1,93.4,94.1,37.4,38.0,1661.0,16.7,165,4,0,12
2025-12-01 05:00:00+00:00,9.1,83.0,2.3,101.0,102.2,38.7,35.0,2024.0,18.2,165,5,0,12
2025-12-01 06:00:00+00:00,9.0,83.0,0.2,109.9,111.8,49.3,24.0,3361.0,21.1,165,6,0,12
2025-12-01 07:00:00+00:00,8.3,86.0,1.4,125.7,129.5,63.2,10.0,5124.0,25.0,165,7,0,12
2025-12-01 08:00:00+00:00,9.6,82.0,3.9,142.0,147.6,69.0,15.0,6025.0,27.7,165,8,0,12
2025-12-01 09:00:00+00:00,12.2,71.0,3.2,119.7,122.5,59.1,55.0,5255.0,28.1,166,9,0,12
2025-12-01 10:00:00+00:00,15.5,59.0,3.5,99.0,99.4,41.0,114.0,3625.0,27.2,166,10,0,12
2025-12-01 11:00:00+00:00,18.5,48.0,3.8,77.8,78.2,25.9,159.0,2273.0,26.6,166,11,0,12
2025-12-01 12:00:00+00:00,20.4,40.0,3.1,57.7,58.1,14.8,181.0,1553.0,26.7,167,12,0,12
2025-12-01 13:00:00+00:00,21.3,35.0,3.0,42.0,42.5,6.7,189.0,1113.0,27.0,168,13,0,12
2025-12-01 14:00:00+00:00,21.7,32.0,3.1,35.5,36.0,9.2,183.0,1036.0,27.3,168,14,0,12
2025-12-01 15:00:00+00:00,21.5,32.0,3.8,33.2,33.5,30.4,155.0,1409.0,27.4,168,15,0,12
2025-12-01 16:00:00+00:00,20.0,50.0,3.0,39.3,39.7,62.3,111.0,2144.0,27.5,168,16,0,12
2025-12-01 17:00:00+00:00,17.6,53.0,2.3,71.9,72.6,74.4,87.0,3063.0,26.4,168,17,0,12
2025-12-01 18:00:00+00:00,17.1,56.0,1.8,91.3,91.7,80.9,70.0,4335.0,27.2,169,18,0,12
2025-12-01 19:00:00+00:00,16.3,57.0,1.2,104.1,104.8,89.6,47.0,5791.0,28.2,170,19,0,12
2025-12-01 20:00:00+00:00,15.3,61.0,1.5,112.5,113.2,94.7,29.0,6744.0,28.9,171,20,0,12
2025-12-01 21:00:00+00:00,14.7,63.0,0.9,119.0,119.7,92.5,22.0,6811.0,28.8,172,21,0,12
2025-12-01 22:00:00+00:00,14.1,64.0,0.2,127.6,128.1,86.6,21.0,6375.0,28.4,173,22,0,12
2025-12-01 23:00:00+00:00,13.4,66.0,0.7,135.0,135.5,82.3,19.0,5895.0,27.9,174,23,0,12
2025-12-02 00:00:00+00:00,12.6,69.0,0.2,140.6,141.1,81.8,15.0,5540.0,27.4,175,0,1,12
2025-12-02 01:00:00+00:00,11.4,74.0,1.3,147.6,148.1,82.8,12.0,5141.0,26.9,177,1,1,12
2025-12-02 02:00:00+00:00,10.3,79.0,1.8,154.1,154.6,83.4,9.0,4646.0,26.9,179,2,1,12
2025-12-02 03:00:00+00:00,9.3,84.0,1.8,160.2,160.7,82.4,7.0,3883.0,27.3,181,3,1,12
2025-12-02 04:00:00+00:00,8.4,88.0,2.3,164.8,165.3,81.0,6.0,3024.0,28.1,183,4,1,12
2025-12-02 05:00:00+00:00,7.7,91.0,4.1,162.5,163.0,92.5,0.0,2540.0,28.6,185,5,1,12
2025-12-02 06:00:00+00:00,7.7,91.0,4.2,169.5,170.0,89.7,0.0,2823.0,29.3,187,6,1,12
2025-12-02 07:00:00+00:00,7.6,91.0,3.4,184.9,185.3,85.3,0.0,3480.0,30.4,189,7,1,12
2025-12-02 08:00:00+00:00,9.2,86.0,5.3,190.0,190.5,78.0,11.0,3807.0,31.9,190,8,1,12
2025-12-02 09:00:00+00:00,12.2,75.0,3.6,158.3,158.8,66.1,55.0,3429.0,34.3,192,9,1,12
2025-12-02 10:00:00+00:00,15.3,65.0,2.4,133.2,133.6,51.3,113.0,2720.0,37.1,193,10,1,12
2025-12-02 11:00:00+00:00,17.9,55.0,1.8,107.3,108.0,38.0,161.0,2101.0,39.5,194,11,1,12
2025-12-02 12:00:00+00:00,19.8,44.0,2.1,88.5,88.9,24.7,190.0,1655.0,41.2,195,12,1,12
2025-12-02 13:00:00+00:00,20.6,40.0,3.8,74.0,74.7,13.0,207.0,1297.0,42.5,196,13,1,12
2025-12-02 14:00:00+00:00,21.0,39.0,5.2,62.9,63.3,11.2,208.0,1198.0,42.6,197,14,1,12
2025-12-02 15:00:00+00:00,20.7,41.0,5.4,57.0,57.5,27.0,183.0,1495.0,40.8,198,15,1,12
2025-12-02 16:00:00+00:00,19.6,53.0,3.0,60.8,61.2,52.9,141.0,2049.0,38.0,198,16,1,12
2025-12-02 17:00:00+00:00,17.4,60.0,2.2,107.8,108.5,62.0,113.0,2614.0,34.3,199,17,1,12
2025-12-02 18:00:00+00:00,16.6,64.0,2.7,123.9,124.3,68.4,95.0,3186.0,33.8,200,18,1,12
2025-12-02 19:00:00+00:00,15.6,67.0,2.8,133.6,134.1,77.0,71.0,3768.0,33.0,201,19,1,12
2025-12-02 20:00:00+00:00,14.6,70.0,3.1,139.2,139.7,81.9,52.0,4122.0,32.3,203,20,1,12
2025-12-02 21:00:00+00:00,13.7,73.0,3.3,145.3,145.8,80.0,46.0,4116.0,31.7,204,21,1,12
2025-12-02 22:00:00+00:00,12.8,76.0,3.6,151.3,151.3,74.3,45.0,3881.0,31.2,205,22,1,12
2025-12-02 23:00:00+00:00,12.6,77.0,1.9,156.0,156.5,68.1,46.0,3581.0,30.4,206,23,1,12
2025-12-03 00:00:00+00:00,11.8,79.0,2.0,159.3,159.7,62.0,46.0,3217.0,29.2,207,0,2,12
2025-12-03 01:00:00+00:00,11.1,82.0,2.2,162.1,162.5,55.3,46.0,2787.0,27.7,208,1,2,12
2025-12-03 02:00:00+00:00,10.5,83.0,2.3,163.9,164.4,49.1,47.0,2444.0,26.5,208,2,2,12
2025-12-03 03:00:00+00:00,9.9,85.0,2.7,163.9,164.4,42.0,49.0,2165.0,25.3,209,3,2,12
2025-12-03 04:00:00+00:00,9.3,86.0,2.3,162.1,162.5,35.3,51.0,1974.0,24.3,209,4,2,12
2025-12-03 05:00:00+00:00,8.9,87.0,3.0,177.4,177.4,53.1,29.0,2097.0,25.6,209,5,2,12
2025-12-03 06:00:00+00:00,8.4,88.0,1.5,181.1,181.6,62.2,25.0,2902.0,29.6,209,6,2,12
2025-12-03 07:00:00+00:00,7.8,91.0,2.4,199.3,199.3,74.0,21.0,4020.0,35.1,210,7,2,12
2025-12-03 08:00:00+00:00,9.5,86.0,5.0,224.0,224.4,77.1,33.0,4572.0,38.7,210,8,2,12
2025-12-03 09:00:00+00:00,12.3,76.0,3.3,192.8,192.8,63.6,76.0,4016.0,38.6,212,9,2,12
2025-12-03 10:00:00+00:00,15.2,64.0,2.4,150.9,150.9,41.5,136.0,2895.0,36.6,213,10,2,12
2025-12-03 11:00:00+00:00,17.8,52.0,4.7,109.2,109.4,23.6,181.0,1956.0,34.9,214,11,2,12
2025-12-03 12:00:00+00:00,19.5,45.0,5.5,70.8,71.0,12.8,202.0,1405.0,34.3,214,12,2,12
2025-12-03 13:00:00+00:00,20.3,40.0,5.9,52.0,52.2,6.3,209.0,1037.0,33.9,213,13,2,12
2025-12-03 14:00:00+00:00,20.5,39.0,5.5,45.4,45.5,8.6,202.0,984.0,33.5,212,14,2,12
2025-12-03 15:00:00+00:00,20.3,41.0,4.5,42.7,43.0,25.6,176.0,1449.0,32.9,212,15,2,12
2025-12-03 16:00:00+00:00,19.2,57.0,2.7,46.2,46.3,51.4,136.0,2229.0,32.2,211,16,2,12
2025-12-03 17:00:00+00:00,17.2,59.0,2.2,82.4,82.7,69.2,102.0,2847.0,32.2,210,17,2,12
2025-12-03 18:00:00+00:00,16.2,63.0,4.3,99.9,100.1,76.9,84.0,3137.0,32.4,209,18,2,12
2025-12-03 19:00:00+00:00,15.1,68.0,5.0,107.3,107.6,87.5,58.0,3267.0,32.6,208,19,2,12
2025-12-03 20:00:00+00:00,14.4,69.0,4.6,115.5,115.7,94.4,38.0,3258.0,32.4,207,20,2,12
2025-12-03 21:00:00+00:00,13.6,71.0,4.7,123.9,123.9,95.6,28.0,3082.0,31.9,206,21,2,12
2025-12-03 22:00:00+00:00,13.1,71.0,4.4,132.7,133.2,93.2,23.0,2769.0,31.0,205,22,2,12
2025-12-03 23:00:00+00:00,12.4,74.0,4.8,134.6,134.6,87.1,23.0,2430.0,29.5,205,23,2,12
2025-12-04 00:00:00+00:00,11.6,75.0,4.8,123.4,123.4,74.5,30.0,2050.0,26.9,204,0,3,12
2025-12-04 01:00:00+00:00,10.9,76.0,4.7,118.0,118.3,58.1,42.0,1644.0,23.8,202,1,3,12
2025-12-04 02:00:00+00:00,10.0,79.0,5.3,117.6,117.8,45.9,49.0,1372.0,21.4,200,2,3,12
2025-12-04 03:00:00+00:00,9.8,79.0,4.2,116.6,116.9,40.5,48.0,1237.0,19.9,199,3,3,12
2025-12-04 04:00:00+00:00,9.4,80.0,3.2,118.5,118.7,39.2,43.0,1235.0,19.1,197,4,3,12
2025-12-04 05:00:00+00:00,9.2,81.0,1.7,133.6,134.1,53.8,28.0,1520.0,20.8,196,5,3,12
2025-12-04 06:00:00+00:00,8.7,83.0,2.2,137.8,137.8,62.6,19.0,2436.0,23.9,195,6,3,12
2025-12-04 07:00:00+00:00,8.4,85.0,2.9,153.2,153.7,73.9,8.0,3638.0,28.0,194,7,3,12
2025-12-04 08:00:00+00:00,9.9,79.0,4.0,167.6,167.6,76.9,15.0,4244.0,30.3,192,8,3,12
2025-12-04 09:00:00+00:00,12.4,69.0,4.4,128.1,128.5,63.7,55.0,3693.0,28.8,190,9,3,12
2025-12-04 10:00:00+00:00,15.4,57.0,4.1,95.5,95.7,42.1,111.0,2545.0,25.5,189,10,3,12
2025-12-04 11:00:00+00:00,18.1,47.0,4.3,67.8,67.8,24.6,157.0,1598.0,23.5,187,11,3,12
2025-12-04 12:00:00+00:00,19.8,39.0,4.8,48.8,49.1,13.6,183.0,1086.0,24.5,186,12,3,12
2025-12-04 13:00:00+00:00,20.6,36.0,4.6,38.2,38.5,6.8,199.0,774.0,26.8,185,13,3,12
2025-12-04 14:00:00+00:00,21.0,34.0,4.0,34.3,34.8,9.5,197.0,759.0,28.5,185,14,3,12
2025-12-04 15:00:00+00:00,20.7,35.0,5.8,34.2,34.8,28.5,170.0,1229.0,28.8,184,15,3,12
2025-12-04 16:00:00+00:00,19.5,49.0,3.4,39.7,40.0,57.1,126.0,1995.0,28.4,184,16,3,12
2025-12-04 17:00:00+00:00,17.6,51.0,2.3,62.2,62.6,70.9,93.0,2586.0,27.1,184,17,3,12
2025-12-04 18:00:00+00:00,16.9,54.0,4.4,71.2,71.5,79.3,75.0,2802.0,27.5,183,18,3,12
2025-12-04 19:00:00+00:00,15.8,57.0,5.0,80.1,80.6,90.9,49.0,2843.0,28.0,182,19,3,12
2025-12-04 20:00:00+00:00,15.0,58.0,4.7,95.2,95.7,98.8,29.0,2837.0,28.9,182,20,3,12
2025-12-04 21:00:00+00:00,14.3,59.0,3.8,111.1,111.5,99.6,20.0,2833.0,30.5,181,21,3,12
2025-12-04 22:00:00+00:00,13.1,62.0,3.3,126.7,127.1,96.7,16.0,2783.0,32.4,181,22,3,12
2025-12-04 23:00:00+00:00,12.1,67.0,3.1,136.0,137.8,94.2,13.0,2670.0,33.3,180,23,3,12
2025-12-05 00:00:00+00:00,11.1,70.0,2.2,137.4,139.7,93.6,9.0,2440.0,32.5,180,0,4,12
2025-12-05 01:00:00+00:00,10.6,73.0,1.9,137.8,141.1,93.4,6.0,2146.0,30.8,181,1,4,12
2025-12-05 02:00:00+00:00,10.1,75.0,1.8,138.3,141.6,92.9,3.0,1934.0,29.4,181,2,4,12
2025-12-05 03:00:00+00:00,10.1,76.0,2.3,137.8,141.6,91.5,1.0,1724.0,28.5,182,3,4,12
2025-12-05 04:00:00+00:00,9.5,77.0,2.3,138.8,143.0,89.8,0.0,1594.0,27.9,183,4,4,12
2025-12-05 05:00:00+00:00,9.3,76.0,0.5,133.6,135.5,71.3,10.0,1928.0,23.0,183,5,4,12
2025-12-05 06:00:00+00:00,8.7,78.0,0.2,138.8,141.1,79.9,5.0,3291.0,27.7,183,6,4,12
2025-12-05 07:00:00+00:00,7.9,82.0,0.4,155.1,158.8,90.8,1.0,5117.0,34.0,183,7,4,12
2025-12-05 08:00:00+00:00,8.9,80.0,3.4,177.0,182.5,92.4,14.0,6090.0,37.8,183,8,4,12
2025-12-05 09:00:00+00:00,11.8,70.0,2.9,150.4,153.2,76.0,61.0,5414.0,36.5,184,9,4,12
2025-12-05 10:00:00+00:00,15.0,58.0,1.7,119.7,119.7,50.3,125.0,3884.0,32.6,184,10,4,12
2025-12-05 11:00:00+00:00,17.7,48.0,1.9,85.4,85.9,29.5,174.0,2570.0,30.1,185,11,4,12
2025-12-05 12:00:00+00:00,19.8,41.0,2.1,59.4,59.6,16.8,198.0,1778.0,30.7,186,12,4,12
2025-12-05 13:00:00+00:00,20.9,36.0,3.0,45.8,46.1,9.1,207.0,1203.0,32.7,186,13,4,12
2025-12-05 14:00:00+00:00,21.3,34.0,4.3,40.3,40.7,10.5,202.0,996.0,34.1,186,14,4,12
2025-12-05 15:00:00+00:00,21.1,35.0,4.8,39.0,39.6,27.3,176.0,1374.0,34.2,186,15,4,12
2025-12-05 16:00:00+00:00,19.8,51.0,3.1,44.2,44.7,53.3,136.0,2120.0,33.8,186,16,4,12
2025-12-05 17:00:00+00:00,17.7,54.0,2.8,86.4,87.1,85.7,86.0,2738.0,32.1,187,17,4,12
2025-12-05 18:00:00+00:00,16.9,57.0,3.5,100.1,100.8,90.2,70.0,3081.0,32.7,187,18,4,12
2025-12-05 19:00:00+00:00,15.8,62.0,3.7,111.3,112.0,95.9,49.0,3295.0,33.4,188,19,4,12
2025-12-05 20:00:00+00:00,14.6,66.0,4.8,119.7,120.1,95.6,36.0,3325.0,33.1,189,20,4,12
2025-12-05 21:00:00+00:00,13.7,69.0,5.3,119.7,120.1,84.8,37.0,3087.0,30.8,190,21,4,12
2025-12-05 22:00:00+00:00,12.8,72.0,5.7,117.3,117.8,68.0,46.0,2665.0,27.5,190,22,4,12
2025-12-05 23:00:00+00:00,12.3,73.0,6.0,111.8,112.2,52.3,56.0,2256.0,24.7,190,23,4,12
2025-12-06 00:00:00+00:00,11.7,74.0,6.6,105.0,105.2,39.3,66.0,1898.0,22.9,189,0,5,12
2025-12-06 01:00:00+00:00,11.4,73.0,6.9,101.3,101.5,27.4,77.0,1554.0,21.5,188,1,5,12
2025-12-06 02:00:00+00:00,11.2,70.0,7.1,98.3,98.3,18.6,85.0,1307.0,20.6,187,2,5,12
2025-12-06 03:00:00+00:00,10.8,68.0,6.8,94.8,95.0,13.5,88.0,1158.0,20.1,186,3,5,12
2025-12-06 04:00:00+00:00,10.3,68.0,6.7,91.5,91.7,11.6,87.0,1107.0,20.0,185,4,5,12
2025-12-06 05:00:00+00:00,9.0,79.0,6.2,101.0,101.3,15.0,83.0,1233.0,21.9,183,5,5,12
2025-12-06 06:00:00+00:00,8.4,81.0,4.1,100.1,100.4,24.1,72.0,1711.0,22.8,182,6,5,12
2025-12-06 07:00:00+00:00,7.9,84.0,4.6,105.7,105.9,36.2,58.0,2366.0,24.0,181,7,5,12
2025-12-06 08:00:00+00:00,9.8,77.0,6.4,108.7,109.0,43.0,57.0,2757.0,25.2,180,8,5,12
2025-12-06 09:00:00+00:00,12.2,69.0,7.0,106.2,106.2,39.3,82.0,2647.0,26.3,178,9,5,12
2025-12-06 10:00:00+00:00,14.4,60.0,4.1,96.4,96.6,30.2,119.0,2274.0,27.3,176,10,5,12
2025-12-06 11:00:00+00:00,16.9,53.0,3.9,79.4,79.6,22.2,149.0,1904.0,28.0,176,11,5,12
2025-12-06 12:00:00+00:00,19.2,44.0,4.8,62.2,62.9,16.0,165.0,1559.0,28.6,175,12,5,12
2025-12-06 13:00:00+00:00,20.6,41.0,6.7,50.8,51.7,11.0,173.0,1218.0,28.9,175,13,5,12
2025-12-06 14:00:00+00:00,21.0,41.0,7.1,46.6,47.6,11.5,169.0,1087.0,28.5,176,14,5,12
2025-12-06 15:00:00+00:00,21.1,42.0,7.4,44.5,45.4,21.9,147.0,1322.0,27.0,176,15,5,12
2025-12-06 16:00:00+00:00,20.0,48.0,6.2,47.1,47.8,37.9,114.0,1766.0,24.9,176,16,5,12
2025-12-06 17:00:00+00:00,17.6,61.0,5.2,63.8,64.5,56.7,71.0,2156.0,23.6,176,17,5,12
2025-12-06 18:00:00+00:00,17.0,64.0,4.9,73.6,74.3,60.7,61.0,2407.0,22.9,175,18,5,12
2025-12-06 19:00:00+00:00,15.9,69.0,5.5,80.6,81.0,66.2,46.0,2604.0,21.9,175,19,5,12
2025-12-06 20:00:00+00:00,15.0,72.0,5.3,87.8,88.5,70.0,34.0,2738.0,21.4,174,20,5,12
2025-12-06 21:00:00+00:00,14.6,72.0,4.0,96.4,97.1,71.3,27.0,2825.0,21.8,173,21,5,12
2025-12-06 22:00:00+00:00,13.9,74.0,3.3,106.6,107.3,70.9,23.0,2850.0,22.6,172,22,5,12
2025-12-06 23:00:00+00:00,13.0,76.0,3.2,111.5,112.2,67.6,21.0,2751.0,22.8,172,23,5,12
2025-12-07 00:00:00+00:00,12.1,79.0,3.9,109.2,109.7,59.1,23.0,2431.0,21.7,172,0,6,12
2025-12-07 01:00:00+00:00,11.3,81.0,4.2,107.1,107.6,47.7,29.0,1987.0,19.9,172,1,6,12
2025-12-07 02:00:00+00:00,10.8,81.0,4.2,105.9,106.4,38.9,32.0,1660.0,18.5,172,2,6,12
2025-12-07 03:00:00+00:00,10.4,81.0,3.7,105.7,106.2,34.1,32.0,1416.0,17.4,172,3,6,12
2025-12-07 04:00:00+00:00,9.8,83.0,3.1,105.5,105.7,31.8,30.0,1287.0,16.6,173,4,6,12
2025-12-07 05:00:00+00:00,9.2,85.0,4.1,125.3,125.3,40.0,22.0,1610.0,19.8,173,5,6,12
2025-12-07 06:00:00+00:00,8.7,86.0,2.4,128.5,129.0,46.4,15.0,2902.0,21.7,174,6,6,12
2025-12-07 07:00:00+00:00,8.4,88.0,1.4,141.6,142.0,54.9,9.0,4644.0,24.3,174,7,6,12
2025-12-07 08:00:00+00:00,9.5,86.0,0.0,157.4,158.3,58.3,18.0,5620.0,26.0,176,8,6,12
2025-12-07 09:00:00+00:00,12.1,75.0,2.7,145.3,145.8,52.5,59.0,5122.0,26.0,177,9,6,12
2025-12-07 10:00:00+00:00,15.5,65.0,0.4,127.6,128.1,41.6,116.0,3857.0,25.1,178,10,6,12
2025-12-07 11:00:00+00:00,18.4,56.0,0.9,102.9,103.6,31.6,162.0,2726.0,24.5,179,11,6,12
2025-12-07 12:00:00+00:00,20.7,45.0,2.3,80.1,81.0,21.5,189.0,1935.0,24.8,180,12,6,12
2025-12-07 13:00:00+00:00,21.9,39.0,3.9,61.0,61.9,12.3,205.0,1278.0,25.5,180,13,6,12
2025-12-07 14:00:00+00:00,22.3,37.0,4.7,49.9,51.0,12.4,204.0,1036.0,26.0,181,14,6,12
2025-12-07 15:00:00+00:00,22.1,38.0,5.3,45.9,46.8,28.9,176.0,1445.0,25.8,181,15,6,12
2025-12-07 16:00:00+00:00,20.7,50.0,3.9,51.6,52.3,54.6,131.0,2269.0,25.4,181,16,6,12
2025-12-07 17:00:00+00:00,18.5,57.0,3.6,94.8,96.9,88.0,83.0,3082.0,28.8,181,17,6,12
2025-12-07 18:00:00+00:00,18.1,59.0,3.4,109.4,111.3,92.9,67.0,3831.0,30.1,182,18,6,12
2025-12-07 19:00:00+00:00,17.0,63.0,3.7,127.6,129.5,99.4,45.0,4568.0,31.9,183,19,6,12
2025-12-07 20:00:00+00:00,15.9,68.0,3.6,142.5,144.4,102.4,28.0,5027.0,32.8,184,20,6,12
2025-12-07 21:00:00+00:00,14.8,72.0,3.4,150.4,152.3,99.0,22.0,5043.0,32.3,186,21,6,12
2025-12-07 22:00:00+00:00,13.5,78.0,4.4,156.5,158.3,92.1,22.0,4781.0,31.0,188,22,6,12
2025-12-07 23:00:00+00:00,13.0,79.0,3.5,157.4,158.8,85.2,22.0,4468.0,29.2,189,23,6,12
2025-12-08 00:00:00+00:00,12.1,83.0,3.4,151.8,153.2,80.0,21.0,4173.0,26.8,190,0,0,12
2025-12-08 01:00:00+00:00,11.5,85.0,3.4,148.1,149.9,74.9,21.0,3828.0,23.9,192,1,0,12
2025-12-08 02:00:00+00:00,10.9,86.0,3.1,145.3,147.1,68.2,23.0,3455.0,21.4,193,2,0,12
2025-12-08 03:00:00+00:00,10.5,87.0,2.6,141.6,143.0,57.3,29.0,2943.0,19.4,194,3,0,12
2025-12-08 04:00:00+00:00,10.1,87.0,3.7,135.5,136.9,44.9,37.0,2402.0,17.9,195,4,0,12
2025-12-08 05:00:00+00:00,9.6,88.0,5.3,139.7,141.1,60.0,24.0,2187.0,19.9,196,5,0,12
2025-12-08 06:00:00+00:00,9.3,88.0,4.8,126.2,127.1,60.6,24.0,2650.0,20.6,196,6,0,12
2025-12-08 07:00:00+00:00,9.1,88.0,5.7,124.8,125.7,61.1,26.0,3440.0,21.6,196,7,0,12
2025-12-08 08:00:00+00:00,11.1,81.0,5.0,131.8,132.7,58.1,41.0,3854.0,22.1,196,8,0,12
2025-12-08 09:00:00+00:00,13.8,69.0,5.9,118.5,119.0,48.9,80.0,3503.0,21.6,195,9,0,12
2025-12-08 10:00:00+00:00,16.4,59.0,3.8,103.1,103.8,36.3,131.0,2777.0,20.8,194,10,0,12
2025-12-08 11:00:00+00:00,19.3,49.0,4.7,81.0,82.2,25.5,169.0,2140.0,20.7,194,11,0,12
2025-12-08 12:00:00+00:00,21.4,41.0,6.0,59.3,60.8,16.9,185.0,1717.0,22.3,193,12,0,12
2025-12-08 13:00:00+00:00,22.5,38.0,7.5,42.3,44.5,10.2,188.0,1383.0,24.8,192,13,0,12
2025-12-08 14:00:00+00:00,22.8,38.0,7.8,38.4,40.9,9.6,181.0,1236.0,26.5,192,14,0,12
2025-12-08 15:00:00+00:00,22.4,42.0,7.3,37.1,39.3,20.0,159.0,1406.0,26.8,191,15,0,12
2025-12-08 16:00:00+00:00,21.1,48.0,6.2,40.7,42.4,36.6,126.0,1763.0,26.4,191,16,0,12
2025-12-08 17:00:00+00:00,18.5,59.0,6.7,52.0,54.4,57.3,78.0,2007.0,22.7,191,17,0,12
2025-12-08 18:00:00+00:00,18.5,56.0,7.4,62.2,63.8,60.0,67.0,1997.0,21.7,190,18,0,12
2025-12-08 19:00:00+00:00,17.7,59.0,8.2,66.6,68.2,63.3,53.0,1876.0,20.1,188,19,0,12
2025-12-08 20:00:00+00:00,16.9,61.0,8.6,67.5,68.9,63.6,43.0,1771.0,18.5,186,20,0,12
2025-12-08 21:00:00+00:00,16.0,61.0,7.8,66.6,67.8,58.3,42.0,1730.0,16.7,184,21,0,12
2025-12-08 22:00:00+00:00,14.9,64.0,6.8,67.3,68.2,49.8,46.0,1707.0,14.7,182,22,0,12
2025-12-08 23:00:00+00:00,13.6,71.0,6.7,66.6,68.0,42.1,49.0,1688.0,13.1,179,23,0,12
2025-12-09 00:00:00+00:00,12.6,74.0,6.1,63.3,65.4,36.2,50.0,1677.0,12.0,176,0,1,12
2025-12-09 01:00:00+00:00,11.9,77.0,6.0,61.0,63.6,31.1,51.0,1671.0,11.2,174,1,1,12
2025-12-09 02:00:00+00:00,11.7,76.0,6.5,59.1,62.2,27.0,51.0,1652.0,10.7,171,2,1,12
2025-12-09 03:00:00+00:00,11.6,74.0,6.7,57.3,60.3,23.6,51.0,1563.0,10.5,168,3,1,12
2025-12-09 04:00:00+00:00,11.3,73.0,6.7,55.8,58.8,21.2,51.0,1462.0,10.5,166,4,1,12
2025-12-09 05:00:00+00:00,10.0,79.0,6.6,53.4,55.9,20.0,54.0,1502.0,11.2,164,5,1,12
2025-12-09 06:00:00+00:00,9.7,79.0,6.5,51.9,54.5,26.9,46.0,1843.0,12.4,161,6,1,12
2025-12-09 07:00:00+00:00,9.2,80.0,6.4,56.9,59.8,36.1,36.0,2324.0,14.2,159,7,1,12
2025-12-09 08:00:00+00:00,11.1,72.0,6.4,63.3,66.6,41.0,39.0,2621.0,15.6,157,8,1,12
2025-12-09 09:00:00+00:00,13.3,65.0,5.0,63.6,66.4,37.9,68.0,2570.0,16.3,155,9,1,12
2025-12-09 10:00:00+00:00,15.6,58.0,1.7,60.5,62.9,30.6,110.0,2334.0,16.7,153,10,1,12
2025-12-09 11:00:00+00:00,18.1,51.0,1.0,53.6,54.9,23.7,144.0,2074.0,17.1,152,11,1,12
2025-12-09 12:00:00+00:00,20.3,43.0,1.6,41.6,43.2,16.4,164.0,1769.0,17.8,151,12,1,12
2025-12-09 13:00:00+00:00,21.7,38.0,3.6,32.8,34.9,9.5,176.0,1441.0,18.5,150,13,1,12
2025-12-09 14:00:00+00:00,22.4,36.0,4.6,29.7,32.0,10.8,173.0,1316.0,19.1,150,14,1,12
2025-12-09 15:00:00+00:00,22.4,36.0,5.4,27.7,29.8,26.9,145.0,1567.0,19.4,150,15,1,12
2025-12-09 16:00:00+00:00,21.3,43.0,4.6,32.6,34.0,51.1,101.0,2021.0,19.5,149,16,1,12
2025-12-09 17:00:00+00:00,19.0,54.0,4.7,63.6,66.8,77.1,56.0,2385.0,21.5,148,17,1,12
2025-12-09 18:00:00+00:00,18.8,55.0,5.3,76.4,78.7,82.0,45.0,2542.0,23.2,149,18,1,12
2025-12-09 19:00:00+00:00,18.1,58.0,5.7,87.1,89.4,88.6,29.0,2608.0,25.6,150,19,1,12
2025-12-09 20:00:00+00:00,18.0,56.0,6.3,100.6,103.6,92.8,17.0,2643.0,27.3,151,20,1,12
2025-12-09 21:00:00+00:00,16.5,63.0,4.6,112.5,115.9,92.7,11.0,2674.0,27.8,152,21,1,12
2025-12-09 22:00:00+00:00,14.8,71.0,4.2,118.5,122.5,90.1,9.0,2673.0,27.5,153,22,1,12
2025-12-09 23:00:00+00:00,13.9,75.0,3.8,116.4,121.1,86.4,8.0,2614.0,26.5,155,23,1,12
2025-12-10 00:00:00+00:00,12.9,78.0,4.1,107.1,112.0,81.8,8.0,2467.0,24.2,156,0,2,12
2025-12-10 01:00:00+00:00,12.4,79.0,3.6,101.7,106.6,76.1,9.0,2262.0,21.1,157,1,2,12
2025-12-10 02:00:00+00:00,12.0,79.0,3.5,99.4,104.3,70.2,11.0,2066.0,18.6,159,2,2,12
2025-12-10 03:00:00+00:00,11.5,79.0,3.4,99.0,103.6,63.2,13.0,1790.0,17.0,160,3,2,12
2025-12-10 04:00:00+00:00,10.9,80.0,5.0,96.4,101.0,56.1,14.0,1524.0,16.1,161,4,2,12
2025-12-10 05:00:00+00:00,10.4,80.0,6.1,84.3,86.1,34.3,31.0,1597.0,17.7,162,5,2,12
2025-12-10 06:00:00+00:00,10.1,80.0,3.9,84.8,86.6,40.3,26.0,2407.0,19.7,163,6,2,12
2025-12-10 07:00:00+00:00,9.3,84.0,3.1,93.1,95.0,48.1,20.0,3558.0,22.4,164,7,2,12
2025-12-10 08:00:00+00:00,10.6,82.0,3.2,102.2,104.5,51.3,29.0,4191.0,24.5,165,8,2,12
2025-12-10 09:00:00+00:00,13.2,72.0,2.2,98.0,99.4,45.7,66.0,3813.0,25.4,166,9,2,12
2025-12-10 10:00:00+00:00,16.1,62.0,0.9,92.4,92.9,35.5,118.0,2918.0,25.6,167,10,2,12
2025-12-10 11:00:00+00:00,18.8,51.0,3.1,75.2,75.9,26.3,158.0,2123.0,25.4,168,11,2,12
2025-12-10 12:00:00+00:00,20.9,43.0,3.7,55.9,56.6,17.4,178.0,1538.0,24.6,169,12,2,12
2025-12-10 13:00:00+00:00,21.9,40.0,3.2,40.5,41.4,9.5,187.0,1054.0,23.4,170,13,2,12
2025-12-10 14:00:00+00:00,22.3,39.0,2.8,35.9,36.9,11.0,181.0,966.0,22.8,170,14,2,12
2025-12-10 15:00:00+00:00,22.3,39.0,3.0,33.9,34.9,28.8,153.0,1557.0,23.0,170,15,2,12
2025-12-10 16:00:00+00:00,21.1,56.0,2.6,38.8,39.6,55.8,112.0,2543.0,23.7,170,16,2,12
2025-12-10 17:00:00+00:00,18.8,58.0,3.7,68.7,69.8,80.2,65.0,3367.0,24.0,170,17,2,12
2025-12-10 18:00:00+00:00,18.1,63.0,3.6,92.2,93.4,89.7,49.0,3782.0,27.0,170,18,2,12
2025-12-10 19:00:00+00:00,17.4,67.0,3.0,115.5,116.2,102.6,27.0,4033.0,31.1,171,19,2,12
2025-12-10 20:00:00+00:00,16.6,69.0,1.3,132.2,133.2,111.6,10.0,4303.0,34.6,172,20,2,12
2025-12-10 21:00:00+00:00,15.7,72.0,0.4,146.2,147.1,113.0,4.0,4717.0,36.9,173,21,2,12
2025-12-10 22:00:00+00:00,13.9,79.0,2.7,161.1,162.1,110.6,2.0,5150.0,38.5,174,22,2,12
2025-12-10 23:00:00+00:00,13.0,83.0,2.2,170.0,171.4,107.6,2.0,5400.0,39.0,175,23,2,12
2025-12-11 00:00:00+00:00,12.0,87.0,1.9,170.9,171.8,105.2,1.0,5351.0,37.7,177,0,3,12
2025-12-11 01:00:00+00:00,11.2,90.0,1.5,169.5,170.9,102.4,1.0,5120.0,35.2,178,1,3,12
2025-12-11 02:00:00+00:00,10.7,91.0,1.3,166.2,168.1,99.3,1.0,4859.0,33.2,180,2,3,12
2025-12-11 03:00:00+00:00,10.3,92.0,0.8,163.9,165.8,95.3,0.0,4482.0,31.6,182,3,3,12
2025-12-11 04:00:00+00:00,10.0,94.0,0.7,161.1,163.9,91.1,0.0,4074.0,30.4,184,4,3,12
2025-12-11 05:00:00+00:00,9.9,91.0,1.0,191.9,192.8,89.4,0.0,4043.0,39.4,186,5,3,12
2025-12-11 06:00:00+00:00,9.4,93.0,1.3,193.7,194.6,96.3,0.0,4893.0,44.9,190,6,3,12
2025-12-11 07:00:00+00:00,8.6,96.0,2.8,210.0,211.4,104.9,0.0,6121.0,52.2,193,7,3,12
2025-12-11 08:00:00+00:00,10.1,92.0,3.1,239.3,241.2,104.7,11.0,6618.0,56.1,196,8,3,12
2025-12-11 09:00:00+00:00,13.3,79.0,1.4,256.1,258.0,87.9,72.0,5676.0,53.4,200,9,3,12
2025-12-11 10:00:00+00:00,16.6,69.0,2.0,168.6,169.5,62.2,155.0,4003.0,47.3,207,10,3,12
2025-12-11 11:00:00+00:00,19.2,59.0,3.7,128.5,129.5,40.4,215.0,2626.0,41.7,210,11,3,12
2025-12-11 12:00:00+00:00,20.9,51.0,3.9,86.1,86.6,24.8,235.0,1876.0,37.9,212,12,3,12
2025-12-11 13:00:00+00:00,21.9,47.0,3.1,58.2,58.4,13.1,234.0,1420.0,34.6,214,13,3,12
2025-12-11 14:00:00+00:00,22.5,43.0,3.7,49.0,49.2,10.7,219.0,1286.0,31.9,214,14,3,12
2025-12-11 15:00:00+00:00,22.5,42.0,2.9,44.4,44.6,23.2,189.0,1619.0,29.9,215,15,3,12
2025-12-11 16:00:00+00:00,21.3,56.0,3.2,48.1,48.3,44.9,147.0,2274.0,28.5,215,16,3,12
2025-12-11 17:00:00+00:00,19.0,62.0,4.5,85.9,86.6,63.5,94.0,2839.0,26.7,216,17,3,12
2025-12-11 18:00:00+00:00,18.4,67.0,5.1,104.8,105.2,73.8,75.0,3108.0,28.3,217,18,3,12
2025-12-11 19:00:00+00:00,17.6,69.0,3.4,121.1,121.5,87.9,50.0,3287.0,30.6,217,19,3,12
2025-12-11 20:00:00+00:00,16.8,72.0,1.7,140.6,141.1,97.9,30.0,3589.0,32.9,217,20,3,12
2025-12-11 21:00:00+00:00,15.6,76.0,1.8,158.8,159.3,99.5,22.0,4216.0,35.2,218,21,3,12
2025-12-11 22:00:00+00:00,14.5,80.0,1.0,176.0,176.5,96.9,20.0,4965.0,37.4,218,22,3,12
2025-12-11 23:00:00+00:00,14.5,80.0,0.4,189.1,189.5,94.7,18.0,5439.0,38.8,219,23,3,12
2025-12-12 00:00:00+00:00,13.8,83.0,0.2,195.1,195.6,94.3,14.0,5394.0,38.6,220,0,4,12
2025-12-12 01:00:00+00:00,13.1,86.0,0.4,201.2,201.6,94.2,10.0,5074.0,37.4,221,1,4,12
2025-12-12 02:00:00+00:00,12.5,88.0,0.4,207.7,208.2,94.5,7.0,4812.0,36.8,222,2,4,12
2025-12-12 03:00:00+00:00,12.0,91.0,0.2,212.8,213.3,94.7,4.0,4588.0,36.6,224,3,4,12
2025-12-12 04:00:00+00:00,11.5,92.0,0.7,215.6,216.1,95.2,1.0,4422.0,37.0,226,4,4,12
2025-12-12 05:00:00+00:00,9.4,96.0,0.6,230.5,231.0,99.3,0.0,4705.0,42.2,228,5,4,12
2025-12-12 06:00:00+00:00,9.0,98.0,0.7,226.8,227.7,100.8,0.0,6040.0,43.9,230,6,4,12
2025-12-12 07:00:00+00:00,8.3,100.0,0.2,234.2,235.2,102.1,0.0,7823.0,46.0,231,7,4,12
2025-12-12 08:00:00+00:00,8.9,98.0,0.4,253.3,254.3,96.7,13.0,8636.0,46.3,232,8,4,12
2025-12-12 09:00:00+00:00,11.7,92.0,2.2,222.6,223.1,78.9,77.0,7582.0,43.2,233,9,4,12
2025-12-12 10:00:00+00:00,15.3,79.0,1.5,192.8,193.2,54.5,163.0,5557.0,38.3,231,10,4,12
2025-12-12 11:00:00+00:00,18.0,68.0,1.5,145.8,146.7,34.5,227.0,3832.0,34.4,232,11,4,12
2025-12-12 12:00:00+00:00,20.3,55.0,1.9,110.4,111.1,20.0,254.0,2762.0,32.7,233,12,4,12
2025-12-12 13:00:00+00:00,21.5,48.0,1.0,83.1,84.1,9.9,259.0,1992.0,32.0,234,13,4,12
2025-12-12 14:00:00+00:00,22.0,47.0,2.2,70.5,71.7,12.1,246.0,1729.0,32.0,235,14,4,12
2025-12-12 15:00:00+00:00,21.9,48.0,1.1,67.3,68.5,34.8,209.0,2324.0,32.7,236,15,4,12
2025-12-12 16:00:00+00:00,20.7,63.0,1.7,79.2,80.1,69.7,155.0,3426.0,34.1,237,16,4,12
2025-12-12 17:00:00+00:00,18.2,71.0,3.3,129.0,129.9,100.9,103.0,4194.0,34.8,238,17,4,12
2025-12-12 18:00:00+00:00,16.9,78.0,4.1,159.7,160.7,121.1,75.0,4220.0,39.4,240,18,4,12
2025-12-12 19:00:00+00:00,16.2,82.0,3.5,190.5,191.9,148.6,37.0,3911.0,45.8,242,19,4,12
2025-12-12 20:00:00+00:00,15.2,87.0,4.6,214.7,216.1,166.7,9.0,3650.0,50.6,245,20,4,12
2025-12-12 21:00:00+00:00,14.5,89.0,3.7,220.3,221.7,167.2,0.0,3606.0,52.7,248,21,4,12
2025-12-12 22:00:00+00:00,14.2,90.0,2.2,230.5,231.9,158.3,0.0,3609.0,53.3,251,22,4,12
2025-12-12 23:00:00+00:00,13.3,93.0,2.9,243.1,244.9,148.0,1.0,3529.0,52.6,253,23,4,12
2025-12-13 00:00:00+00:00,12.5,95.0,2.4,246.8,248.7,139.1,0.0,3290.0,50.4,255,0,5,12
2025-12-13 01:00:00+00:00,11.8,97.0,2.8,248.7,250.5,128.8,0.0,2969.0,47.0,257,1,5,12
2025-12-13 02:00:00+00:00,11.0,99.0,5.0,247.7,249.6,116.3,0.0,2661.0,43.3,259,2,5,12
2025-12-13 03:00:00+00:00,11.4,97.0,5.2,235.2,236.6,98.7,8.0,2318.0,39.0,261,3,5,12
2025-12-13 04:00:00+00:00,11.8,95.0,6.3,211.4,212.8,78.9,20.0,1988.0,34.4,262,4,5,12
2025-12-13 05:00:00+00:00,11.2,94.0,5.7,191.9,192.8,43.8,37.0,1918.0,29.2,262,5,5,12
2025-12-13 06:00:00+00:00,10.6,94.0,2.5,180.7,181.6,50.5,29.0,2363.0,29.8,260,6,5,12
2025-12-13 07:00:00+00:00,10.0,97.0,4.8,182.1,183.5,59.4,20.0,3066.0,30.6,258,7,5,12
2025-12-13 08:00:00+00:00,11.3,94.0,6.7,185.8,186.7,62.9,27.0,3506.0,32.0,256,8,5,12
2025-12-13 09:00:00+00:00,13.7,85.0,4.4,171.8,172.8,56.3,66.0,3430.0,34.2,253,9,5,12
2025-12-13 10:00:00+00:00,16.2,76.0,4.2,163.9,164.8,44.4,122.0,3090.0,36.9,251,10,5,12
2025-12-13 11:00:00+00:00,17.4,73.0,3.4,142.0,143.4,33.9,164.0,2716.0,39.4,250,11,5,12
2025-12-13 12:00:00+00:00,18.8,68.0,3.2,112.0,114.3,24.3,182.0,2280.0,41.8,250,12,5,12
2025-12-13 13:00:00+00:00,19.8,64.0,4.6,91.3,93.4,16.2,185.0,1810.0,44.0,250,13,5,12
2025-12-13 14:00:00+00:00,20.2,62.0,5.4,84.3,86.4,18.2,175.0,1627.0,45.4,250,14,5,12
2025-12-13 15:00:00+00:00,20.1,63.0,6.1,82.7,84.5,39.1,143.0,1995.0,45.2,251,15,5,12
2025-12-13 16:00:00+00:00,19.3,71.0,3.2,100.1,101.5,70.0,97.0,2649.0,44.2,251,16,5,12
2025-12-13 17:00:00+00:00,17.2,84.0,4.5,122.9,124.8,72.2,75.0,3115.0,37.0,252,17,5,12
2025-12-13 18:00:00+00:00,16.4,87.0,4.6,137.4,139.2,76.2,64.0,3189.0,36.5,252,18,5,12
2025-12-13 19:00:00+00:00,15.3,91.0,4.8,149.5,150.9,81.3,49.0,3074.0,35.6,251,19,5,12
2025-12-13 20:00:00+00:00,14.8,91.0,6.2,152.3,153.7,81.7,39.0,2912.0,34.6,249,20,5,12
2025-12-13 21:00:00+00:00,14.1,92.0,5.1,155.5,156.9,73.7,40.0,2721.0,33.3,247,21,5,12
2025-12-13 22:00:00+00:00,13.6,93.0,5.2,158.8,160.2,61.0,47.0,2482.0,31.7,244,22,5,12
2025-12-13 23:00:00+00:00,13.4,94.0,6.2,158.8,160.2,49.6,53.0,2277.0,30.2,241,23,5,12
2025-12-14 00:00:00+00:00,13.5,92.0,7.1,155.5,156.9,41.3,55.0,2134.0,28.5,238,0,6,12
2025-12-14 01:00:00+00:00,13.2,92.0,5.2,156.0,157.9,34.3,55.0,2024.0,26.8,234,1,6,12
2025-12-14 02:00:00+00:00,12.5,93.0,5.3,157.9,159.7,29.0,54.0,1942.0,25.7,230,2,6,12
2025-12-14 03:00:00+00:00,12.4,93.0,4.7,156.5,157.9,24.5,53.0,1819.0,25.3,226,3,6,12
2025-12-14 04:00:00+00:00,12.0,94.0,3.0,153.7,155.1,21.6,52.0,1723.0,25.6,223,4,6,12
2025-12-14 05:00:00+00:00,11.3,93.0,3.4,140.6,142.0,20.1,63.0,1853.0,29.8,220,5,6,12
2025-12-14 06:00:00+00:00,10.7,95.0,4.1,148.5,149.9,32.5,47.0,2477.0,31.3,218,6,6,12
2025-12-14 07:00:00+00:00,10.0,98.0,3.8,170.0,171.8,49.1,27.0,3326.0,33.6,217,7,6,12
2025-12-14 08:00:00+00:00,11.3,95.0,6.3,191.9,193.2,57.9,27.0,3799.0,36.0,216,8,6,12
2025-12-14 09:00:00+00:00,13.7,85.0,3.3,173.7,175.1,51.6,66.0,3542.0,39.0,217,9,6,12
2025-12-14 10:00:00+00:00,16.3,76.0,3.2,149.0,150.9,37.4,126.0,2908.0,42.2,217,10,6,12
2025-12-14 11:00:00+00:00,18.1,72.0,2.4,133.2,136.0,25.5,173.0,2350.0,44.0,216,11,6,12
2025-12-14 12:00:00+00:00,19.9,64.0,1.9,113.2,116.4,15.7,199.0,1917.0,43.0,216,12,6,12
2025-12-14 13:00:00+00:00,21.2,58.0,1.0,93.6,97.3,8.1,213.0,1560.0,40.7,216,13,6,12
2025-12-14 14:00:00+00:00,21.7,53.0,0.4,82.0,86.1,13.3,209.0,1580.0,39.5,216,14,6,12
2025-12-14 15:00:00+00:00,21.5,53.0,1.0,77.1,81.3,41.0,177.0,2311.0,40.1,216,15,6,12
2025-12-14 16:00:00+00:00,20.6,64.0,2.4,97.3,100.8,81.6,126.0,3420.0,41.8,216,16,6,12
2025-12-14 17:00:00+00:00,18.2,79.0,2.7,169.5,174.6,112.5,70.0,4207.0,42.3,216,17,6,12
2025-12-14 18:00:00+00:00,17.3,83.0,4.5,200.2,205.8,123.2,58.0,4342.0,49.4,217,18,6,12
2025-12-14 19:00:00+00:00,16.4,84.0,2.4,231.9,237.0,137.5,42.0,4155.0,59.2,220,19,6,12
2025-12-14 20:00:00+00:00,16.0,83.0,2.6,258.0,263.6,144.4,29.0,3939.0,65.4,224,20,6,12
2025-12-14 21:00:00+00:00,15.4,82.0,3.2,269.2,274.7,137.9,22.0,3783.0,65.4,228,21,6,12
2025-12-14 22:00:00+00:00,14.8,83.0,3.6,270.1,274.7,124.0,19.0,3598.0,61.9,233,22,6,12
2025-12-14 23:00:00+00:00,14.1,87.0,4.4,258.9,263.6,110.0,17.0,3414.0,57.2,237,23,6,12
2025-12-15 00:00:00+00:00,13.4,89.0,3.9,236.1,241.2,97.6,18.0,3246.0,51.1,241,0,0,12
2025-12-15 01:00:00+00:00,12.7,91.0,3.3,216.5,221.2,85.1,20.0,3079.0,43.7,245,1,0,12
2025-12-15 02:00:00+00:00,12.0,92.0,3.2,201.2,205.8,74.3,22.0,2901.0,37.6,247,2,0,12
2025-12-15 03:00:00+00:00,11.7,92.0,3.8,188.6,192.8,65.8,22.0,2622.0,33.7,249,3,0,12
2025-12-15 04:00:00+00:00,11.2,91.0,4.0,177.0,181.1,59.1,22.0,2332.0,31.1,251,4,0,12
2025-12-15 05:00:00+00:00,10.4,93.0,4.2,204.0,209.1,70.0,15.0,2287.0,36.8,251,5,0,12
2025-12-15 06:00:00+00:00,9.8,93.0,4.0,202.1,206.8,68.2,14.0,2783.0,36.8,254,6,0,12
2025-12-15 07:00:00+00:00,9.6,94.0,4.0,210.0,214.7,65.1,14.0,3524.0,36.8,256,7,0,12
2025-12-15 08:00:00+00:00,11.4,90.0,5.6,206.8,210.9,59.3,28.0,3880.0,36.4,258,8,0,12
2025-12-15 09:00:00+00:00,14.5,78.0,5.0,170.0,172.8,48.3,69.0,3478.0,35.0,259,9,0,12
2025-12-15 10:00:00+00:00,17.2,68.0,3.1,143.0,145.8,34.5,124.0,2691.0,33.2,258,10,0,12
2025-12-15 11:00:00+00:00,19.5,59.0,5.0,114.6,118.0,23.2,167.0,2006.0,32.8,258,11,0,12
2025-12-15 12:00:00+00:00,21.0,52.0,6.5,88.7,92.9,14.5,188.0,1548.0,35.4,257,12,0,12
2025-12-15 13:00:00+00:00,21.6,51.0,7.0,79.9,83.6,8.3,198.0,1191.0,39.5,256,13,0,12
2025-12-15 14:00:00+00:00,22.0,49.0,6.9,76.8,80.1,9.1,194.0,1052.0,42.1,256,14,0,12
2025-12-15 15:00:00+00:00,21.8,49.0,7.3,74.7,77.3,21.8,173.0,1249.0,41.5,256,15,0,12
2025-12-15 16:00:00+00:00,20.8,55.0,5.5,81.0,82.9,41.6,139.0,1663.0,39.4,256,16,0,12
2025-12-15 17:00:00+00:00,18.6,68.0,5.1,87.5,89.2,65.3,97.0,2050.0,37.6,255,17,0,12
2025-12-15 18:00:00+00:00,18.0,70.0,5.2,103.1,104.5,69.2,84.0,2371.0,37.8,251,18,0,12
2025-12-15 19:00:00+00:00,17.1,75.0,5.0,115.7,116.9,74.2,66.0,2665.0,38.1,247,19,0,12
2025-12-15 20:00:00+00:00,16.2,78.0,5.4,126.2,127.1,75.4,54.0,2811.0,37.7,243,20,0,12
2025-12-15 21:00:00+00:00,15.5,80.0,4.7,132.2,133.2,69.9,51.0,2714.0,36.3,237,21,0,12
2025-12-15 22:00:00+00:00,14.7,82.0,5.5,135.5,136.0,60.5,54.0,2469.0,34.3,231,22,0,12
2025-12-15 23:00:00+00:00,14.5,82.0,6.5,132.2,133.2,50.9,58.0,2231.0,32.1,226,23,0,12
2025-12-16 00:00:00+00:00,13.7,83.0,6.1,121.1,122.0,41.4,63.0,2046.0,29.5,220,0,1,12
2025-12-16 01:00:00+00:00,13.3,84.0,6.3,114.3,115.0,31.7,68.0,1870.0,26.6,216,1,1,12
2025-12-16 02:00:00+00:00,12.5,85.0,5.7,109.7,110.4,24.3,72.0,1723.0,24.4,211,2,1,12
2025-12-16 03:00:00+00:00,11.9,85.0,5.9,104.8,105.5,19.8,72.0,1573.0,23.2,208,3,1,12
2025-12-16 04:00:00+00:00,11.9,84.0,6.1,101.5,102.2,17.6,71.0,1453.0,22.6,204,4,1,12
2025-12-16 05:00:00+00:00,11.2,87.0,5.9,92.2,92.9,16.4,76.0,1487.0,23.2,201,5,1,12
2025-12-16 06:00:00+00:00,11.2,86.0,6.2,92.0,92.7,25.9,63.0,1841.0,23.9,197,6,1,12
2025-12-16 07:00:00+00:00,10.9,86.0,5.7,98.7,99.7,38.6,46.0,2349.0,25.0,194,7,1,12
2025-12-16 08:00:00+00:00,12.2,81.0,6.6,106.9,107.8,45.4,46.0,2636.0,25.9,191,8,1,12
2025-12-16 09:00:00+00:00,14.3,73.0,5.9,105.0,105.7,40.9,77.0,2496.0,26.6,188,9,1,12
2025-12-16 10:00:00+00:00,16.7,64.0,3.5,93.6,95.2,30.4,125.0,2135.0,27.2,186,10,1,12
2025-12-16 11:00:00+00:00,18.8,58.0,6.0,78.0,81.0,21.4,164.0,1797.0,27.6,184,11,1,12
2025-12-16 12:00:00+00:00,20.4,53.0,6.4,65.2,69.2,15.0,186.0,1524.0,28.0,183,12,1,12
2025-12-16 13:00:00+00:00,21.5,49.0,7.5,54.2,58.3,9.9,199.0,1275.0,28.2,183,13,1,12
2025-12-16 14:00:00+00:00,22.2,46.0,7.9,50.1,53.9,10.1,199.0,1163.0,27.9,182,14,1,12
2025-12-16 15:00:00+00:00,22.1,47.0,8.4,48.9,52.5,19.5,178.0,1306.0,26.6,181,15,1,12
2025-12-16 16:00:00+00:00,21.2,52.0,7.0,51.8,54.6,34.0,144.0,1587.0,24.8,180,16,1,12
2025-12-16 17:00:00+00:00,19.6,59.0,7.6,73.6,78.0,42.8,113.0,1771.0,22.8,179,17,1,12
2025-12-16 18:00:00+00:00,18.9,63.0,7.8,78.9,82.9,44.4,100.0,1731.0,22.2,179,18,1,12
2025-12-16 19:00:00+00:00,18.1,66.0,6.7,84.8,88.5,46.5,82.0,1594.0,21.4,178,19,1,12
2025-12-16 20:00:00+00:00,17.0,68.0,5.9,91.7,95.5,47.8,67.0,1505.0,20.9,177,20,1,12
2025-12-16 21:00:00+00:00,16.4,70.0,5.2,98.7,102.4,48.0,58.0,1550.0,21.1,176,21,1,12
2025-12-16 22:00:00+00:00,15.6,72.0,4.6,104.8,108.5,47.4,52.0,1643.0,21.6,175,22,1,12
2025-12-16 23:00:00+00:00,14.9,77.0,5.6,105.9,109.4,44.9,49.0,1675.0,21.6,174,23,1,12
2025-12-17 00:00:00+00:00,14.2,79.0,5.5,101.5,104.5,39.1,49.0,1578.0,20.5,174,0,2,12
2025-12-17 01:00:00+00:00,13.8,81.0,5.6,98.3,100.8,31.5,52.0,1420.0,18.9,173,1,2,12
2025-12-17 02:00:00+00:00,13.4,82.0,5.8,95.0,97.3,25.3,54.0,1298.0,17.5,173,2,2,12
2025-12-17 03:00:00+00:00,13.0,82.0,6.1,91.3,93.4,20.9,55.0,1194.0,16.4,172,3,2,12
2025-12-17 04:00:00+00:00,12.4,84.0,6.0,86.8,88.7,18.1,55.0,1126.0,15.5,172,4,2,12
2025-12-17 05:00:00+00:00,11.4,87.0,5.8,94.8,96.9,22.2,48.0,1250.0,17.0,171,5,2,12
2025-12-17 06:00:00+00:00,10.7,88.0,5.3,89.6,91.7,29.2,40.0,1779.0,17.8,171,6,2,12
2025-12-17 07:00:00+00:00,10.3,89.0,3.9,93.6,96.2,38.6,31.0,2500.0,18.9,171,7,2,12
2025-12-17 08:00:00+00:00,11.7,84.0,4.0,100.1,102.7,43.3,36.0,2921.0,19.5,171,8,2,12
2025-12-17 09:00:00+00:00,14.0,75.0,3.4,97.6,99.4,39.0,68.0,2775.0,19.2,171,9,2,12
2025-12-17 10:00:00+00:00,16.6,66.0,1.5,87.1,90.6,30.1,114.0,2329.0,18.4,171,10,2,12
2025-12-17 11:00:00+00:00,18.5,59.0,2.7,76.6,81.3,22.3,151.0,1897.0,17.9,171,11,2,12
2025-12-17 12:00:00+00:00,20.4,52.0,3.0,62.4,68.2,16.0,171.0,1486.0,17.8,171,12,2,12
2025-12-17 13:00:00+00:00,21.7,49.0,3.9,48.8,56.5,10.9,182.0,1088.0,18.0,170,13,2,12
2025-12-17 14:00:00+00:00,22.3,47.0,3.7,40.9,50.5,12.2,178.0,991.0,18.3,170,14,2,12
2025-12-17 15:00:00+00:00,22.3,49.0,3.5,40.4,51.0,24.8,153.0,1406.0,18.5,170,15,2,12
2025-12-17 16:00:00+00:00,21.3,66.0,2.1,45.5,54.6,43.8,114.0,2122.0,18.9,170,16,2,12
2025-12-17 17:00:00+00:00,19.4,66.0,3.9,76.6,90.6,69.3,72.0,2793.0,21.1,170,17,2,12
2025-12-17 18:00:00+00:00,19.0,70.0,3.5,89.6,103.1,76.3,58.0,3378.0,22.6,170,18,2,12
2025-12-17 19:00:00+00:00,18.5,74.0,2.4,98.7,112.9,85.6,38.0,3918.0,24.7,170,19,2,12
2025-12-17 20:00:00+00:00,18.0,76.0,1.0,111.3,126.2,90.7,24.0,4186.0,26.4,170,20,2,12
2025-12-17 21:00:00+00:00,16.8,80.0,2.4,122.9,138.3,88.8,21.0,4008.0,27.5,171,21,2,12
2025-12-17 22:00:00+00:00,16.0,82.0,3.5,130.9,146.7,82.7,23.0,3560.0,28.2,172,22,2,12
2025-12-17 23:00:00+00:00,15.3,80.0,5.2,129.9,145.3,74.1,27.0,3137.0,28.5,172,23,2,12
2025-12-18 00:00:00+00:00,14.9,80.0,4.9,124.8,138.3,61.4,33.0,2811.0,28.0,173,0,3,12
2025-12-18 01:00:00+00:00,14.3,81.0,4.8,121.5,134.1,46.1,41.0,2512.0,27.1,174,1,3,12
2025-12-18 02:00:00+00:00,13.8,82.0,3.3,118.3,129.0,34.8,46.0,2325.0,26.6,175,2,3,12
2025-12-18 03:00:00+00:00,13.3,85.0,2.9,116.9,126.2,29.4,45.0,2207.0,26.4,175,3,3,12
2025-12-18 04:00:00+00:00,12.6,87.0,2.9,116.2,124.8,28.0,41.0,2202.0,26.5,176,4,3,12
2025-12-18 05:00:00+00:00,12.3,89.0,2.0,148.1,153.7,34.2,38.0,2525.0,31.3,177,5,3,12
2025-12-18 06:00:00+00:00,11.9,90.0,2.0,154.1,159.3,49.1,26.0,3563.0,36.1,178,6,3,12
2025-12-18 07:00:00+00:00,11.5,91.0,2.1,174.6,179.7,68.9,12.0,4930.0,42.6,180,7,3,12
2025-12-18 08:00:00+00:00,12.3,90.0,1.3,204.0,208.6,78.6,17.0,5681.0,46.9,183,8,3,12
2025-12-18 09:00:00+00:00,14.3,80.0,0.9,200.7,203.5,68.8,59.0,5265.0,46.7,186,9,3,12
2025-12-18 10:00:00+00:00,17.0,69.0,0.3,163.9,166.2,48.8,120.0,4235.0,44.3,189,10,3,12
2025-12-18 11:00:00+00:00,18.8,61.0,1.8,137.8,139.7,32.2,170.0,3300.0,42.8,191,11,3,12
2025-12-18 12:00:00+00:00,20.6,53.0,1.1,114.8,116.9,20.3,201.0,2596.0,43.9,193,12,3,12
2025-12-18 13:00:00+00:00,21.5,48.0,1.4,96.2,98.7,11.8,222.0,1989.0,45.9,195,13,3,12
2025-12-18 14:00:00+00:00,22.0,45.0,1.9,84.5,87.1,15.6,221.0,1784.0,47.4,196,14,3,12
2025-12-18 15:00:00+00:00,22.0,46.0,1.9,82.4,84.5,41.2,187.0,2166.0,47.4,197,15,3,12
2025-12-18 16:00:00+00:00,21.0,62.0,0.4,99.4,100.8,79.1,132.0,2950.0,46.8,199,16,3,12
2025-12-18 17:00:00+00:00,18.7,63.0,1.3,152.3,155.1,87.2,118.0,3892.0,46.9,200,17,3,12
2025-12-18 18:00:00+00:00,18.1,67.0,0.8,179.7,182.1,104.5,89.0,5075.0,50.3,203,18,3,12
2025-12-18 19:00:00+00:00,16.9,71.0,0.2,206.3,208.2,128.3,50.0,6417.0,55.0,207,19,3,12
2025-12-18 20:00:00+00:00,15.6,78.0,0.2,229.1,230.5,145.3,19.0,7421.0,58.5,212,20,3,12
2025-12-18 21:00:00+00:00,14.3,85.0,1.5,247.7,248.7,150.3,6.0,7882.0,60.5,217,21,3,12
2025-12-18 22:00:00+00:00,13.4,90.0,1.7,261.7,261.7,148.4,1.0,8005.0,61.3,222,22,3,12
2025-12-18 23:00:00+00:00,12.9,91.0,1.1,261.7,261.7,141.9,0.0,7915.0,59.4,227,23,3,12
2025-12-19 00:00:00+00:00,12.9,91.0,2.1,244.0,244.0,129.9,2.0,7624.0,52.9,233,0,4,12
2025-12-19 01:00:00+00:00,12.6,92.0,3.3,217.9,217.9,113.3,8.0,7120.0,43.8,238,1,4,12
2025-12-19 02:00:00+00:00,12.5,91.0,3.1,197.0,197.4,96.8,14.0,6482.0,36.5,242,2,4,12
2025-12-19 03:00:00+00:00,12.0,92.0,3.1,183.9,183.9,78.8,21.0,5495.0,32.1,245,3,4,12
2025-12-19 04:00:00+00:00,11.5,93.0,3.4,178.8,179.3,60.8,28.0,4375.0,29.5,248,4,4,12
2025-12-19 05:00:00+00:00,10.8,95.0,3.9,187.2,187.2,64.2,25.0,3853.0,33.5,250,5,4,12
2025-12-19 06:00:00+00:00,10.5,97.0,2.4,182.1,182.1,71.7,19.0,4578.0,36.7,252,6,4,12
2025-12-19 07:00:00+00:00,9.9,100.0,1.3,197.0,197.0,81.3,13.0,5901.0,41.1,253,7,4,12
2025-12-19 08:00:00+00:00,10.6,97.0,1.3,215.6,215.6,82.5,25.0,6608.0,43.4,254,8,4,12
2025-12-19 09:00:00+00:00,11.7,95.0,1.0,183.0,183.0,67.4,72.0,6054.0,41.6,255,9,4,12
2025-12-19 10:00:00+00:00,14.8,85.0,0.9,148.1,148.1,43.8,138.0,4883.0,37.8,254,10,4,12
2025-12-19 11:00:00+00:00,17.3,72.0,1.2,113.9,114.1,25.1,188.0,3813.0,35.4,253,11,4,12
2025-12-19 12:00:00+00:00,19.1,66.0,3.0,93.1,94.3,13.7,212.0,2991.0,36.0,252,12,4,12
2025-12-19 13:00:00+00:00,19.9,63.0,2.7,76.8,78.5,7.2,220.0,2269.0,38.0,251,13,4,12
2025-12-19 14:00:00+00:00,20.3,61.0,1.6,68.5,70.1,11.1,212.0,1921.0,39.6,250,14,4,12
2025-12-19 15:00:00+00:00,20.3,61.0,0.8,65.9,67.5,33.1,178.0,2070.0,39.8,250,15,4,12
2025-12-19 16:00:00+00:00,19.6,71.0,1.0,77.3,78.5,65.5,126.0,2593.0,39.5,249,16,4,12
2025-12-19 17:00:00+00:00,18.6,72.0,0.4,121.5,123.9,83.4,90.0,3394.0,39.6,248,17,4,12
2025-12-19 18:00:00+00:00,17.5,77.0,1.2,144.4,146.7,94.8,70.0,4718.0,43.1,247,18,4,12
2025-12-19 19:00:00+00:00,16.6,81.0,0.6,169.5,171.4,110.4,41.0,6320.0,47.9,245,19,4,12
2025-12-19 20:00:00+00:00,15.4,87.0,1.5,192.8,194.2,121.8,19.0,7376.0,51.9,244,20,4,12
2025-12-19 21:00:00+00:00,14.2,94.0,2.8,210.0,211.9,126.2,7.0,7466.0,54.9,242,21,4,12
2025-12-19 22:00:00+00:00,13.5,96.0,3.0,226.8,228.2,126.4,1.0,7009.0,57.0,241,22,4,12
2025-12-19 23:00:00+00:00,12.7,99.0,1.1,231.0,232.4,122.4,0.0,6437.0,56.8,239,23,4,12
2025-12-20 00:00:00+00:00,12.1,99.0,1.5,206.3,207.7,112.7,5.0,5785.0,52.5,238,0,5,12
2025-12-20 01:00:00+00:00,11.5,100.0,2.2,190.0,190.9,98.9,14.0,5018.0,45.9,237,1,5,12
2025-12-20 02:00:00+00:00,11.3,99.0,3.1,180.2,181.1,85.5,22.0,4465.0,40.7,235,2,5,12
2025-12-20 03:00:00+00:00,10.9,99.0,2.4,173.2,174.2,71.6,28.0,4269.0,37.8,235,3,5,12
2025-12-20 04:00:00+00:00,10.5,98.0,1.5,173.7,175.1,58.0,34.0,4287.0,36.3,234,4,5,12
2025-12-20 05:00:00+00:00,9.7,99.0,1.1,156.0,156.9,33.3,53.0,4420.0,33.5,234,5,5,12
2025-12-20 06:00:00+00:00,9.7,100.0,0.5,164.8,165.3,47.5,37.0,4721.0,36.5,233,6,5,12
2025-12-20 07:00:00+00:00,9.9,99.0,1.7,189.5,190.5,66.5,17.0,5137.0,40.6,232,7,5,12
2025-12-20 08:00:00+00:00,10.7,98.0,2.4,216.1,217.0,76.5,16.0,5406.0,43.3,232,8,5,12
2025-12-20 09:00:00+00:00,12.2,96.0,4.0,184.4,184.9,69.1,53.0,5486.0,43.1,232,9,5,12
2025-12-20 10:00:00+00:00,14.1,91.0,5.6,167.2,168.1,52.8,110.0,5420.0,41.4,232,10,5,12
2025-12-20 11:00:00+00:00,13.8,88.0,2.4,137.4,138.8,38.7,154.0,5069.0,40.3,233,11,5,12
2025-12-20 12:00:00+00:00,16.1,81.0,3.6,112.5,115.3,28.0,177.0,4139.0,40.5,234,12,5,12
2025-12-20 13:00:00+00:00,17.7,75.0,4.4,90.6,94.3,19.7,189.0,2925.0,41.2,234,13,5,12
2025-12-20 14:00:00+00:00,18.4,74.0,4.3,82.9,86.8,21.8,184.0,2175.0,41.7,235,14,5,12
2025-12-20 15:00:00+00:00,18.6,74.0,5.2,82.2,85.7,43.4,154.0,2350.0,41.7,236,15,5,12
2025-12-20 16:00:00+00:00,18.0,78.0,5.6,97.3,100.1,75.4,108.0,2990.0,41.6,236,16,5,12
2025-12-20 17:00:00+00:00,15.8,91.0,3.4,122.9,124.8,77.8,70.0,3456.0,38.5,237,17,5,12
2025-12-20 18:00:00+00:00,15.3,94.0,4.4,141.6,143.4,82.4,55.0,3486.0,38.4,237,18,5,12
2025-12-20 19:00:00+00:00,14.8,95.0,5.5,151.8,153.7,88.5,35.0,3344.0,38.3,237,19,5,12
2025-12-20 20:00:00+00:00,14.3,96.0,6.5,158.8,160.2,92.2,19.0,3178.0,38.4,236,20,5,12
2025-12-20 21:00:00+00:00,14.0,95.0,7.5,161.6,163.0,91.8,13.0,3034.0,39.3,235,21,5,12
2025-12-20 22:00:00+00:00,13.4,95.0,5.4,170.0,171.4,89.0,11.0,2868.0,40.4,233,22,5,12
2025-12-20 23:00:00+00:00,13.0,97.0,5.1,179.7,181.1,84.3,11.0,2696.0,40.3,230,23,5,12
2025-12-21 00:00:00+00:00,12.8,98.0,5.8,185.8,187.2,77.7,12.0,2508.0,38.1,228,0,6,12
2025-12-21 01:00:00+00:00,12.8,99.0,6.0,185.8,186.7,69.4,14.0,2315.0,34.7,227,1,6,12
2025-12-21 02:00:00+00:00,12.4,99.0,5.1,180.2,181.6,60.3,18.0,2168.0,31.9,227,2,6,12
2025-12-21 03:00:00+00:00,12.5,100.0,6.4,174.6,176.0,48.9,25.0,2067.0,30.2,227,3,6,12
2025-12-21 04:00:00+00:00,12.4,100.0,7.5,170.4,171.8,36.8,33.0,2013.0,29.2,227,4,6,12
2025-12-21 05:00:00+00:00,11.8,100.0,3.3,155.5,156.9,27.3,42.0,2061.0,28.2,227,5,6,12
2025-12-21 06:00:00+00:00,11.7,100.0,6.6,151.3,152.7,33.2,36.0,2307.0,29.2,227,6,6,12
2025-12-21 07:00:00+00:00,11.7,100.0,7.1,152.7,154.1,41.0,30.0,2655.0,30.6,227,7,6,12
2025-12-21 08:00:00+00:00,11.9,99.0,7.9,154.1,156.0,45.0,36.0,2879.0,31.6,225,8,6,12
2025-12-21 09:00:00+00:00,12.6,98.0,6.7,157.9,158.8,41.9,64.0,2872.0,32.1,222,9,6,12
2025-12-21 10:00:00+00:00,14.2,90.0,6.5,147.1,149.0,35.0,105.0,2741.0,32.3,221,10,6,12
2025-12-21 11:00:00+00:00,15.3,86.0,5.8,126.7,129.5,28.5,139.0,2571.0,31.9,221,11,6,12
2025-12-21 12:00:00+00:00,16.7,81.0,4.0,101.7,104.8,21.7,163.0,2318.0,30.5,220,12,6,12
2025-12-21 13:00:00+00:00,17.4,77.0,3.6,86.6,89.6,15.2,181.0,2026.0,28.6,220,13,6,12
2025-12-21 14:00:00+00:00,18.6,71.0,5.7,78.9,81.7,15.1,184.0,1921.0,26.9,219,14,6,12
2025-12-21 15:00:00+00:00,18.5,70.0,8.1,77.1,79.6,25.7,164.0,2176.0,25.6,219,15,6,12
2025-12-21 16:00:00+00:00,17.9,74.0,8.7,81.5,83.6,42.7,129.0,2617.0,24.6,219,16,6,12
2025-12-21 17:00:00+00:00,16.2,83.0,7.9,114.3,118.3,52.8,91.0,2948.0,28.8,218,17,6,12
2025-12-21 18:00:00+00:00,16.0,84.0,6.5,125.7,129.5,60.9,71.0,3045.0,29.0,218,18,6,12
2025-12-21 19:00:00+00:00,15.6,86.0,5.4,136.0,139.7,71.9,44.0,3031.0,29.4,217,19,6,12
2025-12-21 20:00:00+00:00,14.7,90.0,4.9,144.4,148.1,79.1,24.0,2982.0,29.7,217,20,6,12
2025-12-21 21:00:00+00:00,14.1,91.0,5.0,150.4,153.7,78.7,18.0,2909.0,30.0,216,21,6,12
2025-12-21 22:00:00+00:00,13.6,92.0,4.8,153.2,156.5,74.5,18.0,2802.0,30.3,216,22,6,12
2025-12-21 23:00:00+00:00,13.2,92.0,4.9,157.9,161.1,71.2,18.0,2702.0,30.3,215,23,6,12
2025-12-22 00:00:00+00:00,12.3,95.0,4.0,161.1,164.8,71.8,13.0,2628.0,29.9,214,0,0,12
2025-12-22 01:00:00+00:00,11.7,97.0,3.4,165.8,169.5,73.3,8.0,2561.0,29.2,213,1,0,12
2025-12-22 02:00:00+00:00,11.7,97.0,1.0,168.6,171.8,71.2,6.0,2489.0,27.9,212,2,0,12
2025-12-22 03:00:00+00:00,11.0,100.0,1.7,161.1,163.9,61.4,10.0,2335.0,25.3,212,3,0,12
2025-12-22 04:00:00+00:00,10.6,100.0,4.1,140.2,142.5,48.0,17.0,2175.0,22.0,211,4,0,12
2025-12-22 05:00:00+00:00,11.0,100.0,1.8,136.0,138.3,40.4,19.0,2223.0,20.7,210,5,0,12
2025-12-22 06:00:00+00:00,11.1,100.0,1.7,128.1,130.9,43.7,15.0,2703.0,22.5,209,6,0,12
2025-12-22 07:00:00+00:00,11.1,100.0,1.7,136.4,139.2,47.9,10.0,3391.0,24.9,208,7,0,12
2025-12-22 08:00:00+00:00,11.4,98.0,2.2,150.4,153.7,48.8,16.0,3826.0,26.0,207,8,0,12
2025-12-22 09:00:00+00:00,12.7,96.0,5.6,134.6,137.4,43.8,41.0,3802.0,24.8,207,9,0,12
2025-12-22 10:00:00+00:00,14.0,93.0,3.7,121.5,124.3,35.6,77.0,3524.0,22.3,206,10,0,12
2025-12-22 11:00:00+00:00,15.3,89.0,2.2,88.0,91.3,28.0,105.0,3149.0,20.2,205,11,0,12
2025-12-22 12:00:00+00:00,17.4,81.0,0.2,58.1,61.2,19.9,121.0,2580.0,19.0,204,12,0,12
2025-12-22 13:00:00+00:00,18.7,77.0,5.0,46.1,48.5,12.4,129.0,1914.0,18.3,202,13,0,12
2025-12-22 14:00:00+00:00,19.4,74.0,4.7,36.8,39.0,12.9,126.0,1596.0,18.0,200,14,0,12
2025-12-22 15:00:00+00:00,19.5,71.0,4.5,34.2,36.2,27.2,106.0,1903.0,17.5,199,15,0,12
2025-12-22 16:00:00+00:00,18.8,72.0,4.7,39.8,41.4,49.6,75.0,2559.0,17.5,198,16,0,12
2025-12-22 17:00:00+00:00,17.8,75.0,3.2,113.2,115.9,77.1,82.0,3176.0,26.5,196,17,0,12
2025-12-22 18:00:00+00:00,17.0,77.0,3.6,132.7,135.5,80.1,68.0,3730.0,26.8,196,18,0,12
2025-12-22 19:00:00+00:00,16.5,77.0,5.4,129.5,131.8,83.8,50.0,4245.0,27.0,197,19,0,12
2025-12-22 20:00:00+00:00,15.2,81.0,3.8,107.1,109.2,82.9,36.0,4414.0,26.1,196,20,0,12
2025-12-22 21:00:00+00:00,14.4,89.0,3.9,87.1,88.9,73.5,32.0,3979.0,23.1,195,21,0,12
2025-12-22 22:00:00+00:00,14.1,92.0,3.0,75.4,77.1,59.7,33.0,3196.0,18.9,193,22,0,12
2025-12-22 23:00:00+00:00,14.8,86.0,0.7,69.2,71.2,47.9,35.0,2529.0,15.4,191,23,0,12
2025-12-23 00:00:00+00:00,14.1,88.0,1.0,62.6,65.0,41.0,37.0,2173.0,13.3,188,0,1,12
2025-12-23 01:00:00+00:00,12.8,95.0,3.9,59.3,61.7,36.2,39.0,1933.0,11.8,185,1,1,12
2025-12-23 02:00:00+00:00,12.3,97.0,5.4,58.7,61.2,32.0,40.0,1677.0,10.7,182,2,1,12
2025-12-23 03:00:00+00:00,12.5,98.0,6.2,59.8,62.4,27.3,40.0,1295.0,9.8,179,3,1,12
2025-12-23 04:00:00+00:00,12.0,98.0,6.3,60.3,62.6,23.2,39.0,898.0,9.2,176,4,1,12
2025-12-23 05:00:00+00:00,11.5,93.0,8.5,59.3,61.7,22.2,37.0,693.0,9.3,174,5,1,12
2025-12-23 06:00:00+00:00,10.9,93.0,7.6,61.9,64.3,27.4,31.0,859.0,10.6,171,6,1,12
2025-12-23 07:00:00+00:00,10.6,94.0,7.0,70.1,72.4,34.2,24.0,1217.0,12.3,169,7,1,12
2025-12-23 08:00:00+00:00,11.5,91.0,8.4,79.2,81.5,37.3,27.0,1442.0,13.8,167,8,1,12
2025-12-23 09:00:00+00:00,13.1,83.0,6.8,81.0,82.9,33.1,51.0,1377.0,14.7,165,9,1,12
2025-12-23 10:00:00+00:00,15.3,69.0,7.1,74.0,76.6,25.1,85.0,1179.0,15.2,164,10,1,12
2025-12-23 11:00:00+00:00,17.3,64.0,4.6,59.1,62.6,18.2,113.0,995.0,15.8,162,11,1,12
2025-12-23 12:00:00+00:00,19.4,58.0,5.5,47.6,51.7,12.6,130.0,845.0,16.4,161,12,1,12
2025-12-23 13:00:00+00:00,20.7,55.0,6.8,42.6,47.3,8.1,141.0,711.0,17.0,161,13,1,12
2025-12-23 14:00:00+00:00,21.2,52.0,8.5,42.1,47.5,8.5,141.0,680.0,17.5,161,14,1,12
2025-12-23 15:00:00+00:00,21.1,50.0,8.9,41.7,47.6,17.9,125.0,844.0,17.9,161,15,1,12
2025-12-23 16:00:00+00:00,20.2,56.0,7.4,45.1,49.9,32.2,98.0,1113.0,18.1,161,16,1,12
2025-12-23 17:00:00+00:00,18.0,70.0,6.0,44.7,47.0,46.0,68.0,1303.0,18.6,162,17,1,12
2025-12-23 18:00:00+00:00,17.5,72.0,7.0,48.8,50.6,47.0,61.0,1327.0,18.2,159,18,1,12
2025-12-23 19:00:00+00:00,16.6,75.0,7.7,51.9,53.3,48.4,52.0,1273.0,17.6,157,19,1,12
2025-12-23 20:00:00+00:00,15.9,77.0,7.9,54.4,55.4,48.5,45.0,1224.0,17.0,155,20,1,12
2025-12-23 21:00:00+00:00,15.2,78.0,8.2,56.7,57.6,46.8,41.0,1211.0,16.3,153,21,1,12
2025-12-23 22:00:00+00:00,14.6,77.0,8.5,59.8,60.8,44.0,39.0,1202.0,15.6,152,22,1,12
2025-12-23 23:00:00+00:00,13.9,79.0,8.0,60.8,61.5,40.4,38.0,1185.0,14.7,152,23,1,12
2025-12-24 00:00:00+00:00,13.3,80.0,7.7,58.7,59.6,35.8,38.0,1147.0,13.5,151,0,2,12
2025-12-24 01:00:00+00:00,12.5,81.0,7.0,57.2,58.2,30.5,38.0,1100.0,12.1,151,1,2,12
2025-12-24 02:00:00+00:00,11.7,82.0,6.1,54.4,56.0,26.1,39.0,1071.0,10.9,151,2,2,12
2025-12-24 03:00:00+00:00,11.3,82.0,6.8,50.5,52.9,22.4,40.0,1038.0,9.8,151,3,2,12
2025-12-24 04:00:00+00:00,10.7,82.0,6.5,46.7,49.4,19.6,41.0,1023.0,8.9,151,4,2,12
2025-12-24 05:00:00+00:00,10.2,85.0,6.8,40.3,42.4,17.4,46.0,1111.0,8.3,150,5,2,12
2025-12-24 06:00:00+00:00,9.9,84.0,6.1,40.9,43.3,23.8,38.0,1431.0,9.4,150,6,2,12
2025-12-24 07:00:00+00:00,9.4,84.0,5.7,47.8,50.9,32.5,28.0,1855.0,10.9,148,7,2,12
2025-12-24 08:00:00+00:00,10.3,79.0,6.9,54.5,57.5,37.2,29.0,2088.0,12.1,145,8,2,12
2025-12-24 09:00:00+00:00,12.2,71.0,5.3,55.1,57.9,34.5,52.0,1963.0,12.6,143,9,2,12
2025-12-24 10:00:00+00:00,14.5,61.0,3.5,52.9,55.8,27.8,86.0,1648.0,12.8,140,10,2,12
2025-12-24 11:00:00+00:00,17.2,52.0,3.9,51.2,54.1,21.7,115.0,1350.0,13.4,138,11,2,12
2025-12-24 12:00:00+00:00,19.2,45.0,3.4,44.8,48.7,16.0,136.0,1083.0,14.9,137,12,2,12
2025-12-24 13:00:00+00:00,20.4,40.0,4.1,39.9,44.2,10.9,151.0,832.0,16.9,137,13,2,12
2025-12-24 14:00:00+00:00,21.0,37.0,6.2,36.9,41.3,11.1,154.0,767.0,18.3,136,14,2,12
2025-12-24 15:00:00+00:00,20.9,38.0,8.0,35.9,39.9,20.6,135.0,1046.0,18.7,136,15,2,12
2025-12-24 16:00:00+00:00,20.1,42.0,7.4,39.3,42.5,35.3,103.0,1510.0,18.7,135,16,2,12
2025-12-24 17:00:00+00:00,18.0,51.0,5.8,43.0,44.9,44.9,86.0,1849.0,20.4,135,17,2,12
2025-12-24 18:00:00+00:00,17.5,53.0,5.2,54.9,56.5,53.5,69.0,1924.0,20.8,134,18,2,12
2025-12-24 19:00:00+00:00,16.5,58.0,5.5,63.6,65.0,65.4,45.0,1873.0,21.5,135,19,2,12
2025-12-24 20:00:00+00:00,15.5,61.0,5.5,70.8,72.9,74.7,26.0,1800.0,22.9,136,20,2,12
2025-12-24 21:00:00+00:00,14.5,63.0,4.8,79.4,83.1,79.5,17.0,1740.0,26.0,138,21,2,12
2025-12-24 22:00:00+00:00,13.5,66.0,4.0,93.1,97.1,81.7,14.0,1658.0,29.7,140,22,2,12
2025-12-24 23:00:00+00:00,12.5,70.0,5.6,102.9,106.9,81.5,11.0,1557.0,31.3,144,23,2,12
2025-12-25 00:00:00+00:00,11.9,73.0,5.4,102.0,105.7,78.7,8.0,1415.0,28.8,148,0,3,12
2025-12-25 01:00:00+00:00,11.3,74.0,5.6,93.6,97.1,73.5,6.0,1253.0,24.0,151,1,3,12
2025-12-25 02:00:00+00:00,10.8,76.0,5.5,84.5,87.8,67.0,6.0,1141.0,19.9,152,2,3,12
2025-12-25 03:00:00+00:00,10.3,78.0,5.5,78.2,81.5,57.9,8.0,1050.0,17.1,153,3,3,12
2025-12-25 04:00:00+00:00,9.7,80.0,5.9,73.8,76.8,47.6,11.0,1010.0,14.8,154,4,3,12
2025-12-25 05:00:00+00:00,8.8,86.0,6.0,72.6,75.4,46.0,10.0,1174.0,14.5,154,5,3,12
2025-12-25 06:00:00+00:00,8.6,87.0,5.5,66.8,69.2,46.9,8.0,1780.0,15.6,155,6,3,12
2025-12-25 07:00:00+00:00,8.3,86.0,4.3,72.9,75.2,47.8,7.0,2592.0,17.1,156,7,3,12
2025-12-25 08:00:00+00:00,9.4,82.0,4.1,85.0,87.3,46.6,17.0,3052.0,18.2,157,8,3,12
2025-12-25 09:00:00+00:00,11.9,70.0,3.3,79.2,81.5,41.6,49.0,2843.0,18.1,158,9,3,12
2025-12-25 10:00:00+00:00,14.6,58.0,1.1,68.9,72.2,34.4,93.0,2284.0,17.5,158,10,3,12
2025-12-25 11:00:00+00:00,17.2,49.0,3.4,62.6,65.4,27.7,128.0,1772.0,17.6,159,11,3,12
2025-12-25 12:00:00+00:00,19.3,40.0,4.0,55.4,56.6,19.6,150.0,1363.0,19.0,159,12,3,12
2025-12-25 13:00:00+00:00,20.3,35.0,4.8,47.1,47.6,12.0,162.0,1002.0,21.0,160,13,3,12
2025-12-25 14:00:00+00:00,20.8,32.0,4.1,40.7,41.4,13.4,160.0,924.0,22.8,160,14,3,12
2025-12-25 15:00:00+00:00,20.8,33.0,3.7,39.2,39.9,31.5,132.0,1320.0,23.6,160,15,3,12
2025-12-25 16:00:00+00:00,20.0,38.0,4.9,49.0,49.5,58.6,90.0,2000.0,24.1,160,16,3,12
2025-12-25 17:00:00+00:00,17.5,50.0,3.1,63.1,63.6,69.1,60.0,2625.0,23.5,160,17,3,12
2025-12-25 18:00:00+00:00,16.9,56.0,4.4,74.3,74.5,74.1,48.0,3058.0,25.2,161,18,3,12
2025-12-25 19:00:00+00:00,16.2,62.0,4.2,84.8,85.4,80.8,32.0,3436.0,27.7,162,19,3,12
2025-12-25 20:00:00+00:00,15.7,65.0,2.7,97.8,99.0,85.3,19.0,3836.0,30.3,162,20,3,12
2025-12-25 21:00:00+00:00,15.1,69.0,2.4,108.0,110.4,85.4,14.0,4364.0,33.0,163,21,3,12
2025-12-25 22:00:00+00:00,14.1,74.0,2.7,119.0,122.5,83.3,13.0,4913.0,35.9,164,22,3,12
2025-12-25 23:00:00+00:00,13.9,78.0,0.4,125.7,129.9,81.1,13.0,5237.0,37.6,165,23,3,12
2025-12-26 00:00:00+00:00,13.0,81.0,1.1,124.3,129.0,79.7,12.0,5194.0,37.6,165,0,4,12
2025-12-26 01:00:00+00:00,12.0,86.0,2.0,124.3,128.5,78.2,12.0,4926.0,36.6,166,1,4,12
2025-12-26 02:00:00+00:00,11.1,89.0,1.7,125.3,129.9,76.1,11.0,4610.0,35.4,167,2,4,12
2025-12-26 03:00:00+00:00,10.8,90.0,1.0,126.7,131.3,72.3,10.0,4130.0,33.5,168,3,4,12
2025-12-26 04:00:00+00:00,10.4,92.0,1.0,125.3,129.9,67.8,9.0,3601.0,31.4,169,4,4,12
2025-12-26 05:00:00+00:00,9.9,95.0,1.8,139.2,142.5,76.3,0.0,3547.0,32.9,171,5,4,12
2025-12-26 06:00:00+00:00,9.9,95.0,1.0,142.0,145.8,80.8,0.0,4569.0,39.3,173,6,4,12
2025-12-26 07:00:00+00:00,9.7,96.0,1.1,163.4,167.6,86.3,0.0,6066.0,47.8,175,7,4,12
2025-12-26 08:00:00+00:00,10.0,93.0,2.6,191.9,196.0,85.0,5.0,6755.0,52.6,178,8,4,12
2025-12-26 09:00:00+00:00,12.9,78.0,1.5,164.8,170.0,71.1,44.0,5852.0,49.9,181,9,4,12
2025-12-26 10:00:00+00:00,15.7,66.0,1.4,115.7,118.3,50.3,97.0,4142.0,43.4,184,10,4,12
2025-12-26 11:00:00+00:00,18.0,56.0,2.5,88.7,89.4,32.9,139.0,2697.0,38.1,185,11,4,12
2025-12-26 12:00:00+00:00,20.1,46.0,2.4,69.4,70.3,20.0,162.0,1848.0,36.1,186,12,4,12
2025-12-26 13:00:00+00:00,21.1,40.0,3.5,53.7,54.5,10.4,174.0,1264.0,35.3,186,13,4,12
2025-12-26 14:00:00+00:00,21.5,39.0,4.5,47.5,48.3,10.1,171.0,1027.0,34.8,186,14,4,12
2025-12-26 15:00:00+00:00,21.3,40.0,4.1,46.3,47.1,25.6,147.0,1271.0,34.3,187,15,4,12
2025-12-26 16:00:00+00:00,20.6,43.0,4.4,54.7,55.3,50.4,109.0,1861.0,34.1,187,16,4,12
2025-12-26 17:00:00+00:00,18.3,52.0,4.2,104.5,106.2,71.4,78.0,2475.0,35.0,187,17,4,12
2025-12-26 18:00:00+00:00,17.6,56.0,4.8,132.2,133.6,79.7,62.0,3079.0,37.3,188,18,4,12
2025-12-26 19:00:00+00:00,16.8,62.0,4.1,149.9,151.3,90.9,40.0,3706.0,40.5,190,19,4,12
2025-12-26 20:00:00+00:00,15.8,67.0,3.7,161.1,162.5,98.0,24.0,4131.0,42.8,192,20,4,12
2025-12-26 21:00:00+00:00,14.9,72.0,3.1,166.7,168.1,97.5,19.0,4227.0,43.8,194,21,4,12
2025-12-26 22:00:00+00:00,13.9,77.0,2.5,174.6,176.0,92.7,20.0,4119.0,44.0,196,22,4,12
2025-12-26 23:00:00+00:00,13.0,82.0,2.6,179.3,180.7,87.1,22.0,3963.0,43.0,197,23,4,12
2025-12-27 00:00:00+00:00,12.3,86.0,2.1,171.8,173.2,82.0,24.0,3792.0,40.0,199,0,5,12
2025-12-27 01:00:00+00:00,11.5,89.0,0.7,163.9,165.3,76.1,28.0,3571.0,35.9,200,1,5,12
2025-12-27 02:00:00+00:00,10.7,92.0,0.4,156.9,158.8,67.8,33.0,3352.0,32.3,202,2,5,12
2025-12-27 03:00:00+00:00,10.1,94.0,1.1,148.5,150.4,53.2,42.0,3064.0,29.6,203,3,5,12
2025-12-27 04:00:00+00:00,9.8,95.0,1.9,140.2,141.6,36.4,53.0,2777.0,27.5,204,4,5,12
2025-12-27 05:00:00+00:00,9.2,95.0,3.7,139.2,141.1,35.4,55.0,2756.0,29.6,205,5,5,12
2025-12-27 06:00:00+00:00,9.0,96.0,3.3,133.2,135.0,44.2,46.0,3328.0,30.7,205,6,5,12
2025-12-27 07:00:00+00:00,8.7,96.0,3.3,140.6,142.5,55.8,35.0,4166.0,32.3,204,7,5,12
2025-12-27 08:00:00+00:00,9.7,95.0,4.6,153.2,154.6,60.6,38.0,4554.0,33.1,203,8,5,12
2025-12-27 09:00:00+00:00,12.1,83.0,3.1,141.6,142.5,52.0,69.0,4062.0,32.5,202,9,5,12
2025-12-27 10:00:00+00:00,15.2,69.0,2.0,131.3,132.2,36.6,114.0,3119.0,31.2,201,10,5,12
2025-12-27 11:00:00+00:00,17.2,59.0,3.9,108.0,109.2,24.0,148.0,2297.0,30.3,202,11,5,12
2025-12-27 12:00:00+00:00,19.0,51.0,5.2,87.5,88.7,16.3,164.0,1737.0,30.5,202,12,5,12
2025-12-27 13:00:00+00:00,19.8,47.0,6.5,71.7,72.9,11.4,169.0,1298.0,31.1,203,13,5,12
2025-12-27 14:00:00+00:00,19.8,48.0,7.0,66.4,67.3,12.5,164.0,1128.0,31.4,204,14,5,12
2025-12-27 15:00:00+00:00,19.9,48.0,7.1,65.2,66.1,23.2,143.0,1276.0,31.0,205,15,5,12
2025-12-27 16:00:00+00:00,19.2,51.0,6.7,72.2,72.6,40.0,111.0,1693.0,30.2,205,16,5,12
2025-12-27 17:00:00+00:00,17.1,66.0,3.6,95.5,96.2,62.6,71.0,2382.0,31.2,206,17,5,12
2025-12-27 18:00:00+00:00,17.0,66.0,2.2,109.0,109.7,68.6,59.0,3571.0,32.1,206,18,5,12
2025-12-27 19:00:00+00:00,16.3,68.0,1.4,119.2,119.7,76.8,43.0,5031.0,33.3,205,19,5,12
2025-12-27 20:00:00+00:00,15.5,71.0,1.9,129.0,129.9,82.2,30.0,6078.0,34.5,204,20,5,12
2025-12-27 21:00:00+00:00,14.7,74.0,1.7,137.8,138.3,82.1,24.0,6395.0,35.7,202,21,5,12
2025-12-27 22:00:00+00:00,13.6,79.0,2.0,147.6,148.1,79.2,22.0,6297.0,36.9,201,22,5,12
2025-12-27 23:00:00+00:00,12.9,83.0,1.3,154.1,155.1,76.4,20.0,6050.0,37.4,200,23,5,12
2025-12-28 00:00:00+00:00,12.0,86.0,1.3,154.6,155.5,75.1,17.0,5697.0,36.8,199,0,6,12
2025-12-28 01:00:00+00:00,11.4,89.0,0.5,156.0,156.5,73.9,15.0,5195.0,35.4,199,1,6,12
2025-12-28 02:00:00+00:00,10.8,91.0,0.9,156.9,157.9,71.9,13.0,4672.0,34.1,198,2,6,12
2025-12-28 03:00:00+00:00,10.2,93.0,1.4,156.5,156.9,67.4,12.0,3952.0,32.3,198,3,6,12
2025-12-28 04:00:00+00:00,9.5,93.0,2.7,154.6,155.1,62.0,10.0,3212.0,30.5,199,4,6,12
2025-12-28 05:00:00+00:00,8.8,97.0,1.6,156.9,157.4,58.0,11.0,3111.0,32.3,199,5,6,12
2025-12-28 06:00:00+00:00,7.7,100.0,0.7,159.7,160.2,62.0,6.0,4366.0,35.4,200,6,6,12
2025-12-28 07:00:00+00:00,7.0,99.0,0.6,174.6,175.1,67.0,2.0,6262.0,39.6,201,7,6,12
2025-12-28 08:00:00+00:00,6.9,99.0,1.3,191.4,192.8,67.1,13.0,7306.0,41.7,202,8,6,12
2025-12-28 09:00:00+00:00,9.2,97.0,2.0,176.0,177.4,58.3,55.0,6686.0,39.5,204,9,6,12
2025-12-28 10:00:00+00:00,12.3,86.0,1.8,152.3,152.7,44.7,113.0,5216.0,35.3,205,10,6,12
2025-12-28 11:00:00+00:00,15.6,67.0,2.9,115.3,115.5,32.6,158.0,3846.0,32.0,206,11,6,12
2025-12-28 12:00:00+00:00,17.6,57.0,2.8,86.6,86.8,20.8,182.0,2763.0,31.0,206,12,6,12
2025-12-28 13:00:00+00:00,18.6,52.0,3.2,70.5,70.8,10.5,193.0,1780.0,31.0,206,13,6,12
2025-12-28 14:00:00+00:00,19.0,49.0,3.4,62.6,62.9,12.4,188.0,1284.0,31.5,206,14,6,12
2025-12-28 15:00:00+00:00,19.0,48.0,2.8,60.8,61.0,35.0,158.0,1517.0,31.8,206,15,6,12
2025-12-28 16:00:00+00:00,18.5,55.0,1.5,71.9,72.2,69.7,111.0,2236.0,32.7,206,16,6,12
2025-12-28 17:00:00+00:00,16.5,69.0,0.5,114.8,115.5,79.7,72.0,3100.0,30.3,206,17,6,12
2025-12-28 18:00:00+00:00,15.8,73.0,0.5,139.7,140.2,88.1,56.0,4204.0,34.1,207,18,6,12
2025-12-28 19:00:00+00:00,14.9,78.0,0.5,162.5,163.0,99.4,34.0,5452.0,39.4,208,19,6,12
2025-12-28 20:00:00+00:00,14.6,80.0,0.2,183.5,183.9,105.8,18.0,6215.0,42.8,210,20,6,12
2025-12-28 21:00:00+00:00,13.3,84.0,0.9,193.7,194.2,103.2,13.0,6157.0,43.1,212,21,6,12
2025-12-28 22:00:00+00:00,11.7,92.0,3.5,195.6,196.5,95.8,13.0,5613.0,41.7,214,22,6,12
2025-12-28 23:00:00+00:00,10.4,96.0,2.9,183.9,185.3,88.1,14.0,4964.0,39.1,216,23,6,12
2025-12-29 00:00:00+00:00,9.7,98.0,2.2,167.2,169.0,81.9,14.0,4257.0,35.0,217,0,0,12
2025-12-29 01:00:00+00:00,8.9,100.0,3.8,156.5,157.4,75.5,16.0,3444.0,29.9,218,1,0,12
2025-12-29 02:00:00+00:00,8.5,100.0,1.7,146.7,147.6,67.7,19.0,2762.0,25.7,218,2,0,12
2025-12-29 03:00:00+00:00,7.8,100.0,0.4,138.3,139.2,55.7,26.0,2243.0,23.0,218,3,0,12
2025-12-29 04:00:00+00:00,7.2,99.0,2.8,130.4,131.3,42.4,36.0,1854.0,21.2,217,4,0,12
2025-12-29 05:00:00+00:00,7.5,98.0,1.7,130.4,130.9,38.8,40.0,1734.0,21.9,216,5,0,12
2025-12-29 06:00:00+00:00,7.3,98.0,2.7,126.7,127.1,47.8,33.0,2075.0,24.6,215,6,0,12
2025-12-29 07:00:00+00:00,7.2,99.0,2.6,138.3,138.8,59.7,24.0,2686.0,28.2,213,7,0,12
2025-12-29 08:00:00+00:00,7.9,98.0,1.4,154.6,155.1,65.1,27.0,3131.0,30.8,212,8,0,12
2025-12-29 09:00:00+00:00,9.2,97.0,2.9,145.3,145.3,58.0,52.0,3264.0,31.2,210,9,0,12
2025-12-29 10:00:00+00:00,10.5,97.0,3.3,137.4,137.8,44.3,89.0,3232.0,30.5,209,10,0,12
2025-12-29 11:00:00+00:00,12.1,90.0,1.2,119.7,120.1,32.3,120.0,3032.0,29.9,208,11,0,12
2025-12-29 12:00:00+00:00,14.8,76.0,1.5,101.0,101.5,21.9,141.0,2497.0,29.7,209,12,0,12
2025-12-29 13:00:00+00:00,16.6,66.0,2.0,85.9,86.6,13.1,155.0,1794.0,29.7,209,13,0,12
2025-12-29 14:00:00+00:00,17.2,61.0,1.9,74.7,75.4,14.9,154.0,1433.0,30.0,210,14,0,12
2025-12-29 15:00:00+00:00,17.1,61.0,2.6,71.2,71.9,35.8,128.0,1590.0,30.8,210,15,0,12
2025-12-29 16:00:00+00:00,16.8,63.0,3.1,83.1,83.8,67.1,86.0,2087.0,31.9,211,16,0,12
2025-12-29 17:00:00+00:00,15.4,74.0,1.5,134.6,135.0,107.1,44.0,2901.0,36.3,211,17,0,12
2025-12-29 18:00:00+00:00,15.0,75.0,0.7,146.2,146.2,112.5,35.0,4278.0,38.9,212,18,0,12
2025-12-29 19:00:00+00:00,13.6,79.0,0.6,167.6,167.6,119.8,23.0,5971.0,42.6,212,19,0,12
2025-12-29 20:00:00+00:00,12.5,84.0,0.4,179.3,179.7,124.7,13.0,7212.0,46.3,213,20,0,12
2025-12-29 21:00:00+00:00,11.2,90.0,2.0,193.2,193.2,125.2,9.0,7649.0,50.1,212,21,0,12
2025-12-29 22:00:00+00:00,10.4,93.0,1.1,216.5,216.5,123.2,7.0,7634.0,53.8,212,22,0,12
2025-12-29 23:00:00+00:00,10.2,94.0,0.4,233.3,233.3,119.8,6.0,7457.0,55.7,213,23,0,12
2025-12-30 00:00:00+00:00,10.0,95.0,0.3,231.0,231.0,114.7,6.0,7172.0,54.7,215,0,1,12
2025-12-30 01:00:00+00:00,9.9,95.0,0.2,221.2,221.2,108.2,7.0,6725.0,51.9,218,1,1,12
2025-12-30 02:00:00+00:00,9.3,99.0,0.9,210.9,210.9,101.7,8.0,6247.0,49.0,221,2,1,12
2025-12-30 03:00:00+00:00,8.7,100.0,1.4,204.0,204.0,94.7,8.0,5696.0,45.7,223,3,1,12
2025-12-30 04:00:00+00:00,8.5,99.0,3.0,200.2,200.2,87.8,7.0,5114.0,42.2,226,4,1,12
2025-12-30 05:00:00+00:00,7.0,99.0,1.0,236.6,236.6,113.4,0.0,4760.0,54.7,229,5,1,12
2025-12-30 06:00:00+00:00,7.2,99.0,0.4,238.4,238.4,118.2,0.0,4829.0,61.2,233,6,1,12
2025-12-30 07:00:00+00:00,8.0,99.0,1.8,261.7,261.7,123.7,0.0,5125.0,69.7,238,7,1,12
2025-12-30 08:00:00+00:00,8.4,98.0,2.4,297.1,297.1,119.0,7.0,5320.0,73.4,243,8,1,12
2025-12-30 09:00:00+00:00,9.7,98.0,1.5,280.3,280.3,94.8,55.0,5397.0,67.6,249,9,1,12
2025-12-30 10:00:00+00:00,12.6,92.0,0.7,196.5,197.0,60.4,121.0,5374.0,56.9,255,10,1,12
2025-12-30 11:00:00+00:00,14.1,83.0,1.4,146.2,146.7,33.2,172.0,4974.0,48.5,257,11,1,12
2025-12-30 12:00:00+00:00,16.8,68.0,2.2,111.1,111.3,18.6,198.0,3816.0,45.7,258,12,1,12
2025-12-30 13:00:00+00:00,18.1,62.0,4.8,93.1,93.4,11.1,209.0,2281.0,45.2,259,13,1,12
2025-12-30 14:00:00+00:00,18.7,59.0,5.4,81.5,81.7,12.4,204.0,1234.0,44.2,259,14,1,12
2025-12-30 15:00:00+00:00,18.8,59.0,6.2,75.7,75.9,27.2,175.0,1106.0,41.4,259,15,1,12
2025-12-30 16:00:00+00:00,18.1,63.0,5.3,82.4,82.7,50.7,129.0,1466.0,38.0,259,16,1,12
2025-12-30 17:00:00+00:00,15.9,76.0,5.0,106.6,107.3,54.7,93.0,1884.0,32.1,259,17,1,12
2025-12-30 18:00:00+00:00,14.9,79.0,5.3,118.3,119.0,63.5,77.0,2270.0,32.9,258,18,1,12
2025-12-30 19:00:00+00:00,14.1,81.0,4.4,130.4,131.3,75.5,54.0,2713.0,34.0,257,19,1,12
2025-12-30 20:00:00+00:00,13.3,83.0,3.1,144.4,145.3,83.2,36.0,3052.0,34.6,256,20,1,12
2025-12-30 21:00:00+00:00,12.4,85.0,2.9,152.7,153.2,82.9,29.0,3246.0,34.6,254,21,1,12
2025-12-30 22:00:00+00:00,11.4,88.0,3.6,158.3,159.3,78.4,27.0,3336.0,34.1,252,22,1,12
2025-12-30 23:00:00+00:00,11.5,87.0,3.6,162.1,163.0,73.7,25.0,3279.0,33.0,250,23,1,12
2025-12-31 00:00:00+00:00,11.4,87.0,4.6,159.3,159.7,69.9,23.0,2978.0,30.8,247,0,2,12
2025-12-31 01:00:00+00:00,11.2,87.0,5.0,158.8,159.3,65.8,21.0,2530.0,28.0,244,1,2,12
2025-12-31 02:00:00+00:00,10.8,87.0,3.7,158.8,159.3,62.4,19.0,2188.0,25.9,241,2,2,12
2025-12-31 03:00:00+00:00,10.4,90.0,2.6,156.9,157.4,59.4,17.0,1931.0,24.3,239,3,2,12
2025-12-31 04:00:00+00:00,10.0,91.0,2.4,156.9,157.9,56.9,15.0,1781.0,23.4,237,4,2,12
2025-12-31 05:00:00+00:00,10.4,92.0,0.2,183.9,184.9,74.9,2.0,2049.0,29.8,236,5,2,12
2025-12-31 06:00:00+00:00,9.9,94.0,2.3,191.4,192.3,73.3,1.0,3209.0,30.6,233,6,2,12
2025-12-31 07:00:00+00:00,9.5,96.0,2.1,201.2,202.1,71.1,0.0,4789.0,31.6,231,7,2,12
2025-12-31 08:00:00+00:00,9.9,96.0,2.0,201.6,203.0,69.1,3.0,5682.0,32.5,229,8,2,12
2025-12-31 09:00:00+00:00,11.3,92.0,4.3,190.5,190.9,68.4,13.0,5240.0,32.6,225,9,2,12
2025-12-31 10:00:00+00:00,12.7,88.0,3.6,182.1,182.5,67.9,29.0,4112.0,32.5,221,10,2,12
2025-12-31 11:00:00+00:00,14.3,82.0,2.0,161.1,161.6,65.1,50.0,3142.0,33.4,221,11,2,12
2025-12-31 12:00:00+00:00,15.2,78.0,2.2,148.5,149.5,56.5,85.0,2599.0,36.6,221,12,2,12
2025-12-31 13:00:00+00:00,15.1,80.0,4.7,143.0,143.4,45.7,126.0,2215.0,40.8,223,13,2,12
2025-12-31 14:00:00+00:00,15.4,81.0,6.2,137.8,138.8,40.8,149.0,2028.0,43.2,225,14,2,12
2025-12-31 15:00:00+00:00,15.2,82.0,7.6,128.5,129.5,48.8,140.0,2154.0,42.1,227,15,2,12
2025-12-31 16:00:00+00:00,14.7,86.0,6.1,130.4,131.3,62.7,113.0,2478.0,39.2,229,16,2,12
2025-12-31 17:00:00+00:00,13.3,92.0,6.9,151.8,152.3,71.4,70.0,2694.0,35.4,231,17,2,12
2025-12-31 18:00:00+00:00,12.8,94.0,8.1,148.1,148.5,63.3,69.0,2673.0,34.5,233,18,2,12
2025-12-31 19:00:00+00:00,12.6,94.0,9.4,146.2,146.7,52.0,69.0,2544.0,33.3,234,19,2,12
2025-12-31 20:00:00+00:00,12.3,92.0,8.3,138.3,138.3,42.2,68.0,2383.0,31.8,235,20,2,12
2025-12-31 21:00:00+00:00,11.9,94.0,4.3,126.2,126.7,36.2,67.0,2196.0,30.2,235,21,2,12
2025-12-31 22:00:00+00:00,10.6,95.0,1.6,119.2,120.1,31.8,67.0,1977.0,28.5,234,22,2,12
2025-12-31 23:00:00+00:00,11.0,98.0,3.3,115.3,116.2,27.3,68.0,1790.0,26.6,232,23,2,12
2026-01-01 00:00:00+00:00,11.0,98.0,4.3,106.9,107.8,21.4,72.0,1675.0,24.4,230,0,3,1
2026-01-01 01:00:00+00:00,10.9,98.0,9.0,99.7,101.0,15.4,77.0,1591.0,22.0,228,1,3,1
2026-01-01 02:00:00+00:00,11.0,98.0,9.5,94.1,95.7,11.1,80.0,1484.0,19.7,226,2,3,1
2026-01-01 03:00:00+00:00,10.8,98.0,10.2,90.3,92.0,8.9,79.0,1283.0,17.0,223,3,3,1
2026-01-01 04:00:00+00:00,10.6,99.0,8.8,81.3,83.1,8.3,76.0,1059.0,14.4,220,4,3,1
2026-01-01 05:00:00+00:00,10.1,97.0,7.6,108.7,109.9,11.1,77.0,968.0,22.5,217,5,3,1
2026-01-01 06:00:00+00:00,10.1,97.0,5.4,111.1,112.5,19.1,67.0,1143.0,23.5,214,6,3,1
2026-01-01 07:00:00+00:00,10.4,98.0,6.3,117.3,118.5,29.8,54.0,1450.0,24.8,210,7,3,1
2026-01-01 08:00:00+00:00,11.0,97.0,9.3,123.4,124.3,35.8,49.0,1644.0,25.8,207,8,3,1
2026-01-01 09:00:00+00:00,11.9,94.0,10.4,119.7,120.6,32.7,60.0,1600.0,26.4,204,9,3,1
2026-01-01 10:00:00+00:00,12.5,92.0,9.4,114.6,115.9,24.9,80.0,1444.0,26.7,201,10,3,1
2026-01-01 11:00:00+00:00,12.4,87.0,9.9,101.0,102.9,18.4,96.0,1305.0,25.9,198,11,3,1
2026-01-01 12:00:00+00:00,12.7,86.0,8.9,96.4,98.7,13.3,106.0,1169.0,22.9,197,12,3,1
2026-01-01 13:00:00+00:00,13.1,85.0,6.9,88.7,93.1,9.3,113.0,1050.0,18.7,195,13,3,1
2026-01-01 14:00:00+00:00,13.5,84.0,4.8,77.8,82.4,12.0,111.0,1126.0,16.1,194,14,3,1
2026-01-01 15:00:00+00:00,13.8,82.0,3.5,82.2,88.2,27.1,92.0,1449.0,16.0,192,15,3,1
2026-01-01 16:00:00+00:00,13.9,82.0,3.2,85.2,92.2,48.7,65.0,1967.0,17.4,190,16,3,1
2026-01-01 17:00:00+00:00,12.9,89.0,0.9,122.0,127.1,49.3,45.0,2697.0,18.9,189,17,3,1
2026-01-01 18:00:00+00:00,12.7,93.0,3.8,150.4,155.5,56.1,35.0,3936.0,22.6,188,18,3,1
2026-01-01 19:00:00+00:00,12.4,95.0,3.1,172.3,177.0,65.4,22.0,5388.0,27.7,188,19,3,1
2026-01-01 20:00:00+00:00,10.9,98.0,1.8,184.9,189.1,71.8,12.0,6180.0,31.1,189,20,3,1
2026-01-01 21:00:00+00:00,10.3,99.0,1.3,192.8,196.5,73.1,8.0,5782.0,31.4,190,21,3,1
2026-01-01 22:00:00+00:00,9.0,100.0,4.1,200.2,203.5,71.4,7.0,4724.0,29.9,192,22,3,1
2026-01-01 23:00:00+00:00,10.7,99.0,5.3,193.2,196.0,68.3,8.0,3729.0,27.9,195,23,3,1
2026-01-02 00:00:00+00:00,10.7,99.0,6.2,179.3,182.1,63.2,11.0,3003.0,25.3,197,0,4,1
2026-01-02 01:00:00+00:00,10.2,99.0,6.5,168.6,171.4,56.6,15.0,2339.0,22.1,199,1,4,1
2026-01-02 02:00:00+00:00,10.0,97.0,5.6,162.1,164.4,51.4,18.0,1846.0,19.7,202,2,4,1
2026-01-02 03:00:00+00:00,10.0,98.0,3.5,157.4,160.2,48.7,18.0,1596.0,18.7,205,3,4,1
2026-01-02 04:00:00+00:00,9.8,98.0,1.4,155.5,158.3,47.4,17.0,1515.0,18.5,207,4,4,1
2026-01-02 05:00:00+00:00,9.8,96.0,3.2,191.4,195.6,54.4,3.0,1491.0,18.7,211,5,4,1
2026-01-02 06:00:00+00:00,9.8,96.0,3.6,187.7,191.4,53.6,3.0,1531.0,19.2,214,6,4,1
2026-01-02 07:00:00+00:00,9.7,95.0,4.7,186.3,189.5,52.1,4.0,1627.0,19.9,217,7,4,1
2026-01-02 08:00:00+00:00,9.8,94.0,5.8,180.2,183.5,48.5,16.0,1641.0,20.6,220,8,4,1
2026-01-02 09:00:00+00:00,10.0,97.0,6.6,185.3,187.2,41.4,48.0,1486.0,21.3,222,9,4,1
2026-01-02 10:00:00+00:00,11.1,93.0,7.3,166.2,169.0,32.3,91.0,1248.0,21.9,225,10,4,1
2026-01-02 11:00:00+00:00,12.4,87.0,7.5,114.1,117.6,24.1,126.0,1048.0,22.3,227,11,4,1
2026-01-02 12:00:00+00:00,13.2,85.0,6.1,70.8,75.2,14.8,148.0,888.0,21.9,228,12,4,1
2026-01-02 13:00:00+00:00,14.4,80.0,6.3,58.9,63.3,6.4,161.0,764.0,21.2,227,13,4,1
2026-01-02 14:00:00+00:00,15.3,74.0,5.6,56.6,61.2,8.4,160.0,789.0,21.2,226,14,4,1
2026-01-02 15:00:00+00:00,15.8,71.0,3.7,55.2,60.1,29.0,135.0,1026.0,21.9,225,15,4,1
2026-01-02 16:00:00+00:00,15.8,71.0,4.0,59.8,64.3,60.0,95.0,1412.0,23.3,224,16,4,1
2026-01-02 17:00:00+00:00,14.4,82.0,4.1,96.4,102.2,72.5,55.0,1862.0,23.4,222,17,4,1
2026-01-02 18:00:00+00:00,13.2,85.0,4.0,124.8,130.9,81.7,42.0,2475.0,26.5,221,18,4,1
2026-01-02 19:00:00+00:00,12.4,87.0,4.2,149.0,154.6,94.3,24.0,3152.0,30.8,220,19,4,1
2026-01-02 20:00:00+00:00,11.8,89.0,4.5,149.0,154.1,102.6,10.0,3516.0,33.6,219,20,4,1
2026-01-02 21:00:00+00:00,11.2,92.0,5.5,149.9,155.1,103.8,5.0,3319.0,33.8,218,21,4,1
2026-01-02 22:00:00+00:00,10.8,93.0,5.2,156.0,161.6,100.7,4.0,2809.0,32.6,216,22,4,1
2026-01-02 23:00:00+00:00,10.0,98.0,5.1,158.3,163.4,94.1,6.0,2346.0,30.5,214,23,4,1
2026-01-03 00:00:00+00:00,10.0,97.0,5.2,151.8,156.5,82.4,12.0,2038.0,27.1,213,0,5,1
2026-01-03 01:00:00+00:00,9.7,98.0,4.3,144.8,149.5,67.2,21.0,1776.0,22.9,212,1,5,1
2026-01-03 02:00:00+00:00,9.2,99.0,5.0,141.6,146.2,54.5,28.0,1600.0,19.6,211,2,5,1
2026-01-03 03:00:00+00:00,8.6,100.0,5.2,141.6,145.8,45.6,31.0,1497.0,17.8,210,3,5,1
2026-01-03 04:00:00+00:00,8.6,100.0,4.9,142.5,146.2,39.1,31.0,1479.0,16.9,209,4,5,1
2026-01-03 05:00:00+00:00,8.5,100.0,4.5,152.7,157.4,34.1,32.0,1620.0,17.9,209,5,5,1
2026-01-03 06:00:00+00:00,8.3,100.0,4.0,158.3,163.0,40.6,22.0,2101.0,18.2,207,6,5,1
2026-01-03 07:00:00+00:00,8.1,100.0,3.6,172.3,177.0,49.2,11.0,2741.0,18.6,206,7,5,1
2026-01-03 08:00:00+00:00,9.2,99.0,4.5,187.7,190.9,52.9,15.0,3068.0,18.9,205,8,5,1
2026-01-03 09:00:00+00:00,10.4,96.0,3.8,189.5,191.4,47.3,49.0,2803.0,18.9,205,9,5,1
2026-01-03 10:00:00+00:00,12.4,89.0,2.6,163.9,165.8,36.8,100.0,2226.0,18.8,206,10,5,1
2026-01-03 11:00:00+00:00,13.7,83.0,2.8,119.7,120.6,27.1,139.0,1704.0,19.0,206,11,5,1
2026-01-03 12:00:00+00:00,15.3,77.0,3.4,80.3,81.0,17.1,160.0,1282.0,19.7,206,12,5,1
2026-01-03 13:00:00+00:00,16.3,71.0,4.0,56.6,57.6,8.0,171.0,916.0,20.7,206,13,5,1
2026-01-03 14:00:00+00:00,16.9,65.0,4.8,46.1,48.0,8.9,167.0,837.0,21.5,206,14,5,1
2026-01-03 15:00:00+00:00,17.0,63.0,5.0,41.6,44.1,27.3,139.0,1229.0,21.4,206,15,5,1
2026-01-03 16:00:00+00:00,16.5,65.0,3.8,45.1,47.6,55.7,97.0,1909.0,21.1,205,16,5,1
2026-01-03 17:00:00+00:00,14.5,78.0,1.8,86.1,90.6,73.5,56.0,2563.0,21.6,204,17,5,1
2026-01-03 18:00:00+00:00,13.2,82.0,2.5,111.3,115.5,85.5,40.0,3211.0,26.4,204,18,5,1
2026-01-03 19:00:00+00:00,12.0,86.0,4.6,135.0,139.2,101.9,17.0,3832.0,33.0,203,19,5,1
2026-01-03 20:00:00+00:00,11.1,90.0,4.7,160.7,165.3,113.0,1.0,4054.0,38.7,203,20,5,1
2026-01-03 21:00:00+00:00,10.5,92.0,3.7,185.3,190.0,114.0,0.0,3552.0,42.8,203,21,5,1
2026-01-03 22:00:00+00:00,9.8,95.0,3.7,203.5,208.2,109.7,0.0,2650.0,45.9,205,22,5,1
2026-01-03 23:00:00+00:00,9.4,100.0,3.6,205.4,210.5,105.2,0.0,1947.0,46.8,207,23,5,1
2026-01-04 00:00:00+00:00,9.6,99.0,2.2,195.1,199.8,102.5,0.0,1702.0,44.2,209,0,6,1
2026-01-04 01:00:00+00:00,9.2,100.0,2.2,188.1,193.2,99.7,0.0,1655.0,39.4,211,1,6,1
2026-01-04 02:00:00+00:00,8.9,100.0,1.5,183.5,189.1,96.0,0.0,1626.0,34.8,212,2,6,1
2026-01-04 03:00:00+00:00,8.7,100.0,1.1,178.3,183.5,90.4,1.0,1503.0,30.7,214,3,6,1
2026-01-04 04:00:00+00:00,8.4,100.0,1.0,170.9,176.5,83.9,2.0,1398.0,26.7,216,4,6,1
2026-01-04 05:00:00+00:00,8.6,100.0,3.8,162.1,167.2,75.0,4.0,1463.0,24.3,217,5,6,1
2026-01-04 06:00:00+00:00,9.0,99.0,3.9,152.7,157.9,71.8,4.0,1901.0,24.4,217,6,6,1
2026-01-04 07:00:00+00:00,9.0,100.0,3.0,155.5,160.7,66.8,7.0,2509.0,24.4,217,7,6,1
2026-01-04 08:00:00+00:00,9.3,99.0,2.3,168.1,173.2,59.7,20.0,2835.0,23.8,216,8,6,1
2026-01-04 09:00:00+00:00,10.0,98.0,2.5,162.5,165.8,48.8,55.0,2617.0,21.6,216,9,6,1
2026-01-04 10:00:00+00:00,11.1,98.0,2.9,146.7,150.4,35.8,101.0,2115.0,18.7,214,10,6,1
2026-01-04 11:00:00+00:00,12.5,90.0,3.2,126.7,130.4,24.8,136.0,1660.0,17.1,214,11,6,1
2026-01-04 12:00:00+00:00,14.6,79.0,4.5,106.9,110.6,14.7,154.0,1288.0,18.0,214,12,6,1
2026-01-04 13:00:00+00:00,15.7,71.0,4.6,85.2,90.1,6.6,162.0,962.0,20.2,215,13,6,1
2026-01-04 14:00:00+00:00,16.2,67.0,4.3,74.0,79.2,8.3,157.0,902.0,22.2,216,14,6,1
2026-01-04 15:00:00+00:00,16.4,65.0,4.5,71.0,76.1,26.5,132.0,1166.0,22.7,217,15,6,1
2026-01-04 16:00:00+00:00,16.1,66.0,3.8,77.8,82.0,54.4,95.0,1696.0,23.1,219,16,6,1
2026-01-04 17:00:00+00:00,14.2,78.0,1.0,125.7,131.3,87.8,60.0,2531.0,27.5,220,17,6,1
2026-01-04 18:00:00+00:00,13.2,81.0,0.0,152.7,157.9,92.2,49.0,3930.0,32.7,222,18,6,1
2026-01-04 19:00:00+00:00,11.8,87.0,2.6,178.3,183.9,98.3,35.0,5635.0,39.9,223,19,6,1
2026-01-04 20:00:00+00:00,10.6,91.0,3.3,208.2,213.7,103.3,22.0,6908.0,46.0,225,20,6,1
2026-01-04 21:00:00+00:00,9.8,94.0,3.0,235.6,241.2,106.5,13.0,7417.0,50.5,227,21,6,1
2026-01-04 22:00:00+00:00,9.1,96.0,2.8,260.8,267.3,108.5,7.0,7494.0,54.0,229,22,6,1
2026-01-04 23:00:00+00:00,9.2,100.0,4.1,274.7,280.3,108.4,2.0,7400.0,54.9,232,23,6,1
2026-01-05 00:00:00+00:00,9.6,100.0,3.1,271.0,276.6,105.3,0.0,7169.0,51.9,235,0,0,1
2026-01-05 01:00:00+00:00,9.3,99.0,2.6,266.4,271.9,100.0,0.0,6767.0,46.3,238,1,0,1
2026-01-05 02:00:00+00:00,9.2,99.0,1.8,265.4,271.9,94.4,0.0,6352.0,40.9,241,2,0,1
2026-01-05 03:00:00+00:00,9.3,98.0,1.4,264.5,271.0,88.7,1.0,5956.0,36.4,244,3,0,1
2026-01-05 04:00:00+00:00,9.3,100.0,2.2,250.5,257.0,82.6,2.0,5548.0,32.0,248,4,0,1
2026-01-05 05:00:00+00:00,8.5,100.0,3.7,234.2,241.2,94.3,1.0,5190.0,32.7,251,5,0,1
2026-01-05 06:00:00+00:00,8.7,99.0,4.0,236.1,242.1,89.9,0.0,4971.0,28.4,254,6,0,1
2026-01-05 07:00:00+00:00,8.3,99.0,3.1,249.6,256.1,83.4,0.0,4804.0,22.5,258,7,0,1
2026-01-05 08:00:00+00:00,8.8,98.0,1.8,266.4,271.0,74.7,6.0,4486.0,18.4,262,8,0,1
2026-01-05 09:00:00+00:00,10.0,95.0,2.6,238.0,241.2,62.9,50.0,3882.0,17.7,266,9,0,1
2026-01-05 10:00:00+00:00,11.1,98.0,3.6,221.7,225.4,49.0,109.0,3127.0,18.7,269,10,0,1
2026-01-05 11:00:00+00:00,12.9,90.0,4.0,171.4,177.0,36.3,155.0,2434.0,20.1,272,11,0,1
2026-01-05 12:00:00+00:00,14.9,81.0,6.1,124.8,130.9,23.6,177.0,1783.0,21.8,274,12,0,1
2026-01-05 13:00:00+00:00,16.1,72.0,7.1,93.8,99.2,12.1,184.0,1193.0,23.8,275,13,0,1
2026-01-05 14:00:00+00:00,16.6,68.0,6.7,79.6,84.1,8.9,179.0,930.0,25.2,275,14,0,1
2026-01-05 15:00:00+00:00,16.6,65.0,6.5,72.2,76.1,20.0,156.0,1235.0,25.1,275,15,0,1
2026-01-05 16:00:00+00:00,16.3,66.0,4.3,74.7,78.0,39.4,120.0,1868.0,24.2,275,16,0,1
2026-01-05 17:00:00+00:00,14.3,77.0,2.7,141.1,146.7,86.3,76.0,2368.0,29.0,275,17,0,1
2026-01-05 18:00:00+00:00,13.0,81.0,2.7,138.8,143.9,84.3,68.0,2579.0,28.7,276,18,0,1
2026-01-05 19:00:00+00:00,12.3,85.0,2.9,149.0,154.6,81.3,57.0,2658.0,28.3,275,19,0,1
2026-01-05 20:00:00+00:00,11.6,88.0,3.1,158.3,163.9,77.2,49.0,2617.0,27.8,274,20,0,1
2026-01-05 21:00:00+00:00,11.0,89.0,2.2,164.8,170.9,72.0,47.0,2410.0,27.6,272,21,0,1
2026-01-05 22:00:00+00:00,10.4,91.0,2.7,173.7,179.7,65.7,47.0,2083.0,27.3,269,22,0,1
2026-01-05 23:00:00+00:00,9.8,93.0,4.8,177.4,183.9,58.3,49.0,1791.0,26.4,265,23,0,1
2026-01-06 00:00:00+00:00,9.6,93.0,3.1,175.6,182.1,48.6,52.0,1581.0,24.2,261,0,1,1
2026-01-06 01:00:00+00:00,9.3,93.0,3.3,171.8,177.9,37.7,57.0,1405.0,21.4,257,1,1,1
2026-01-06 02:00:00+00:00,8.8,94.0,3.4,167.2,173.2,29.2,60.0,1282.0,19.0,253,2,1,1
2026-01-06 03:00:00+00:00,7.9,98.0,3.6,165.3,170.4,23.5,61.0,1167.0,17.4,249,3,1,1
2026-01-06 04:00:00+00:00,7.4,100.0,2.7,161.6,166.7,20.1,60.0,1104.0,16.3,245,4,1,1
2026-01-06 05:00:00+00:00,7.8,100.0,4.0,225.8,231.0,41.9,26.0,1238.0,10.2,241,5,1,1
2026-01-06 06:00:00+00:00,7.9,100.0,0.8,222.1,226.3,42.8,19.0,1753.0,10.4,241,6,1,1
2026-01-06 07:00:00+00:00,7.7,99.0,1.7,218.9,222.1,44.0,11.0,2466.0,10.6,241,7,1,1
2026-01-06 08:00:00+00:00,8.3,98.0,1.0,215.1,217.5,45.0,15.0,2972.0,10.7,239,8,1,1
2026-01-06 09:00:00+00:00,9.4,98.0,2.3,215.6,218.4,46.8,40.0,3125.0,10.0,237,9,1,1
2026-01-06 10:00:00+00:00,10.9,97.0,1.5,216.1,218.9,48.5,76.0,3072.0,9.2,236,10,1,1
2026-01-06 11:00:00+00:00,12.7,87.0,3.3,207.2,210.5,46.3,112.0,2843.0,10.1,236,11,1,1
2026-01-06 12:00:00+00:00,14.4,81.0,4.5,174.2,177.9,34.3,150.0,2294.0,14.4,237,12,1,1
2026-01-06 13:00:00+00:00,15.5,75.0,3.7,137.4,141.6,18.5,187.0,1569.0,20.5,239,13,1,1
2026-01-06 14:00:00+00:00,16.1,71.0,2.9,101.3,106.4,13.4,201.0,1139.0,25.2,241,14,1,1
2026-01-06 15:00:00+00:00,16.2,69.0,3.1,87.8,92.9,28.6,176.0,1219.0,26.9,242,15,1,1
2026-01-06 16:00:00+00:00,15.9,71.0,2.8,90.3,94.3,54.5,128.0,1593.0,27.2,243,16,1,1
2026-01-06 17:00:00+00:00,13.8,80.0,4.1,119.0,124.3,76.2,80.0,2083.0,26.9,244,17,1,1
2026-01-06 18:00:00+00:00,12.7,81.0,3.8,148.1,153.7,86.6,62.0,2735.0,30.5,243,18,1,1
2026-01-06 19:00:00+00:00,12.0,82.0,3.4,171.4,177.0,100.7,37.0,3504.0,35.3,243,19,1,1
2026-01-06 20:00:00+00:00,11.4,84.0,3.1,186.3,191.9,109.7,18.0,4073.0,38.4,244,20,1,1
2026-01-06 21:00:00+00:00,10.6,87.0,2.7,194.2,199.8,109.3,12.0,4342.0,38.4,245,21,1,1
2026-01-06 22:00:00+00:00,9.8,89.0,2.3,196.5,202.1,103.7,11.0,4412.0,36.6,246,22,1,1
2026-01-06 23:00:00+00:00,9.7,95.0,1.0,196.0,202.1,97.2,12.0,4264.0,34.1,247,23,1,1
2026-01-07 00:00:00+00:00,8.9,99.0,2.6,189.5,195.6,90.8,12.0,3751.0,30.8,248,0,2,1
2026-01-07 01:00:00+00:00,8.5,100.0,1.6,183.0,189.1,83.4,13.0,3021.0,26.8,249,1,2,1
2026-01-07 02:00:00+00:00,8.0,100.0,2.5,178.3,184.4,75.7,14.0,2501.0,23.6,249,2,2,1
2026-01-07 03:00:00+00:00,7.8,100.0,2.6,176.0,182.1,66.4,16.0,2345.0,21.6,250,3,2,1
2026-01-07 04:00:00+00:00,7.3,99.0,3.1,175.6,181.6,56.7,17.0,2399.0,20.3,250,4,2,1
2026-01-07 05:00:00+00:00,7.3,100.0,4.2,202.1,204.9,69.4,14.0,2628.0,10.4,251,5,2,1
2026-01-07 06:00:00+00:00,7.1,100.0,3.2,197.4,199.8,66.9,11.0,3181.0,10.4,250,6,2,1
2026-01-07 07:00:00+00:00,7.2,99.0,3.1,196.0,199.3,63.4,9.0,3910.0,10.4,249,7,2,1
2026-01-07 08:00:00+00:00,7.5,98.0,3.2,201.6,205.4,59.9,16.0,4331.0,10.4,248,8,2,1
2026-01-07 09:00:00+00:00,8.3,95.0,2.6,203.0,207.2,57.5,38.0,4201.0,9.7,247,9,2,1
2026-01-07 10:00:00+00:00,9.4,99.0,1.8,200.2,204.9,55.0,71.0,3764.0,9.0,247,10,2,1
2026-01-07 11:00:00+00:00,10.1,96.0,0.2,204.0,208.2,50.2,107.0,3271.0,10.0,246,11,2,1
2026-01-07 12:00:00+00:00,12.5,86.0,0.6,194.2,198.8,38.0,156.0,2695.0,14.1,246,12,2,1
2026-01-07 13:00:00+00:00,14.1,78.0,1.5,166.2,171.8,23.5,210.0,2064.0,19.8,247,13,2,1
2026-01-07 14:00:00+00:00,15.1,72.0,2.6,139.2,144.8,19.4,235.0,1709.0,24.5,248,14,2,1
2026-01-07 15:00:00+00:00,15.4,70.0,3.3,112.2,117.8,33.7,210.0,1778.0,26.5,249,15,2,1
2026-01-07 16:00:00+00:00,15.2,71.0,3.3,105.2,109.7,58.3,157.0,2124.0,27.4,250,16,2,1
2026-01-07 17:00:00+00:00,12.8,82.0,1.2,169.5,177.4,96.2,97.0,2637.0,36.4,251,17,2,1
2026-01-07 18:00:00+00:00,11.2,87.0,1.9,202.1,210.5,111.7,74.0,3382.0,42.2,253,18,2,1
2026-01-07 19:00:00+00:00,10.2,90.0,2.6,236.1,244.0,133.0,41.0,4293.0,50.4,255,19,2,1
2026-01-07 20:00:00+00:00,9.5,91.0,3.0,265.4,272.9,149.1,16.0,5065.0,57.7,258,20,2,1
2026-01-07 21:00:00+00:00,8.9,93.0,2.1,288.7,297.1,155.3,5.0,5699.0,63.9,261,21,2,1
2026-01-07 22:00:00+00:00,8.7,94.0,0.7,310.1,317.6,156.2,2.0,6194.0,69.3,265,22,2,1
2026-01-07 23:00:00+00:00,7.6,100.0,3.4,326.0,334.3,155.0,0.0,6237.0,71.6,270,23,2,1
2026-01-08 00:00:00+00:00,7.7,100.0,4.5,330.6,339.9,152.3,0.0,5489.0,69.6,275,0,3,1
2026-01-08 01:00:00+00:00,7.5,100.0,4.1,329.7,339.0,147.3,0.0,4288.0,64.6,281,1,3,1
2026-01-08 02:00:00+00:00,7.5,100.0,2.2,341.8,350.2,141.1,0.0,3339.0,58.0,287,2,3,1
2026-01-08 03:00:00+00:00,7.4,99.0,0.7,333.4,339.9,133.8,0.0,2933.0,49.1,294,3,3,1
2026-01-08 04:00:00+00:00,6.9,100.0,1.4,290.6,298.0,125.3,0.0,2778.0,38.7,301,4,3,1
2026-01-08 05:00:00+00:00,6.9,96.0,1.3,221.2,224.4,64.1,14.0,2708.0,13.1,306,5,3,1
2026-01-08 06:00:00+00:00,7.0,98.0,1.6,208.2,210.9,62.2,13.0,2728.0,14.0,306,6,3,1
2026-01-08 07:00:00+00:00,6.8,99.0,2.6,205.4,209.5,59.4,13.0,2832.0,15.3,307,7,3,1
2026-01-08 08:00:00+00:00,7.0,98.0,3.8,204.9,209.1,55.6,21.0,2837.0,17.0,307,8,3,1
2026-01-08 09:00:00+00:00,7.9,97.0,3.8,201.2,205.8,50.7,43.0,2640.0,19.0,307,9,3,1
2026-01-08 10:00:00+00:00,9.1,97.0,4.0,185.8,190.9,44.7,73.0,2345.0,21.4,307,10,3,1
2026-01-08 11:00:00+00:00,9.7,90.0,4.2,176.5,181.1,38.4,104.0,2075.0,23.9,307,11,3,1
2026-01-08 12:00:00+00:00,11.2,84.0,2.8,150.4,155.5,28.1,141.0,1780.0,26.7,306,12,3,1
2026-01-08 13:00:00+00:00,12.8,77.0,2.3,132.2,137.4,17.5,179.0,1511.0,29.8,304,13,3,1
2026-01-08 14:00:00+00:00,13.5,75.0,2.2,118.5,123.9,17.3,197.0,1546.0,32.6,302,14,3,1
2026-01-08 15:00:00+00:00,13.7,73.0,1.6,110.1,115.5,35.0,183.0,1977.0,34.4,301,15,3,1
2026-01-08 16:00:00+00:00,13.6,73.0,1.6,111.5,116.4,63.1,149.0,2713.0,36.1,301,16,3,1
2026-01-08 17:00:00+00:00,10.9,84.0,1.4,131.3,137.8,80.3,74.0,3758.0,30.1,302,17,3,1
2026-01-08 18:00:00+00:00,9.8,86.0,0.2,166.2,172.8,87.8,60.0,5561.0,36.3,300,18,3,1
2026-01-08 19:00:00+00:00,8.7,91.0,2.1,200.2,207.2,98.2,40.0,7673.0,44.9,298,19,3,1
2026-01-08 20:00:00+00:00,7.6,94.0,3.5,230.5,237.5,106.5,23.0,8756.0,50.8,297,20,3,1
2026-01-08 21:00:00+00:00,6.7,96.0,3.3,253.3,259.8,111.2,12.0,7947.0,52.1,296,21,3,1
2026-01-08 22:00:00+00:00,6.0,99.0,3.8,266.4,272.9,113.9,5.0,6109.0,50.9,294,22,3,1
2026-01-08 23:00:00+00:00,6.6,100.0,3.1,250.5,257.0,114.2,0.0,4495.0,48.3,292,23,3,1
2026-01-09 00:00:00+00:00,6.9,100.0,2.8,225.8,232.4,111.6,0.0,3518.0,44.0,289,0,4,1
2026-01-09 01:00:00+00:00,6.9,99.0,2.8,212.8,219.8,106.8,0.0,2765.0,38.4,285,1,4,1
2026-01-09 02:00:00+00:00,7.3,100.0,4.2,208.6,215.6,101.2,0.0,2254.0,33.4,280,2,4,1
2026-01-09 03:00:00+00:00,7.7,99.0,4.0,203.5,210.5,95.6,1.0,2066.0,29.9,274,3,4,1
2026-01-09 04:00:00+00:00,7.6,99.0,3.1,199.8,206.8,89.3,2.0,2120.0,27.1,269,4,4,1
2026-01-09 05:00:00+00:00,5.8,100.0,3.1,203.0,208.2,45.3,19.0,2192.0,6.8,265,5,4,1
2026-01-09 06:00:00+00:00,5.7,97.0,2.4,199.8,203.0,44.2,12.0,2240.0,7.0,264,6,4,1
2026-01-09 07:00:00+00:00,5.8,98.0,2.9,200.7,203.0,42.7,4.0,2307.0,7.2,264,7,4,1
2026-01-09 08:00:00+00:00,6.1,99.0,3.5,200.7,202.1,41.3,6.0,2295.0,7.8,264,8,4,1
2026-01-09 09:00:00+00:00,6.9,98.0,3.3,169.0,170.0,41.0,24.0,2132.0,8.5,264,9,4,1
2026-01-09 10:00:00+00:00,8.0,96.0,3.5,137.8,139.7,40.9,53.0,1890.0,9.5,262,10,4,1
2026-01-09 11:00:00+00:00,8.4,92.0,3.3,138.8,143.0,38.2,84.0,1692.0,11.6,260,11,4,1
2026-01-09 12:00:00+00:00,9.6,86.0,2.4,116.9,122.0,28.4,122.0,1550.0,15.9,259,12,4,1
2026-01-09 13:00:00+00:00,11.3,77.0,0.8,99.7,105.0,16.1,163.0,1450.0,21.3,257,13,4,1
2026-01-09 14:00:00+00:00,12.1,74.0,1.5,86.4,91.5,12.5,183.0,1477.0,25.4,256,14,4,1
2026-01-09 15:00:00+00:00,12.5,74.0,2.2,79.6,84.5,24.9,168.0,1715.0,26.5,255,15,4,1
2026-01-09 16:00:00+00:00,12.3,74.0,2.4,80.1,84.8,46.0,132.0,2079.0,26.4,253,16,4,1
2026-01-09 17:00:00+00:00,11.3,80.0,1.1,103.4,108.3,55.5,97.0,2394.0,24.3,252,17,4,1
2026-01-09 18:00:00+00:00,9.8,84.0,3.4,123.4,128.1,64.6,81.0,2630.0,26.4,251,18,4,1
2026-01-09 19:00:00+00:00,8.9,86.0,4.7,133.6,137.4,77.0,58.0,2817.0,29.5,249,19,4,1
2026-01-09 20:00:00+00:00,8.2,86.0,5.2,140.6,144.4,85.3,41.0,2875.0,32.1,246,20,4,1
2026-01-09 21:00:00+00:00,7.6,87.0,5.3,148.1,151.8,85.5,34.0,2709.0,34.2,243,21,4,1
2026-01-09 22:00:00+00:00,7.1,89.0,5.3,160.7,163.9,81.6,32.0,2413.0,35.9,238,22,4,1
2026-01-09 23:00:00+00:00,6.5,95.0,5.4,173.7,177.0,77.9,30.0,2186.0,36.5,234,23,4,1
2026-01-10 00:00:00+00:00,6.4,95.0,5.0,181.1,184.4,77.1,24.0,2129.0,35.4,231,0,5,1
2026-01-10 01:00:00+00:00,5.9,96.0,4.6,185.8,189.1,76.5,18.0,2140.0,33.1,229,1,5,1
2026-01-10 02:00:00+00:00,5.4,97.0,4.4,189.5,192.8,73.1,16.0,2116.0,30.6,228,2,5,1
2026-01-10 03:00:00+00:00,4.9,98.0,4.1,192.3,195.6,62.6,23.0,1922.0,27.7,227,3,5,1
2026-01-10 04:00:00+00:00,4.5,100.0,5.2,188.6,191.4,49.1,34.0,1692.0,24.5,226,4,5,1
2026-01-10 05:00:00+00:00,4.6,99.0,5.1,164.8,167.6,44.0,48.0,1725.0,26.5,226,5,5,1
2026-01-10 06:00:00+00:00,4.2,99.0,5.2,154.6,157.4,48.6,39.0,2340.0,24.9,224,6,5,1
2026-01-10 07:00:00+00:00,4.1,98.0,4.2,166.7,169.5,54.6,29.0,3219.0,22.6,222,7,5,1
2026-01-10 08:00:00+00:00,4.6,95.0,3.9,185.8,188.1,56.0,35.0,3705.0,20.6,221,8,5,1
2026-01-10 09:00:00+00:00,5.0,95.0,1.7,185.8,187.7,48.9,72.0,3428.0,18.9,220,9,5,1
2026-01-10 10:00:00+00:00,6.6,97.0,2.2,177.9,179.3,37.1,126.0,2758.0,17.5,221,10,5,1
2026-01-10 11:00:00+00:00,7.8,90.0,5.7,148.5,150.4,26.8,168.0,2149.0,17.2,223,11,5,1
2026-01-10 12:00:00+00:00,10.3,82.0,4.2,111.3,113.2,16.8,190.0,1700.0,18.7,223,12,5,1
2026-01-10 13:00:00+00:00,11.7,76.0,4.4,91.7,94.1,8.3,199.0,1313.0,21.2,223,13,5,1
2026-01-10 14:00:00+00:00,12.5,71.0,3.8,82.2,84.8,9.9,194.0,1146.0,23.5,223,14,5,1
2026-01-10 15:00:00+00:00,12.8,69.0,4.0,76.6,79.4,29.6,166.0,1323.0,24.9,222,15,5,1
2026-01-10 16:00:00+00:00,12.5,70.0,4.7,80.1,82.4,59.6,123.0,1721.0,26.1,222,16,5,1
2026-01-10 17:00:00+00:00,10.1,84.0,3.5,107.3,109.9,71.8,84.0,2129.0,23.0,222,17,5,1
2026-01-10 18:00:00+00:00,8.9,86.0,4.0,129.5,131.8,80.5,67.0,2536.0,24.1,222,18,5,1
2026-01-10 19:00:00+00:00,8.3,87.0,4.8,141.6,143.9,92.3,44.0,2953.0,25.7,223,19,5,1
2026-01-10 20:00:00+00:00,7.7,88.0,5.5,152.3,154.6,99.9,27.0,3204.0,27.0,223,20,5,1
2026-01-10 21:00:00+00:00,7.1,90.0,5.5,161.6,163.9,101.1,20.0,3200.0,28.1,224,21,5,1
2026-01-10 22:00:00+00:00,6.6,92.0,5.7,169.5,171.8,98.2,18.0,3031.0,28.9,224,22,5,1
2026-01-10 23:00:00+00:00,6.1,96.0,5.2,179.3,181.6,90.6,21.0,2787.0,28.4,224,23,5,1
2026-01-11 00:00:00+00:00,5.5,96.0,5.4,182.1,183.5,75.1,31.0,2428.0,25.5,225,0,6,1
2026-01-11 01:00:00+00:00,5.6,95.0,6.1,169.0,170.9,54.9,45.0,1994.0,21.4,225,1,6,1
2026-01-11 02:00:00+00:00,4.7,96.0,6.2,155.5,156.9,38.9,56.0,1701.0,18.2,224,2,6,1
2026-01-11 03:00:00+00:00,4.1,97.0,5.9,147.1,148.5,29.3,60.0,1617.0,16.4,223,3,6,1
2026-01-11 04:00:00+00:00,3.8,97.0,3.8,144.4,145.8,24.0,60.0,1674.0,15.6,221,4,6,1
2026-01-11 05:00:00+00:00,3.7,100.0,4.4,163.4,165.3,34.7,51.0,1878.0,19.2,219,5,6,1
2026-01-11 06:00:00+00:00,3.5,100.0,1.3,173.2,174.6,47.9,37.0,2381.0,23.1,219,6,6,1
2026-01-11 07:00:00+00:00,3.4,99.0,2.4,198.8,200.2,65.4,19.0,3032.0,28.3,220,7,6,1
2026-01-11 08:00:00+00:00,4.3,95.0,4.5,214.7,216.5,73.1,20.0,3382.0,31.0,221,8,6,1
2026-01-11 09:00:00+00:00,5.4,97.0,4.9,171.4,172.3,61.6,55.0,3166.0,28.6,222,9,6,1
2026-01-11 10:00:00+00:00,7.3,95.0,2.2,145.8,146.7,40.3,109.0,2649.0,23.6,222,10,6,1
2026-01-11 11:00:00+00:00,9.1,84.0,4.0,117.8,119.0,23.3,154.0,2186.0,20.2,220,11,6,1
2026-01-11 12:00:00+00:00,10.8,78.0,4.5,100.8,102.2,14.2,183.0,1851.0,20.2,219,12,6,1
2026-01-11 13:00:00+00:00,12.0,74.0,4.7,93.1,94.5,9.3,203.0,1569.0,21.7,218,13,6,1
2026-01-11 14:00:00+00:00,12.7,72.0,6.3,87.8,88.9,11.8,206.0,1465.0,23.0,219,14,6,1
2026-01-11 15:00:00+00:00,13.0,71.0,5.5,84.1,85.4,26.3,182.0,1657.0,23.3,219,15,6,1
2026-01-11 16:00:00+00:00,12.6,74.0,5.4,88.2,89.2,48.3,141.0,2026.0,23.3,219,16,6,1
2026-01-11 17:00:00+00:00,10.7,83.0,3.9,104.8,105.7,67.2,104.0,2344.0,23.6,219,17,6,1
2026-01-11 18:00:00+00:00,9.4,85.0,4.7,122.9,123.9,81.0,78.0,2548.0,24.6,219,18,6,1
2026-01-11 19:00:00+00:00,8.9,86.0,3.6,134.6,135.5,91.7,56.0,2699.0,25.8,219,19,6,1
2026-01-11 20:00:00+00:00,8.1,88.0,3.8,141.6,143.0,94.7,43.0,2755.0,26.5,219,20,6,1
2026-01-11 21:00:00+00:00,7.5,90.0,3.6,146.2,147.1,85.4,44.0,2661.0,26.1,218,21,6,1
2026-01-11 22:00:00+00:00,6.7,93.0,3.6,149.9,150.9,68.5,53.0,2471.0,25.1,218,22,6,1
2026-01-11 23:00:00+00:00,6.2,92.0,6.0,151.3,152.3,53.3,61.0,2305.0,24.0,217,23,6,1
2026-01-12 00:00:00+00:00,5.5,93.0,4.9,147.6,148.5,42.5,64.0,2195.0,22.7,216,0,0,1
2026-01-12 01:00:00+00:00,5.1,94.0,5.4,144.8,145.8,33.3,66.0,2109.0,21.2,214,1,0,1
2026-01-12 02:00:00+00:00,4.9,94.0,4.3,142.5,143.4,26.9,66.0,2068.0,20.1,213,2,0,1
2026-01-12 03:00:00+00:00,4.9,94.0,3.7,140.2,141.1,23.3,63.0,1984.0,19.5,213,3,0,1
2026-01-12 04:00:00+00:00,4.9,94.0,3.2,139.7,140.6,22.4,59.0,1945.0,19.2,212,4,0,1
2026-01-12 05:00:00+00:00,4.6,97.0,1.9,144.4,145.3,19.8,71.0,2231.0,19.9,212,5,0,1
2026-01-12 06:00:00+00:00,4.1,100.0,2.3,153.2,154.6,35.5,52.0,3252.0,22.9,211,6,0,1
2026-01-12 07:00:00+00:00,3.7,100.0,3.2,172.3,173.7,56.6,28.0,4599.0,26.9,211,7,0,1
2026-01-12 08:00:00+00:00,4.6,99.0,4.0,193.7,195.1,68.3,22.0,5328.0,29.0,209,8,0,1
2026-01-12 09:00:00+00:00,6.1,98.0,1.8,178.3,179.3,61.9,48.0,4871.0,27.1,209,9,0,1
2026-01-12 10:00:00+00:00,8.5,90.0,1.2,161.1,162.5,46.0,92.0,3795.0,23.3,209,10,0,1
2026-01-12 11:00:00+00:00,9.7,82.0,2.2,142.0,143.4,32.2,131.0,2860.0,20.8,210,11,0,1
2026-01-12 12:00:00+00:00,11.4,77.0,1.9,120.6,122.0,20.9,162.0,2208.0,21.0,211,12,0,1
2026-01-12 13:00:00+00:00,12.8,72.0,2.2,104.5,105.7,11.6,188.0,1697.0,22.5,211,13,0,1
2026-01-12 14:00:00+00:00,13.7,68.0,1.4,95.2,96.4,14.3,194.0,1656.0,24.2,212,14,0,1
2026-01-12 15:00:00+00:00,14.0,67.0,0.4,92.4,93.4,38.1,167.0,2287.0,25.5,212,15,0,1
2026-01-12 16:00:00+00:00,13.7,69.0,1.7,101.0,102.0,73.8,121.0,3388.0,26.9,213,16,0,1
2026-01-12 17:00:00+00:00,11.4,79.0,3.9,135.0,136.0,78.2,98.0,4683.0,26.8,213,17,0,1
2026-01-12 18:00:00+00:00,9.8,84.0,4.2,166.2,167.6,98.1,69.0,6307.0,32.2,214,18,0,1
2026-01-12 19:00:00+00:00,8.6,88.0,4.3,199.3,200.7,125.2,29.0,8126.0,39.7,216,19,0,1
2026-01-12 20:00:00+00:00,7.9,91.0,3.8,227.7,229.1,142.7,0.0,9460.0,45.7,219,20,0,1
2026-01-12 21:00:00+00:00,7.2,94.0,2.3,238.0,240.3,141.4,0.0,10034.0,48.9,222,21,0,1
2026-01-12 22:00:00+00:00,6.7,96.0,1.0,243.1,245.9,130.5,0.0,10125.0,50.6,226,22,0,1
2026-01-12 23:00:00+00:00,6.5,97.0,2.2,246.8,251.5,120.3,0.0,9881.0,50.9,230,23,0,1
2026-01-13 00:00:00+00:00,6.1,98.0,1.5,241.2,246.8,114.4,0.0,9184.0,49.3,234,0,1,1
2026-01-13 01:00:00+00:00,5.5,100.0,2.2,234.7,239.3,109.2,0.0,8152.0,46.3,238,1,1,1
2026-01-13 02:00:00+00:00,5.0,100.0,2.9,229.1,233.8,104.0,1.0,7294.0,43.5,242,2,1,1
2026-01-13 03:00:00+00:00,4.7,100.0,2.7,224.4,228.6,98.3,2.0,6826.0,41.2,245,3,1,1
2026-01-13 04:00:00+00:00,4.7,99.0,1.8,221.2,224.9,92.8,3.0,6533.0,39.1,249,4,1,1
2026-01-13 05:00:00+00:00,4.3,99.0,1.1,218.4,219.8,84.5,0.0,6269.0,30.1,252,5,1,1
2026-01-13 06:00:00+00:00,3.9,99.0,1.3,226.3,228.2,81.7,0.0,6027.0,29.8,255,6,1,1
2026-01-13 07:00:00+00:00,4.2,99.0,1.1,253.3,257.0,77.5,0.0,5816.0,29.5,258,7,1,1
2026-01-13 08:00:00+00:00,4.7,97.0,0.6,307.3,308.3,71.2,4.0,5518.0,29.5,262,8,1,1
2026-01-13 09:00:00+00:00,5.7,97.0,1.5,315.7,316.6,61.8,46.0,5080.0,30.1,266,9,1,1
2026-01-13 10:00:00+00:00,6.9,98.0,2.1,244.9,245.9,50.3,105.0,4556.0,31.0,272,10,1,1
2026-01-13 11:00:00+00:00,8.2,93.0,1.9,160.2,161.6,39.6,153.0,3983.0,31.9,276,11,1,1
2026-01-13 12:00:00+00:00,10.9,84.0,1.4,131.3,132.7,27.6,185.0,3227.0,33.0,276,12,1,1
2026-01-13 13:00:00+00:00,12.5,77.0,2.7,117.8,118.7,16.3,207.0,2424.0,34.2,277,13,1,1
2026-01-13 14:00:00+00:00,13.5,72.0,3.4,109.4,110.4,14.8,210.0,2016.0,34.5,277,14,1,1
2026-01-13 15:00:00+00:00,13.8,71.0,3.5,103.6,104.3,30.2,184.0,2179.0,32.8,278,15,1,1
2026-01-13 16:00:00+00:00,13.5,73.0,3.5,106.4,106.9,55.4,138.0,2738.0,30.4,278,16,1,1
2026-01-13 17:00:00+00:00,11.5,81.0,0.4,163.9,165.3,77.7,103.0,3612.0,32.8,279,17,1,1
2026-01-13 18:00:00+00:00,10.3,84.0,0.4,189.5,190.9,91.9,80.0,5184.0,37.9,280,18,1,1
2026-01-13 19:00:00+00:00,9.7,87.0,0.4,221.7,222.6,111.4,48.0,7071.0,45.0,281,19,1,1
2026-01-13 20:00:00+00:00,9.1,90.0,0.9,255.2,257.0,125.9,22.0,8047.0,50.4,282,20,1,1
2026-01-13 21:00:00+00:00,8.4,92.0,1.9,283.1,284.1,132.6,8.0,7325.0,53.4,283,21,1,1
2026-01-13 22:00:00+00:00,7.8,94.0,3.4,300.8,301.7,134.3,0.0,5691.0,54.8,285,22,1,1
2026-01-13 23:00:00+00:00,7.3,95.0,4.6,297.1,299.0,128.8,0.0,4276.0,53.4,287,23,1,1
2026-01-14 00:00:00+00:00,7.0,96.0,5.1,266.4,268.2,111.9,10.0,3459.0,47.2,289,0,2,1
2026-01-14 01:00:00+00:00,6.8,97.0,4.3,238.4,239.3,87.9,28.0,2861.0,38.1,290,1,2,1
2026-01-14 02:00:00+00:00,6.4,97.0,2.9,223.5,224.4,66.9,42.0,2479.0,31.2,291,2,2,1
2026-01-14 03:00:00+00:00,5.8,100.0,1.5,216.5,217.5,50.8,50.0,2329.0,28.2,290,3,2,1
2026-01-14 04:00:00+00:00,5.4,100.0,1.4,213.3,214.2,37.7,55.0,2396.0,27.2,290,4,2,1
2026-01-14 05:00:00+00:00,5.0,100.0,1.7,231.9,232.8,49.1,47.0,2624.0,22.9,290,5,2,1
2026-01-14 06:00:00+00:00,4.8,98.0,0.8,232.8,233.8,60.6,34.0,3143.0,26.1,290,6,2,1
2026-01-14 07:00:00+00:00,4.9,96.0,0.3,249.6,250.5,75.7,18.0,3824.0,30.4,290,7,2,1
2026-01-14 08:00:00+00:00,4.8,96.0,0.2,265.4,266.4,82.0,24.0,4228.0,33.1,290,8,2,1
2026-01-14 09:00:00+00:00,5.7,99.0,1.6,250.5,251.5,71.3,70.0,4134.0,32.4,289,9,2,1
2026-01-14 10:00:00+00:00,7.5,95.0,1.8,230.5,231.0,51.7,137.0,3763.0,29.9,286,10,2,1
2026-01-14 11:00:00+00:00,7.9,93.0,1.0,205.8,206.3,35.0,192.0,3339.0,28.2,285,11,2,1
2026-01-14 12:00:00+00:00,10.8,85.0,1.5,173.2,173.7,22.4,225.0,2797.0,28.2,287,12,2,1
2026-01-14 13:00:00+00:00,12.5,78.0,1.6,146.2,146.7,12.6,245.0,2203.0,28.8,289,13,2,1
2026-01-14 14:00:00+00:00,13.6,74.0,1.8,129.5,129.9,13.5,245.0,1979.0,29.4,290,14,2,1
2026-01-14 15:00:00+00:00,14.1,72.0,2.1,118.0,118.3,32.6,213.0,2373.0,29.5,291,15,2,1
2026-01-14 16:00:00+00:00,13.8,73.0,2.5,117.8,118.3,62.3,160.0,3138.0,29.6,292,16,2,1
2026-01-14 17:00:00+00:00,12.0,77.0,1.7,184.4,185.3,100.9,100.0,3955.0,32.7,292,17,2,1
2026-01-14 18:00:00+00:00,10.8,78.0,1.5,205.8,206.8,108.8,76.0,4896.0,34.0,293,18,2,1
2026-01-14 19:00:00+00:00,9.5,83.0,2.7,217.5,218.9,119.6,44.0,5890.0,35.9,294,19,2,1
2026-01-14 20:00:00+00:00,8.0,90.0,3.8,224.4,225.8,126.7,18.0,6402.0,37.9,293,20,2,1
2026-01-14 21:00:00+00:00,7.1,94.0,4.0,239.3,240.3,127.3,7.0,6060.0,40.7,292,21,2,1
2026-01-14 22:00:00+00:00,6.5,96.0,3.4,258.0,258.9,124.3,2.0,5237.0,43.7,290,22,2,1
2026-01-14 23:00:00+00:00,6.3,100.0,3.9,264.5,265.4,119.5,0.0,4517.0,44.5,288,23,2,1
2026-01-15 00:00:00+00:00,5.9,100.0,3.9,251.5,252.4,112.8,0.0,4093.0,41.0,287,0,3,1
2026-01-15 01:00:00+00:00,5.5,100.0,2.7,241.2,242.1,104.3,0.0,3773.0,35.3,287,1,3,1
2026-01-15 02:00:00+00:00,5.1,99.0,2.0,234.2,235.6,96.6,1.0,3564.0,30.9,287,2,3,1
2026-01-15 03:00:00+00:00,4.9,98.0,1.3,229.6,230.5,90.7,2.0,3450.0,29.8,287,3,3,1
2026-01-15 04:00:00+00:00,4.8,98.0,0.9,228.2,229.1,85.6,4.0,3446.0,30.0,288,4,3,1
2026-01-15 05:00:00+00:00,4.8,98.0,1.6,255.2,256.1,52.9,20.0,3607.0,7.5,288,5,3,1
2026-01-15 06:00:00+00:00,5.1,99.0,0.6,256.1,257.0,53.4,12.0,4049.0,8.1,289,6,3,1
2026-01-15 07:00:00+00:00,5.2,96.0,1.0,261.7,262.6,54.1,3.0,4656.0,8.9,290,7,3,1
2026-01-15 08:00:00+00:00,5.8,90.0,1.5,271.9,272.9,55.0,9.0,5135.0,9.6,291,8,3,1
2026-01-15 09:00:00+00:00,6.7,97.0,1.5,278.5,278.5,58.0,41.0,5456.0,9.7,291,9,3,1
2026-01-15 10:00:00+00:00,7.6,92.0,0.9,271.9,271.9,61.4,88.0,5649.0,9.6,292,10,3,1
2026-01-15 11:00:00+00:00,7.8,99.0,1.5,251.5,252.4,59.4,136.0,5515.0,11.1,294,11,3,1
2026-01-15 12:00:00+00:00,10.1,93.0,1.0,219.8,220.3,44.6,189.0,4742.0,15.5,296,12,3,1
2026-01-15 13:00:00+00:00,12.6,84.0,1.4,163.9,164.8,24.6,242.0,3642.0,21.3,298,13,3,1
2026-01-15 14:00:00+00:00,14.1,76.0,1.2,124.3,125.3,16.5,265.0,2955.0,25.8,298,14,3,1
2026-01-15 15:00:00+00:00,14.7,73.0,2.2,104.1,104.8,30.4,238.0,2923.0,27.3,298,15,3,1
2026-01-15 16:00:00+00:00,14.5,73.0,2.9,101.0,101.5,56.2,182.0,3303.0,27.4,298,16,3,1
2026-01-15 17:00:00+00:00,11.9,83.0,2.6,187.7,189.5,103.8,115.0,4104.0,31.0,297,17,3,1
2026-01-15 18:00:00+00:00,10.6,86.0,1.9,216.1,217.9,124.3,83.0,5693.0,35.6,297,18,3,1
2026-01-15 19:00:00+00:00,10.2,86.0,0.4,244.9,246.8,152.1,38.0,7704.0,42.0,298,19,3,1
2026-01-15 20:00:00+00:00,9.0,91.0,1.3,271.9,273.8,169.7,5.0,9046.0,47.2,299,20,3,1
2026-01-15 21:00:00+00:00,7.6,96.0,2.7,294.3,296.2,168.4,0.0,9117.0,50.6,301,21,3,1
2026-01-15 22:00:00+00:00,6.8,99.0,2.6,312.0,313.9,156.8,0.0,8520.0,52.8,303,22,3,1
2026-01-15 23:00:00+00:00,5.6,100.0,1.8,321.3,323.2,143.5,0.0,7971.0,52.4,305,23,3,1
2026-01-16 00:00:00+00:00,4.2,100.0,1.3,311.1,312.9,129.8,2.0,7790.0,47.5,308,0,4,1
2026-01-16 01:00:00+00:00,3.8,99.0,1.5,290.6,293.4,114.3,5.0,7657.0,40.1,310,1,4,1
2026-01-16 02:00:00+00:00,3.9,99.0,1.8,272.9,274.7,101.4,8.0,7335.0,34.2,312,2,4,1
2026-01-16 03:00:00+00:00,4.4,100.0,1.3,261.7,263.6,92.4,9.0,6576.0,31.1,314,3,4,1
2026-01-16 04:00:00+00:00,4.2,99.0,1.3,258.0,259.8,86.0,10.0,5628.0,29.5,315,4,4,1
2026-01-16 05:00:00+00:00,4.5,98.0,1.6,308.3,311.1,116.4,0.0,4995.0,44.6,316,5,4,1
2026-01-16 06:00:00+00:00,4.9,99.0,1.7,305.5,309.2,114.6,0.0,4970.0,47.3,318,6,4,1
2026-01-16 07:00:00+00:00,4.7,99.0,2.8,322.2,325.0,111.6,0.0,5259.0,50.7,321,7,4,1
2026-01-16 08:00:00+00:00,5.2,97.0,3.8,353.9,357.6,105.1,6.0,5491.0,51.3,323,8,4,1
2026-01-16 09:00:00+00:00,6.7,96.0,4.5,345.5,346.5,92.6,35.0,5593.0,45.9,326,9,4,1
2026-01-16 10:00:00+00:00,7.3,96.0,3.1,270.1,271.9,76.6,75.0,5636.0,37.7,329,10,4,1
2026-01-16 11:00:00+00:00,8.6,99.0,2.2,202.1,204.9,62.4,109.0,5464.0,32.2,329,11,4,1
2026-01-16 12:00:00+00:00,10.9,92.0,2.6,173.2,176.0,48.4,137.0,4850.0,32.4,327,12,4,1
2026-01-16 13:00:00+00:00,12.6,87.0,2.6,155.5,159.3,36.3,159.0,4020.0,35.4,325,13,4,1
2026-01-16 14:00:00+00:00,13.6,83.0,3.3,143.0,146.2,35.8,165.0,3498.0,38.2,325,14,4,1
2026-01-16 15:00:00+00:00,13.9,82.0,4.2,132.2,135.5,55.8,144.0,3526.0,39.4,326,15,4,1
2026-01-16 16:00:00+00:00,13.7,83.0,4.3,140.2,143.0,87.4,107.0,3861.0,40.4,327,16,4,1
2026-01-16 17:00:00+00:00,12.6,89.0,0.5,170.0,172.3,104.0,51.0,4306.0,39.7,328,17,4,1
2026-01-16 18:00:00+00:00,11.5,91.0,1.6,204.0,206.8,108.3,41.0,4882.0,45.2,328,18,4,1
2026-01-16 19:00:00+00:00,10.2,95.0,2.9,239.3,242.1,114.0,27.0,5568.0,52.8,327,19,4,1
2026-01-16 20:00:00+00:00,8.9,98.0,4.6,271.9,274.7,117.3,16.0,6094.0,59.8,327,20,4,1
2026-01-16 21:00:00+00:00,7.9,100.0,4.7,298.0,301.7,116.0,10.0,6423.0,65.4,327,21,4,1
2026-01-16 22:00:00+00:00,7.1,100.0,4.8,321.3,324.1,112.3,7.0,6593.0,70.2,327,22,4,1
2026-01-16 23:00:00+00:00,7.3,100.0,4.8,337.1,340.9,108.2,6.0,6450.0,73.4,327,23,4,1
2026-01-17 00:00:00+00:00,7.4,100.0,5.9,343.7,346.5,105.0,6.0,5809.0,75.1,328,0,5,1
2026-01-17 01:00:00+00:00,6.9,99.0,4.6,343.7,347.4,101.4,7.0,4855.0,75.1,330,1,5,1
2026-01-17 02:00:00+00:00,6.7,100.0,4.9,337.1,340.9,95.9,9.0,3987.0,71.9,332,2,5,1
2026-01-17 03:00:00+00:00,5.7,100.0,2.7,326.0,329.7,86.8,11.0,3282.0,63.5,334,3,5,1
2026-01-17 04:00:00+00:00,5.7,100.0,4.0,309.2,312.9,75.8,12.0,2662.0,52.0,337,4,5,1
2026-01-17 05:00:00+00:00,5.7,99.0,5.1,263.6,266.4,62.0,8.0,2295.0,20.0,339,5,5,1
2026-01-17 06:00:00+00:00,5.3,99.0,3.9,233.8,236.6,58.1,8.0,2345.0,19.6,337,6,5,1
2026-01-17 07:00:00+00:00,5.3,100.0,3.3,231.4,233.8,52.8,9.0,2648.0,18.9,334,7,5,1
2026-01-17 08:00:00+00:00,5.4,100.0,4.0,228.6,230.5,49.4,16.0,2879.0,18.2,331,8,5,1
2026-01-17 09:00:00+00:00,6.5,97.0,4.3,229.1,231.0,51.2,28.0,2930.0,16.6,325,9,5,1
2026-01-17 10:00:00+00:00,8.2,95.0,4.4,228.6,229.6,55.0,46.0,2909.0,14.9,321,10,5,1
2026-01-17 11:00:00+00:00,10.2,93.0,2.9,208.2,210.0,54.4,72.0,2813.0,15.8,319,11,5,1
2026-01-17 12:00:00+00:00,12.9,85.0,2.7,169.5,172.8,41.6,120.0,2497.0,21.7,319,12,5,1
2026-01-17 13:00:00+00:00,14.9,77.0,2.2,129.0,132.2,24.3,177.0,2106.0,30.1,319,13,5,1
2026-01-17 14:00:00+00:00,16.2,72.0,2.7,109.7,113.6,19.4,207.0,2075.0,36.5,318,14,5,1
2026-01-17 15:00:00+00:00,16.7,69.0,3.1,98.3,102.4,38.2,187.0,2718.0,38.1,316,15,5,1
2026-01-17 16:00:00+00:00,16.4,72.0,3.2,106.6,110.1,69.4,139.0,3720.0,37.6,315,16,5,1
2026-01-17 17:00:00+00:00,14.9,80.0,2.0,138.8,143.9,86.3,79.0,4572.0,33.0,314,17,5,1
2026-01-17 18:00:00+00:00,13.0,86.0,4.1,164.8,170.4,93.9,64.0,5118.0,36.4,312,18,5,1
2026-01-17 19:00:00+00:00,11.7,89.0,5.2,188.1,194.2,104.0,42.0,5514.0,41.1,311,19,5,1
2026-01-17 20:00:00+00:00,10.7,91.0,4.2,207.7,213.3,109.6,26.0,5718.0,45.0,309,20,5,1
2026-01-17 21:00:00+00:00,9.6,95.0,5.0,221.7,227.7,107.0,20.0,5703.0,48.0,306,21,5,1
2026-01-17 22:00:00+00:00,8.9,98.0,5.3,234.7,240.3,99.8,20.0,5496.0,50.1,303,22,5,1
2026-01-17 23:00:00+00:00,8.3,99.0,4.0,242.1,247.7,91.8,20.0,5134.0,49.5,299,23,5,1
2026-01-18 00:00:00+00:00,8.0,99.0,2.9,236.6,242.1,84.5,19.0,4537.0,44.3,295,0,6,1
2026-01-18 01:00:00+00:00,7.2,100.0,1.9,219.8,224.9,76.4,20.0,3785.0,36.4,291,1,6,1
2026-01-18 02:00:00+00:00,6.2,100.0,2.4,195.6,200.7,66.7,23.0,3161.0,29.7,285,2,6,1
2026-01-18 03:00:00+00:00,4.6,100.0,5.8,181.6,186.7,52.0,32.0,2748.0,25.4,280,3,6,1
2026-01-18 04:00:00+00:00,5.4,100.0,5.8,173.2,177.9,35.7,44.0,2461.0,22.4,274,4,6,1
2026-01-18 05:00:00+00:00,6.2,98.0,3.5,163.0,167.6,39.4,39.0,2332.0,22.1,268,5,6,1
2026-01-18 06:00:00+00:00,6.2,96.0,2.7,163.4,167.6,44.8,32.0,2446.0,23.7,264,6,6,1
2026-01-18 07:00:00+00:00,5.8,96.0,2.6,170.0,174.6,51.9,24.0,2718.0,26.0,261,7,6,1
2026-01-18 08:00:00+00:00,6.0,100.0,2.7,183.9,188.1,55.0,31.0,2918.0,27.3,258,8,6,1
2026-01-18 09:00:00+00:00,7.0,98.0,2.1,174.6,177.4,50.8,64.0,2963.0,26.5,256,9,6,1
2026-01-18 10:00:00+00:00,8.6,98.0,2.3,168.6,170.9,42.6,111.0,2937.0,24.9,254,10,6,1
2026-01-18 11:00:00+00:00,10.6,93.0,1.1,152.3,155.5,34.3,151.0,2859.0,24.6,252,11,6,1
2026-01-18 12:00:00+00:00,13.9,85.0,1.1,133.2,136.4,22.7,181.0,2578.0,27.2,249,12,6,1
2026-01-18 13:00:00+00:00,16.2,76.0,1.1,110.8,114.1,11.0,203.0,2245.0,31.2,248,13,6,1
2026-01-18 14:00:00+00:00,17.5,69.0,1.4,95.7,99.0,13.3,204.0,2336.0,34.4,247,14,6,1
2026-01-18 15:00:00+00:00,18.0,66.0,1.0,88.5,92.0,40.2,171.0,3058.0,35.3,246,15,6,1
2026-01-18 16:00:00+00:00,17.8,67.0,0.9,105.7,108.5,81.0,117.0,4203.0,35.5,246,16,6,1
2026-01-18 17:00:00+00:00,16.4,74.0,1.4,145.8,148.5,119.2,82.0,5633.0,40.8,246,17,6,1
2026-01-18 18:00:00+00:00,14.4,82.0,3.9,179.7,182.5,139.6,58.0,7698.0,45.3,246,18,6,1
2026-01-18 19:00:00+00:00,13.0,89.0,3.9,213.3,215.6,167.3,24.0,10046.0,51.6,247,19,6,1
2026-01-18 20:00:00+00:00,12.0,92.0,2.0,241.2,243.1,185.1,0.0,11482.0,57.2,248,20,6,1
2026-01-18 21:00:00+00:00,11.0,95.0,1.8,266.4,268.2,184.0,0.0,11318.0,61.5,249,21,6,1
2026-01-18 22:00:00+00:00,9.8,100.0,3.1,289.6,291.5,173.0,0.0,10242.0,65.1,251,22,6,1
2026-01-18 23:00:00+00:00,9.7,99.0,3.1,304.5,307.3,162.2,0.0,9118.0,67.0,253,23,6,1
2026-01-19 00:00:00+00:00,9.3,100.0,4.0,307.3,310.1,155.0,0.0,8243.0,66.9,256,0,0,1
2026-01-19 01:00:00+00:00,8.9,100.0,4.7,307.3,309.2,147.8,0.0,7321.0,65.2,259,1,0,1
2026-01-19 02:00:00+00:00,8.3,100.0,4.0,304.5,306.4,140.4,0.0,6331.0,61.7,263,2,0,1
2026-01-19 03:00:00+00:00,7.8,99.0,4.3,287.8,290.6,132.7,0.0,5060.0,55.5,267,3,0,1
2026-01-19 04:00:00+00:00,7.0,99.0,3.2,253.3,255.2,124.8,0.0,3721.0,47.5,272,4,0,1
2026-01-19 05:00:00+00:00,6.8,100.0,2.7,227.7,229.6,108.9,0.0,2930.0,37.1,275,5,0,1
2026-01-19 06:00:00+00:00,6.5,99.0,3.8,234.7,236.6,102.7,0.0,3133.0,35.1,278,6,0,1
2026-01-19 07:00:00+00:00,6.3,95.0,3.8,253.3,255.2,93.9,0.0,3883.0,32.3,281,7,0,1
2026-01-19 08:00:00+00:00,7.2,95.0,5.7,284.1,285.9,85.5,9.0,4457.0,29.9,284,8,0,1
2026-01-19 09:00:00+00:00,7.9,94.0,4.0,271.0,271.9,79.7,50.0,4604.0,27.7,288,9,0,1
2026-01-19 10:00:00+00:00,9.3,96.0,2.7,267.3,269.2,74.2,106.0,4575.0,26.0,292,10,0,1
2026-01-19 11:00:00+00:00,11.6,99.0,2.7,224.0,225.8,65.3,157.0,4396.0,26.3,296,11,0,1
2026-01-19 12:00:00+00:00,14.5,88.0,2.1,181.1,183.9,45.3,203.0,3921.0,30.6,299,12,0,1
2026-01-19 13:00:00+00:00,16.9,78.0,1.5,150.4,154.1,21.9,244.0,3295.0,37.1,301,13,0,1
2026-01-19 14:00:00+00:00,18.3,70.0,0.3,128.1,132.2,13.7,260.0,2986.0,41.8,303,14,0,1
2026-01-19 15:00:00+00:00,18.8,66.0,1.1,117.8,122.0,33.5,235.0,3269.0,42.4,304,15,0,1
2026-01-19 16:00:00+00:00,18.7,66.0,1.9,125.3,128.5,68.5,184.0,3868.0,41.2,306,16,0,1
2026-01-19 17:00:00+00:00,17.4,72.0,1.6,131.8,134.6,92.4,105.0,4418.0,34.2,306,17,0,1
2026-01-19 18:00:00+00:00,15.3,80.0,3.4,153.2,155.5,98.7,85.0,4860.0,36.2,306,18,0,1
2026-01-19 19:00:00+00:00,13.8,85.0,4.9,172.8,175.6,107.2,58.0,5253.0,39.0,305,19,0,1
2026-01-19 20:00:00+00:00,12.7,88.0,5.0,190.0,192.3,111.8,36.0,5406.0,41.4,303,20,0,1
2026-01-19 21:00:00+00:00,11.9,90.0,4.9,204.0,206.3,108.9,25.0,5151.0,43.1,301,21,0,1
2026-01-19 22:00:00+00:00,11.2,92.0,3.6,217.5,219.8,102.1,19.0,4656.0,44.3,298,22,0,1
2026-01-19 23:00:00+00:00,11.3,93.0,1.5,230.0,232.4,96.7,15.0,4234.0,44.8,295,23,0,1
2026-01-20 00:00:00+00:00,10.7,96.0,1.8,236.1,238.4,95.5,11.0,4045.0,44.4,292,0,1,1
2026-01-20 01:00:00+00:00,10.0,98.0,2.5,238.4,241.2,95.6,9.0,3929.0,43.3,289,1,1,1
2026-01-20 02:00:00+00:00,9.5,98.0,4.0,237.5,240.3,93.8,8.0,3717.0,41.7,286,2,1,1
2026-01-20 03:00:00+00:00,9.1,96.0,5.9,233.3,235.6,88.0,9.0,3221.0,39.6,284,3,1,1
2026-01-20 04:00:00+00:00,9.1,96.0,6.7,224.4,226.8,80.3,11.0,2629.0,37.1,281,4,1,1
2026-01-20 05:00:00+00:00,7.3,100.0,4.0,267.3,268.2,83.9,1.0,2331.0,18.8,280,5,1,1
2026-01-20 06:00:00+00:00,7.1,100.0,5.4,230.0,231.4,79.3,1.0,2595.0,18.8,282,6,1,1
2026-01-20 07:00:00+00:00,7.7,100.0,5.6,212.3,213.7,72.9,3.0,3154.0,18.9,282,7,1,1
2026-01-20 08:00:00+00:00,8.8,99.0,7.0,210.9,212.3,68.4,14.0,3600.0,18.8,280,8,1,1
2026-01-20 09:00:00+00:00,10.3,98.0,5.8,210.0,210.9,69.6,41.0,3838.0,17.9,277,9,1,1
2026-01-20 10:00:00+00:00,11.8,96.0,3.2,214.2,214.7,72.7,78.0,3962.0,16.8,274,10,1,1
2026-01-20 11:00:00+00:00,14.1,90.0,1.9,209.1,210.5,69.6,117.0,3848.0,17.5,272,11,1,1
2026-01-20 12:00:00+00:00,17.7,73.0,1.9,182.1,184.4,50.5,165.0,3277.0,21.5,271,12,1,1
2026-01-20 13:00:00+00:00,19.6,57.0,2.3,151.8,155.5,25.2,215.0,2467.0,27.2,271,13,1,1
2026-01-20 14:00:00+00:00,20.4,49.0,3.0,116.9,122.5,14.7,237.0,1953.0,31.5,271,14,1,1
2026-01-20 15:00:00+00:00,20.5,48.0,4.8,98.3,105.0,32.3,209.0,1974.0,32.2,271,15,1,1
2026-01-20 16:00:00+00:00,19.9,53.0,4.7,105.2,111.1,64.7,153.0,2290.0,31.4,270,16,1,1
2026-01-20 17:00:00+00:00,17.9,66.0,4.1,103.1,104.3,67.6,124.0,2712.0,34.3,269,17,1,1
2026-01-20 18:00:00+00:00,16.2,73.0,4.6,128.1,129.5,81.2,99.0,3283.0,36.8,268,18,1,1
2026-01-20 19:00:00+00:00,14.9,79.0,4.4,150.9,152.3,99.8,65.0,3960.0,40.4,267,19,1,1
2026-01-20 20:00:00+00:00,13.9,82.0,4.6,172.3,174.2,112.5,38.0,4428.0,44.1,266,20,1,1
2026-01-20 21:00:00+00:00,13.0,85.0,4.8,191.4,193.2,114.0,28.0,4564.0,48.3,265,21,1,1
2026-01-20 22:00:00+00:00,12.2,87.0,4.6,210.5,212.3,109.5,26.0,4491.0,52.6,265,22,1,1
2026-01-20 23:00:00+00:00,11.6,88.0,4.7,225.4,227.7,104.1,24.0,4261.0,54.4,265,23,1,1
2026-01-21 00:00:00+00:00,10.9,90.0,3.6,231.0,233.3,99.3,20.0,3794.0,52.2,264,0,2,1
2026-01-21 01:00:00+00:00,10.0,93.0,4.5,229.1,231.4,93.5,16.0,3169.0,47.6,264,1,2,1
2026-01-21 02:00:00+00:00,9.6,93.0,5.2,220.3,222.1,87.4,14.0,2681.0,42.7,264,2,2,1
2026-01-21 03:00:00+00:00,9.3,92.0,4.3,199.8,201.6,80.4,13.0,2380.0,37.4,263,3,2,1
2026-01-21 04:00:00+00:00,8.8,92.0,4.9,183.5,185.3,73.1,13.0,2216.0,31.9,262,4,2,1
2026-01-21 05:00:00+00:00,8.0,92.0,5.1,239.3,240.3,95.0,1.0,2327.0,25.6,260,5,2,1
2026-01-21 06:00:00+00:00,7.2,94.0,4.4,210.9,211.9,87.5,0.0,3006.0,22.8,259,6,2,1
2026-01-21 07:00:00+00:00,6.9,95.0,3.3,209.5,210.0,77.0,0.0,3961.0,19.1,258,7,2,1
2026-01-21 08:00:00+00:00,8.0,94.0,3.5,219.8,220.3,67.6,14.0,4454.0,16.8,258,8,2,1
2026-01-21 09:00:00+00:00,10.4,87.0,3.0,217.9,217.9,61.9,60.0,4063.0,17.1,258,9,2,1
2026-01-21 10:00:00+00:00,13.4,77.0,1.5,216.1,217.0,57.3,121.0,3212.0,18.9,259,10,2,1
2026-01-21 11:00:00+00:00,16.4,62.0,2.3,188.1,189.5,50.4,170.0,2431.0,21.1,259,11,2,1
2026-01-21 12:00:00+00:00,18.8,51.0,2.9,147.6,150.4,35.1,198.0,1827.0,23.9,258,12,2,1
2026-01-21 13:00:00+00:00,20.0,46.0,4.2,112.2,116.2,17.6,213.0,1294.0,27.1,256,13,2,1
2026-01-21 14:00:00+00:00,20.6,44.0,5.4,88.2,93.4,12.2,210.0,1047.0,29.5,255,14,2,1
2026-01-21 15:00:00+00:00,20.6,41.0,6.3,79.4,85.0,28.0,182.0,1113.0,29.6,254,15,2,1
2026-01-21 16:00:00+00:00,20.0,43.0,5.3,85.0,89.4,56.0,136.0,1465.0,28.9,253,16,2,1
2026-01-21 17:00:00+00:00,18.0,59.0,2.4,79.2,81.5,76.1,96.0,2236.0,30.3,252,17,2,1
2026-01-21 18:00:00+00:00,16.4,63.0,2.2,108.7,111.3,97.5,72.0,3913.0,36.4,251,18,2,1
2026-01-21 19:00:00+00:00,15.2,68.0,1.3,141.1,143.9,126.8,38.0,6011.0,45.0,250,19,2,1
2026-01-21 20:00:00+00:00,13.6,76.0,1.1,175.1,177.9,148.1,12.0,7202.0,52.5,250,20,2,1
2026-01-21 21:00:00+00:00,12.0,84.0,2.1,205.8,208.6,153.8,2.0,6657.0,58.3,250,21,2,1
2026-01-21 22:00:00+00:00,10.8,90.0,3.2,229.6,232.8,151.4,0.0,5205.0,62.9,250,22,2,1
2026-01-21 23:00:00+00:00,10.2,94.0,3.2,239.3,243.1,147.0,0.0,4017.0,64.4,251,23,2,1
2026-01-22 00:00:00+00:00,9.7,96.0,3.7,236.6,240.3,142.1,0.0,3575.0,60.9,252,0,3,1
2026-01-22 01:00:00+00:00,9.1,97.0,3.6,224.0,227.2,135.2,0.0,3396.0,54.3,252,1,3,1
2026-01-22 02:00:00+00:00,8.6,98.0,3.1,215.1,217.9,128.3,0.0,3197.0,48.0,252,2,3,1
2026-01-22 03:00:00+00:00,8.0,99.0,2.6,211.4,214.2,122.9,0.0,2812.0,43.0,252,3,3,1
2026-01-22 04:00:00+00:00,7.3,100.0,4.0,209.1,211.4,117.5,0.0,2407.0,38.4,252,4,3,1
2026-01-22 05:00:00+00:00,7.0,100.0,6.5,204.0,208.2,98.9,1.0,2202.0,35.6,253,5,3,1
2026-01-22 06:00:00+00:00,6.5,100.0,5.5,164.8,166.2,89.1,5.0,2377.0,32.2,252,6,3,1
2026-01-22 07:00:00+00:00,6.2,100.0,5.4,161.1,162.5,75.2,12.0,2751.0,27.4,250,7,3,1
2026-01-22 08:00:00+00:00,6.8,100.0,7.9,164.4,165.3,61.8,28.0,2999.0,23.8,248,8,3,1
2026-01-22 09:00:00+00:00,9.1,92.0,7.8,152.7,154.1,50.0,60.0,3017.0,22.7,245,9,3,1
2026-01-22 10:00:00+00:00,10.4,90.0,7.2,145.3,146.2,38.7,100.0,2908.0,22.8,243,10,3,1
2026-01-22 11:00:00+00:00,12.3,84.0,5.2,118.5,119.7,29.1,131.0,2660.0,22.4,240,11,3,1
2026-01-22 12:00:00+00:00,16.6,65.0,7.0,82.4,84.3,21.2,144.0,2155.0,20.6,237,12,3,1
2026-01-22 13:00:00+00:00,19.0,51.0,10.7,65.4,67.1,15.1,148.0,1510.0,18.2,234,13,3,1
2026-01-22 14:00:00+00:00,19.8,46.0,12.9,59.1,61.0,12.3,145.0,1069.0,16.1,232,14,3,1
2026-01-22 15:00:00+00:00,19.6,47.0,14.1,57.3,58.9,15.1,133.0,1027.0,14.5,231,15,3,1
2026-01-22 16:00:00+00:00,18.7,55.0,13.8,57.4,58.9,21.1,115.0,1189.0,13.2,230,16,3,1
2026-01-22 17:00:00+00:00,17.7,62.0,13.7,50.1,51.2,24.8,93.0,1306.0,13.0,229,17,3,1
2026-01-22 18:00:00+00:00,17.3,61.0,17.9,50.2,51.3,22.6,97.0,1292.0,14.0,228,18,3,1
2026-01-22 19:00:00+00:00,17.0,59.0,18.2,51.7,52.7,19.6,102.0,1233.0,15.3,225,19,3,1
2026-01-22 20:00:00+00:00,17.3,55.0,20.6,52.2,53.1,17.2,105.0,1144.0,16.4,222,20,3,1
2026-01-22 21:00:00+00:00,15.7,67.0,12.2,53.8,54.7,16.3,105.0,1007.0,17.0,216,21,3,1
2026-01-22 22:00:00+00:00,14.1,81.0,13.2,54.8,55.8,16.2,104.0,839.0,17.5,210,22,3,1
2026-01-22 23:00:00+00:00,14.2,82.0,15.1,58.8,59.6,15.6,103.0,707.0,17.7,203,23,3,1
2026-01-23 00:00:00+00:00,14.4,82.0,20.2,71.7,73.1,14.2,104.0,647.0,17.9,197,0,4,1
2026-01-23 01:00:00+00:00,13.8,91.0,12.1,72.4,73.3,12.4,105.0,622.0,17.9,192,1,4,1
2026-01-23 02:00:00+00:00,13.3,93.0,9.1,68.0,68.9,10.7,105.0,590.0,17.5,187,2,4,1
2026-01-23 03:00:00+00:00,13.2,94.0,11.4,64.7,65.9,9.0,103.0,519.0,16.3,183,3,4,1
2026-01-23 04:00:00+00:00,13.4,89.0,14.3,62.9,65.2,7.5,100.0,440.0,14.7,179,4,4,1
2026-01-23 05:00:00+00:00,12.6,88.0,19.7,63.3,68.5,8.8,83.0,407.0,13.2,174,5,4,1
2026-01-23 06:00:00+00:00,12.6,82.0,20.4,57.4,66.1,12.0,79.0,471.0,12.2,170,6,4,1
2026-01-23 07:00:00+00:00,12.4,83.0,16.0,50.4,61.5,16.2,74.0,582.0,10.8,167,7,4,1
2026-01-23 08:00:00+00:00,12.6,84.0,14.3,45.5,56.9,18.1,72.0,639.0,9.8,163,8,4,1
2026-01-23 09:00:00+00:00,13.1,83.0,13.4,37.6,48.3,15.6,74.0,583.0,9.5,160,9,4,1
2026-01-23 10:00:00+00:00,13.5,73.0,12.7,27.8,34.1,10.8,78.0,474.0,9.4,157,10,4,1
2026-01-23 11:00:00+00:00,14.0,60.0,15.9,24.4,27.0,7.1,83.0,391.0,9.3,153,11,4,1
2026-01-23 12:00:00+00:00,14.5,50.0,16.0,23.5,25.7,5.4,90.0,357.0,8.8,150,12,4,1
2026-01-23 13:00:00+00:00,14.8,49.0,16.3,22.2,24.5,4.7,98.0,349.0,8.1,145,13,4,1
2026-01-23 14:00:00+00:00,14.6,49.0,15.3,21.2,24.2,5.7,101.0,374.0,7.6,140,14,4,1
2026-01-23 15:00:00+00:00,14.3,45.0,16.8,20.6,25.8,8.1,95.0,440.0,7.2,136,15,4,1
2026-01-23 16:00:00+00:00,13.8,46.0,13.8,20.9,29.2,12.1,84.0,539.0,7.0,132,16,4,1
2026-01-23 17:00:00+00:00,12.4,54.0,11.8,31.8,43.1,23.6,67.0,658.0,10.7,129,17,4,1
2026-01-23 18:00:00+00:00,11.1,58.0,12.6,43.4,50.1,35.0,50.0,817.0,12.0,127,18,4,1
2026-01-23 19:00:00+00:00,10.1,60.0,9.8,57.9,64.0,50.5,28.0,997.0,13.9,126,19,4,1
2026-01-23 20:00:00+00:00,9.0,62.0,7.8,58.9,68.7,61.1,11.0,1120.0,15.0,127,20,4,1
2026-01-23 21:00:00+00:00,8.1,65.0,7.4,53.4,68.2,62.2,6.0,1128.0,14.8,127,21,4,1
2026-01-23 22:00:00+00:00,6.9,72.0,5.2,53.7,72.9,58.3,7.0,1079.0,13.9,127,22,4,1
2026-01-23 23:00:00+00:00,7.0,71.0,6.8,58.9,81.0,54.1,9.0,1079.0,13.1,127,23,4,1
2026-01-24 00:00:00+00:00,6.9,70.0,6.1,61.9,85.9,50.3,10.0,1190.0,12.6,127,0,5,1
2026-01-24 01:00:00+00:00,6.1,74.0,1.9,62.6,87.3,46.1,12.0,1349.0,12.3,126,1,5,1
2026-01-24 02:00:00+00:00,5.8,74.0,0.5,65.2,90.3,43.6,13.0,1470.0,12.4,125,2,5,1
2026-01-24 03:00:00+00:00,5.4,77.0,3.4,69.8,96.4,44.5,10.0,1419.0,13.2,125,3,5,1
2026-01-24 04:00:00+00:00,4.4,82.0,3.7,75.9,103.4,47.2,6.0,1331.0,14.6,125,4,5,1
2026-01-24 05:00:00+00:00,3.9,86.0,2.1,65.4,87.8,30.0,22.0,1517.0,13.0,127,5,5,1
2026-01-24 06:00:00+00:00,3.7,89.0,4.5,76.1,99.4,35.5,16.0,2379.0,15.6,127,6,5,1
2026-01-24 07:00:00+00:00,3.3,90.0,1.2,96.9,119.2,42.7,9.0,3516.0,19.1,129,7,5,1
2026-01-24 08:00:00+00:00,4.3,90.0,2.8,110.6,130.9,45.3,13.0,4039.0,21.2,134,8,5,1
2026-01-24 09:00:00+00:00,6.7,82.0,2.2,93.8,109.4,39.1,37.0,3356.0,20.8,140,9,5,1
2026-01-24 10:00:00+00:00,9.2,70.0,3.6,77.3,98.5,28.2,71.0,2060.0,19.1,146,10,5,1
2026-01-24 11:00:00+00:00,11.1,55.0,5.4,62.6,89.9,18.9,98.0,1041.0,17.1,150,11,5,1
2026-01-24 12:00:00+00:00,12.2,49.0,7.3,40.7,72.4,11.9,112.0,640.0,14.8,152,12,5,1
2026-01-24 13:00:00+00:00,12.9,44.0,10.6,36.4,64.3,6.4,118.0,515.0,12.2,152,13,5,1
2026-01-24 14:00:00+00:00,13.2,45.0,10.0,34.7,58.7,6.4,116.0,537.0,10.4,152,14,5,1
2026-01-24 15:00:00+00:00,13.2,45.0,8.6,33.6,54.4,15.7,102.0,714.0,10.0,153,15,5,1
2026-01-24 16:00:00+00:00,12.7,48.0,8.1,33.5,51.3,30.6,79.0,1038.0,10.4,153,16,5,1
2026-01-24 17:00:00+00:00,11.7,61.0,6.1,33.1,39.7,27.6,60.0,1348.0,9.9,154,17,5,1
2026-01-24 18:00:00+00:00,10.3,68.0,6.2,46.3,52.9,35.5,49.0,1644.0,11.0,154,18,5,1
2026-01-24 19:00:00+00:00,9.5,73.0,5.9,49.4,54.5,46.1,34.0,1927.0,12.6,154,19,5,1
2026-01-24 20:00:00+00:00,8.8,75.0,5.5,48.5,52.5,52.1,25.0,2041.0,13.7,154,20,5,1
2026-01-24 21:00:00+00:00,8.1,78.0,5.0,47.8,51.0,49.5,26.0,1856.0,14.0,153,21,5,1
2026-01-24 22:00:00+00:00,8.8,77.0,6.7,48.2,50.5,42.3,32.0,1503.0,13.8,153,22,5,1
2026-01-24 23:00:00+00:00,9.1,75.0,7.9,48.3,49.9,35.6,37.0,1217.0,13.5,153,23,5,1
2026-01-25 00:00:00+00:00,8.8,78.0,5.2,47.6,48.9,30.8,39.0,1092.0,12.9,153,0,6,1
2026-01-25 01:00:00+00:00,8.4,80.0,4.6,48.3,49.2,26.5,40.0,1034.0,12.2,152,1,6,1
2026-01-25 02:00:00+00:00,8.2,79.0,6.2,49.8,50.6,23.0,40.0,1004.0,11.5,152,2,6,1
2026-01-25 03:00:00+00:00,8.4,77.0,6.3,50.9,51.7,20.0,40.0,967.0,10.9,151,3,6,1
2026-01-25 04:00:00+00:00,7.9,78.0,6.2,51.3,52.2,17.8,40.0,958.0,10.3,151,4,6,1
2026-01-25 05:00:00+00:00,6.6,83.0,5.9,57.9,58.9,26.7,32.0,1039.0,13.3,150,5,6,1
2026-01-25 06:00:00+00:00,6.6,83.0,6.3,57.4,58.6,29.6,27.0,1317.0,13.5,149,6,6,1
2026-01-25 07:00:00+00:00,6.2,85.0,6.4,63.6,64.7,33.3,20.0,1686.0,13.7,147,7,6,1
2026-01-25 08:00:00+00:00,7.1,83.0,8.5,69.6,71.0,34.7,24.0,1882.0,13.9,144,8,6,1
2026-01-25 09:00:00+00:00,9.0,80.0,8.0,71.0,72.2,31.7,46.0,1747.0,13.8,139,9,6,1
2026-01-25 10:00:00+00:00,11.2,73.0,7.1,68.0,69.6,26.3,77.0,1441.0,13.6,137,10,6,1
2026-01-25 11:00:00+00:00,13.5,66.0,5.3,66.6,68.5,21.4,106.0,1179.0,13.7,136,11,6,1
2026-01-25 12:00:00+00:00,15.3,60.0,4.9,64.5,66.4,16.1,132.0,1000.0,14.4,137,12,6,1
2026-01-25 13:00:00+00:00,16.5,54.0,4.7,61.7,63.8,11.3,155.0,867.0,15.4,139,13,6,1
2026-01-25 14:00:00+00:00,17.1,51.0,4.5,57.5,59.6,12.0,163.0,878.0,16.2,142,14,6,1
2026-01-25 15:00:00+00:00,17.2,50.0,4.5,54.9,57.3,22.3,145.0,1084.0,16.5,144,15,6,1
2026-01-25 16:00:00+00:00,16.8,54.0,4.2,58.1,60.1,38.1,112.0,1434.0,16.6,146,16,6,1
2026-01-25 17:00:00+00:00,15.3,68.0,2.3,65.2,66.4,51.9,91.0,1885.0,17.7,149,17,6,1
2026-01-25 18:00:00+00:00,13.7,73.0,2.6,79.4,80.6,60.9,73.0,2597.0,18.6,151,18,6,1
2026-01-25 19:00:00+00:00,12.5,78.0,3.3,89.9,90.6,73.2,48.0,3409.0,19.9,152,19,6,1
2026-01-25 20:00:00+00:00,11.6,81.0,4.0,92.4,93.1,81.3,29.0,3790.0,21.0,153,20,6,1
2026-01-25 21:00:00+00:00,10.8,83.0,4.0,94.5,95.5,81.5,22.0,3353.0,22.1,154,21,6,1
2026-01-25 22:00:00+00:00,10.2,84.0,3.2,104.5,105.5,77.5,20.0,2485.0,23.1,155,22,6,1
2026-01-25 23:00:00+00:00,9.6,87.0,4.6,110.6,112.5,72.7,19.0,1815.0,23.1,157,23,6,1
2026-01-26 00:00:00+00:00,9.7,85.0,5.8,105.5,107.8,68.2,17.0,1618.0,21.2,159,0,0,1
2026-01-26 01:00:00+00:00,9.4,85.0,4.2,100.8,103.1,62.9,15.0,1619.0,18.2,161,1,0,1
2026-01-26 02:00:00+00:00,8.8,86.0,3.1,96.9,99.4,57.0,15.0,1620.0,15.7,162,2,0,1
2026-01-26 03:00:00+00:00,8.6,88.0,2.8,93.4,96.2,48.6,18.0,1489.0,13.8,164,3,0,1
2026-01-26 04:00:00+00:00,8.2,89.0,3.4,90.6,93.8,39.6,22.0,1358.0,12.3,165,4,0,1
2026-01-26 05:00:00+00:00,7.8,90.0,4.9,105.7,110.8,49.8,14.0,1432.0,15.7,166,5,0,1
2026-01-26 06:00:00+00:00,7.8,90.0,4.1,110.4,115.7,53.5,9.0,1920.0,18.9,168,6,0,1
2026-01-26 07:00:00+00:00,7.8,89.0,4.1,129.9,135.5,58.4,2.0,2613.0,23.2,169,7,0,1
2026-01-26 08:00:00+00:00,8.6,85.0,3.6,153.2,157.9,60.8,4.0,3087.0,25.8,171,8,0,1
2026-01-26 09:00:00+00:00,9.7,86.0,7.7,131.8,135.5,59.0,21.0,3181.0,24.7,174,9,0,1
2026-01-26 10:00:00+00:00,10.5,86.0,6.8,112.9,117.3,54.8,46.0,3057.0,22.0,175,10,0,1
2026-01-26 11:00:00+00:00,11.9,82.0,2.7,104.8,108.0,49.4,71.0,2776.0,20.8,177,11,0,1
2026-01-26 12:00:00+00:00,15.2,68.0,3.5,95.9,97.3,39.4,98.0,2155.0,22.7,178,12,0,1
2026-01-26 13:00:00+00:00,16.8,60.0,3.7,86.8,88.2,28.2,125.0,1377.0,26.2,179,13,0,1
2026-01-26 14:00:00+00:00,17.5,57.0,2.3,78.7,80.6,28.1,134.0,1058.0,29.4,180,14,0,1
2026-01-26 15:00:00+00:00,17.1,58.0,1.2,79.9,82.4,49.5,111.0,1639.0,31.7,180,15,0,1
2026-01-26 16:00:00+00:00,16.7,65.0,2.3,90.8,93.4,81.8,70.0,2679.0,33.8,181,16,0,1
2026-01-26 17:00:00+00:00,15.0,75.0,3.5,111.3,112.9,90.2,44.0,3462.0,27.2,182,17,0,1
2026-01-26 18:00:00+00:00,14.5,76.0,1.2,112.5,113.9,89.2,39.0,3731.0,27.4,183,18,0,1
2026-01-26 19:00:00+00:00,14.0,78.0,1.7,122.5,124.3,87.3,33.0,3744.0,27.5,184,19,0,1
2026-01-26 20:00:00+00:00,13.6,80.0,1.3,126.2,128.5,81.6,31.0,3559.0,27.2,185,20,0,1
2026-01-26 21:00:00+00:00,12.9,83.0,8.2,128.5,132.2,69.5,36.0,3078.0,26.0,186,21,0,1
2026-01-26 22:00:00+00:00,12.2,87.0,5.4,125.3,128.5,53.7,44.0,2400.0,24.3,187,22,0,1
2026-01-26 23:00:00+00:00,12.5,86.0,5.8,109.4,111.8,39.6,53.0,1882.0,22.5,188,23,0,1
2026-01-27 00:00:00+00:00,12.8,85.0,5.9,90.8,93.8,28.5,63.0,1720.0,20.6,188,0,1,1
2026-01-27 01:00:00+00:00,12.7,85.0,6.2,77.5,81.3,19.0,72.0,1719.0,18.6,187,1,1,1
2026-01-27 02:00:00+00:00,12.0,87.0,6.6,66.4,70.3,12.3,79.0,1642.0,16.6,187,2,1,1
2026-01-27 03:00:00+00:00,11.2,90.0,7.3,57.4,61.5,8.8,80.0,1326.0,14.6,186,3,1,1
2026-01-27 04:00:00+00:00,11.0,89.0,8.4,52.0,56.1,8.1,78.0,935.0,12.7,185,4,1,1
2026-01-27 05:00:00+00:00,11.4,94.0,6.2,56.0,62.6,11.7,65.0,730.0,11.7,184,5,1,1
2026-01-27 06:00:00+00:00,10.7,95.0,4.5,53.6,60.5,17.8,57.0,906.0,11.4,182,6,1,1
2026-01-27 07:00:00+00:00,10.9,94.0,8.3,55.6,62.4,26.0,45.0,1268.0,11.1,180,7,1,1
2026-01-27 08:00:00+00:00,11.3,93.0,8.3,56.5,62.6,30.5,41.0,1486.0,10.6,178,8,1,1
2026-01-27 09:00:00+00:00,12.4,92.0,5.6,55.2,60.5,27.8,49.0,1398.0,10.0,175,9,1,1
2026-01-27 10:00:00+00:00,13.8,85.0,6.5,51.5,57.3,21.4,64.0,1167.0,9.4,173,10,1,1
2026-01-27 11:00:00+00:00,14.9,76.0,8.7,45.1,51.6,15.9,78.0,952.0,8.9,171,11,1,1
2026-01-27 12:00:00+00:00,14.9,70.0,8.5,42.0,48.7,11.8,92.0,745.0,8.5,169,12,1,1
2026-01-27 13:00:00+00:00,15.3,69.0,4.2,39.3,44.5,8.6,106.0,555.0,8.1,168,13,1,1
2026-01-27 14:00:00+00:00,15.0,71.0,3.4,42.4,48.1,9.4,111.0,564.0,8.0,166,14,1,1
2026-01-27 15:00:00+00:00,14.5,75.0,4.8,46.1,52.5,16.3,102.0,979.0,7.8,165,15,1,1
2026-01-27 16:00:00+00:00,14.9,74.0,4.6,48.5,55.1,27.1,84.0,1593.0,7.9,164,16,1,1
2026-01-27 17:00:00+00:00,14.3,80.0,6.0,73.6,77.1,56.6,50.0,1975.0,16.8,163,17,1,1
2026-01-27 18:00:00+00:00,12.6,89.0,5.1,88.7,92.0,59.1,43.0,1864.0,17.8,162,18,1,1
2026-01-27 19:00:00+00:00,12.0,92.0,5.2,100.6,103.1,62.5,32.0,1521.0,19.1,161,19,1,1
2026-01-27 20:00:00+00:00,11.6,93.0,5.6,108.0,110.1,64.2,24.0,1294.0,19.7,161,20,1,1
2026-01-27 21:00:00+00:00,11.0,94.0,4.3,113.4,115.3,63.5,20.0,1381.0,19.2,160,21,1,1
2026-01-27 22:00:00+00:00,10.4,94.0,5.5,119.0,120.6,61.1,18.0,1585.0,18.0,160,22,1,1
2026-01-27 23:00:00+00:00,9.6,98.0,4.8,109.7,111.3,57.0,18.0,1661.0,16.6,159,23,1,1
2026-01-28 00:00:00+00:00,9.5,100.0,3.3,96.6,98.3,50.1,21.0,1460.0,14.7,159,0,2,1
2026-01-28 01:00:00+00:00,9.6,99.0,4.8,91.3,93.1,41.4,25.0,1131.0,12.5,160,1,2,1
2026-01-28 02:00:00+00:00,9.5,98.0,5.9,91.3,93.4,33.9,28.0,875.0,10.9,160,2,2,1
2026-01-28 03:00:00+00:00,9.2,97.0,4.6,92.2,94.8,28.0,29.0,717.0,10.2,161,3,2,1
2026-01-28 04:00:00+00:00,9.3,96.0,5.1,92.2,95.2,23.2,30.0,631.0,10.0,162,4,2,1
2026-01-28 05:00:00+00:00,7.7,100.0,5.2,78.0,80.8,15.0,44.0,745.0,10.0,163,5,2,1
2026-01-28 06:00:00+00:00,7.6,100.0,4.3,78.0,81.3,22.6,34.0,1255.0,11.4,164,6,2,1
2026-01-28 07:00:00+00:00,7.5,100.0,2.6,91.3,95.0,32.6,22.0,1964.0,13.4,164,7,2,1
2026-01-28 08:00:00+00:00,8.3,97.0,1.7,104.3,107.6,37.8,21.0,2408.0,15.2,165,8,2,1
2026-01-28 09:00:00+00:00,9.6,95.0,2.3,91.0,93.8,33.4,43.0,2355.0,16.3,167,9,2,1
2026-01-28 10:00:00+00:00,11.2,92.0,2.2,80.1,83.8,24.1,77.0,2036.0,17.2,168,10,2,1
2026-01-28 11:00:00+00:00,13.8,83.0,2.1,66.6,71.0,16.2,106.0,1683.0,18.1,169,11,2,1
2026-01-28 12:00:00+00:00,15.9,70.0,3.3,57.5,62.4,10.6,127.0,1284.0,19.1,169,12,2,1
2026-01-28 13:00:00+00:00,16.9,64.0,4.1,53.4,58.7,6.4,142.0,850.0,20.0,170,13,2,1
2026-01-28 14:00:00+00:00,17.5,60.0,4.6,50.3,55.5,7.6,146.0,645.0,20.7,170,14,2,1
2026-01-28 15:00:00+00:00,17.6,59.0,3.6,48.4,53.4,16.8,133.0,785.0,20.3,171,15,2,1
2026-01-28 16:00:00+00:00,17.4,59.0,2.7,48.2,53.0,31.4,108.0,1154.0,19.7,171,16,2,1
2026-01-28 17:00:00+00:00,16.3,73.0,3.1,52.7,54.5,45.6,78.0,1666.0,18.7,171,17,2,1
2026-01-28 18:00:00+00:00,14.6,75.0,2.7,80.8,82.7,63.6,58.0,2441.0,24.4,170,18,2,1
2026-01-28 19:00:00+00:00,13.4,80.0,2.8,108.5,110.4,88.1,31.0,3360.0,32.3,170,19,2,1
2026-01-28 20:00:00+00:00,12.4,83.0,4.1,130.9,133.2,103.6,12.0,3978.0,37.8,170,20,2,1
2026-01-28 21:00:00+00:00,11.6,85.0,5.4,140.6,144.8,102.0,7.0,4085.0,39.1,171,21,2,1
2026-01-28 22:00:00+00:00,11.2,85.0,5.5,141.6,147.1,91.5,10.0,3892.0,38.2,171,22,2,1
2026-01-28 23:00:00+00:00,10.9,86.0,5.8,129.0,133.6,81.3,14.0,3586.0,35.8,172,23,2,1
2026-01-29 00:00:00+00:00,10.5,87.0,5.1,110.8,114.6,75.0,16.0,3168.0,31.7,173,0,3,1
2026-01-29 01:00:00+00:00,9.8,88.0,5.0,97.6,100.4,69.1,18.0,2636.0,26.2,173,1,3,1
2026-01-29 02:00:00+00:00,9.3,89.0,4.8,87.1,89.2,61.9,21.0,2174.0,21.6,173,2,3,1
2026-01-29 03:00:00+00:00,8.9,88.0,4.7,81.0,82.7,51.0,27.0,1787.0,18.8,173,3,3,1
2026-01-29 04:00:00+00:00,8.3,88.0,5.3,77.3,78.7,38.8,35.0,1471.0,16.9,173,4,3,1
2026-01-29 05:00:00+00:00,8.0,88.0,5.5,72.9,74.0,27.7,41.0,1392.0,16.0,172,5,3,1
2026-01-29 06:00:00+00:00,8.0,88.0,5.4,73.1,74.5,33.6,35.0,1789.0,16.5,172,6,3,1
2026-01-29 07:00:00+00:00,8.0,88.0,6.1,77.8,79.6,41.3,27.0,2423.0,17.2,172,7,3,1
2026-01-29 08:00:00+00:00,9.1,86.0,7.3,82.0,84.5,44.1,31.0,2749.0,17.9,172,8,3,1
2026-01-29 09:00:00+00:00,11.1,81.0,6.3,74.0,75.9,37.3,57.0,2454.0,18.6,171,9,3,1
2026-01-29 10:00:00+00:00,13.5,72.0,4.3,60.1,60.8,25.5,94.0,1850.0,19.2,171,10,3,1
2026-01-29 11:00:00+00:00,15.6,62.0,5.1,48.8,49.4,15.9,123.0,1326.0,19.5,170,11,3,1
2026-01-29 12:00:00+00:00,17.1,55.0,5.7,39.5,40.5,9.8,138.0,978.0,19.4,169,12,3,1
2026-01-29 13:00:00+00:00,17.9,50.0,6.2,33.5,34.6,5.9,145.0,710.0,18.9,169,13,3,1
2026-01-29 14:00:00+00:00,18.3,49.0,6.1,29.9,31.0,7.0,142.0,627.0,18.5,168,14,3,1
2026-01-29 15:00:00+00:00,18.3,49.0,6.6,28.6,29.7,15.9,125.0,778.0,17.8,168,15,3,1
2026-01-29 16:00:00+00:00,17.8,51.0,5.5,29.7,30.7,29.9,98.0,1113.0,17.1,167,16,3,1
2026-01-29 17:00:00+00:00,16.4,66.0,2.8,39.7,40.3,42.9,73.0,1591.0,17.6,167,17,3,1
2026-01-29 18:00:00+00:00,14.7,67.0,3.1,61.2,61.9,55.8,56.0,2371.0,20.8,166,18,3,1
2026-01-29 19:00:00+00:00,13.7,71.0,2.7,81.7,82.2,73.5,32.0,3294.0,25.1,166,19,3,1
2026-01-29 20:00:00+00:00,13.1,72.0,1.1,92.7,93.8,85.2,15.0,3841.0,28.0,165,20,3,1
2026-01-29 21:00:00+00:00,12.6,75.0,2.5,94.1,95.9,85.5,10.0,3695.0,28.4,164,21,3,1
2026-01-29 22:00:00+00:00,12.5,76.0,2.0,96.6,99.0,80.0,11.0,3173.0,27.3,162,22,3,1
2026-01-29 23:00:00+00:00,11.8,77.0,3.1,95.5,98.0,74.6,12.0,2704.0,25.6,161,23,3,1
2026-01-30 00:00:00+00:00,11.5,77.0,3.5,86.1,88.9,71.4,12.0,2429.0,22.9,160,0,4,1
2026-01-30 01:00:00+00:00,11.5,76.0,2.4,81.0,84.3,68.4,11.0,2207.0,19.6,159,1,4,1
2026-01-30 02:00:00+00:00,10.8,78.0,3.0,79.4,82.7,65.3,11.0,2045.0,17.0,159,2,4,1
2026-01-30 03:00:00+00:00,10.7,80.0,1.9,79.6,82.9,61.8,10.0,1903.0,15.7,158,3,4,1
2026-01-30 04:00:00+00:00,9.6,83.0,2.3,81.7,85.0,58.2,9.0,1821.0,15.1,158,4,4,1
2026-01-30 05:00:00+00:00,10.5,87.0,2.6,71.9,73.3,46.2,17.0,1929.0,15.0,159,5,4,1
2026-01-30 06:00:00+00:00,10.1,86.0,3.0,73.8,75.9,46.7,14.0,2475.0,15.2,159,6,4,1
2026-01-30 07:00:00+00:00,9.8,85.0,3.3,77.3,79.9,47.0,12.0,3212.0,15.5,159,7,4,1
2026-01-30 08:00:00+00:00,10.7,82.0,5.5,79.6,82.7,44.9,22.0,3522.0,15.9,159,8,4,1
2026-01-30 09:00:00+00:00,12.9,75.0,3.8,78.2,81.3,38.2,55.0,2998.0,16.1,158,9,4,1
2026-01-30 10:00:00+00:00,15.5,65.0,2.3,72.4,75.0,29.1,101.0,2048.0,16.4,159,10,4,1
2026-01-30 11:00:00+00:00,17.7,54.0,2.6,60.5,61.2,21.2,137.0,1283.0,17.1,159,11,4,1
2026-01-30 12:00:00+00:00,19.2,46.0,3.2,48.8,49.0,13.6,159.0,903.0,18.6,159,12,4,1
2026-01-30 13:00:00+00:00,20.0,43.0,2.8,42.1,42.8,7.3,173.0,707.0,20.5,160,13,4,1
2026-01-30 14:00:00+00:00,20.3,42.0,2.4,39.9,41.1,8.7,172.0,710.0,21.9,160,14,4,1
2026-01-30 15:00:00+00:00,20.3,42.0,2.3,39.5,40.9,22.5,150.0,873.0,21.9,160,15,4,1
2026-01-30 16:00:00+00:00,19.8,44.0,1.7,40.2,41.7,44.1,114.0,1233.0,21.6,160,16,4,1
2026-01-30 17:00:00+00:00,18.2,66.0,0.9,58.9,60.1,59.7,92.0,1917.0,22.8,161,17,4,1
2026-01-30 18:00:00+00:00,16.0,72.0,1.3,86.6,87.5,79.1,68.0,3216.0,26.8,161,18,4,1
2026-01-30 19:00:00+00:00,14.6,78.0,1.9,109.7,110.6,105.8,35.0,4839.0,32.3,162,19,4,1
2026-01-30 20:00:00+00:00,13.7,82.0,1.5,129.5,131.3,125.0,10.0,6038.0,37.2,163,20,4,1
2026-01-30 21:00:00+00:00,13.0,84.0,2.0,148.5,152.3,129.7,1.0,6495.0,41.3,164,21,4,1
2026-01-30 22:00:00+00:00,12.2,85.0,2.7,163.0,168.1,127.0,0.0,6530.0,44.7,166,22,4,1
2026-01-30 23:00:00+00:00,11.6,84.0,4.3,170.0,176.0,122.7,0.0,6350.0,45.7,168,23,4,1
2026-01-31 00:00:00+00:00,11.8,82.0,2.5,166.2,171.4,118.4,0.0,5922.0,42.7,170,0,5,1
2026-01-31 01:00:00+00:00,11.3,83.0,1.4,156.0,160.7,112.7,0.0,5280.0,37.3,172,1,5,1
2026-01-31 02:00:00+00:00,10.4,87.0,2.3,151.8,156.0,106.9,0.0,4739.0,32.8,174,2,5,1
2026-01-31 03:00:00+00:00,9.6,91.0,3.2,151.3,155.5,101.9,0.0,4317.0,30.8,177,3,5,1
2026-01-31 04:00:00+00:00,8.9,93.0,2.3,152.3,156.5,96.8,0.0,3996.0,29.6,179,4,5,1
2026-01-31 05:00:00+00:00,9.2,88.0,2.0,139.2,140.6,90.5,4.0,4034.0,22.3,181,5,5,1
2026-01-31 06:00:00+00:00,8.4,90.0,1.4,156.9,157.9,81.3,3.0,4900.0,17.2,183,6,5,1
2026-01-31 07:00:00+00:00,7.5,94.0,2.0,171.8,172.8,68.6,2.0,6124.0,10.2,185,7,5,1
2026-01-31 08:00:00+00:00,8.4,93.0,3.6,189.5,190.0,58.2,10.0,6556.0,6.0,188,8,5,1
2026-01-31 09:00:00+00:00,11.6,82.0,2.3,197.0,197.4,53.9,33.0,5409.0,6.4,191,9,5,1
2026-01-31 10:00:00+00:00,15.0,70.0,2.3,186.7,187.2,51.9,66.0,3470.0,9.6,195,10,5,1
2026-01-31 11:00:00+00:00,17.0,60.0,2.7,161.6,162.5,47.5,98.0,1942.0,13.9,198,11,5,1
2026-01-31 12:00:00+00:00,18.4,54.0,2.9,127.6,128.5,34.9,132.0,1319.0,20.1,202,12,5,1
2026-01-31 13:00:00+00:00,18.9,51.0,4.1,94.1,95.7,19.8,166.0,1107.0,27.4,205,13,5,1
2026-01-31 14:00:00+00:00,19.2,48.0,4.8,78.2,80.3,14.4,181.0,1030.0,32.5,207,14,5,1
2026-01-31 15:00:00+00:00,19.0,48.0,5.6,74.5,76.6,26.3,164.0,1036.0,32.9,209,15,5,1
2026-01-31 16:00:00+00:00,18.5,50.0,6.9,74.7,76.6,47.9,128.0,1176.0,31.0,210,16,5,1
2026-01-31 17:00:00+00:00,16.9,60.0,8.3,102.0,103.8,66.7,92.0,1329.0,29.9,212,17,5,1
2026-01-31 18:00:00+00:00,15.1,68.0,6.4,124.3,126.2,77.4,73.0,1472.0,30.8,214,18,5,1
2026-01-31 19:00:00+00:00,13.5,77.0,5.1,137.8,139.2,92.1,46.0,1627.0,32.1,215,19,5,1
2026-01-31 20:00:00+00:00,12.7,81.0,4.9,151.3,152.7,102.9,25.0,1738.0,33.5,216,20,5,1
2026-01-31 21:00:00+00:00,12.3,84.0,4.9,171.8,173.7,106.8,13.0,1783.0,35.7,217,21,5,1
2026-01-31 22:00:00+00:00,11.6,88.0,4.5,189.5,191.4,106.9,7.0,1785.0,38.0,218,22,5,1
2026-01-31 23:00:00+00:00,11.5,90.0,4.1,200.2,202.1,104.5,3.0,1756.0,38.4,219,23,5,1
2026-02-01 00:00:00+00:00,11.6,92.0,4.6,204.4,205.8,99.5,1.0,1693.0,35.1,221,0,6,2
2026-02-01 01:00:00+00:00,11.4,92.0,5.2,206.3,207.7,92.1,2.0,1600.0,29.8,222,1,6,2
2026-02-01 02:00:00+00:00,10.7,94.0,5.5,197.4,198.8,84.2,4.0,1501.0,25.4,224,2,6,2
2026-02-01 03:00:00+00:00,10.0,95.0,5.2,189.1,190.5,75.6,8.0,1260.0,23.2,226,3,6,2
2026-02-01 04:00:00+00:00,9.6,95.0,3.5,183.9,184.9,66.6,14.0,1012.0,21.9,228,4,6,2
2026-02-01 05:00:00+00:00,9.5,97.0,1.0,175.1,176.5,31.5,32.0,1188.0,5.1,229,5,6,2
2026-02-01 06:00:00+00:00,9.5,96.0,0.5,187.2,188.1,32.0,24.0,2311.0,4.3,231,6,6,2
2026-02-01 07:00:00+00:00,9.3,96.0,0.7,189.1,190.0,32.7,13.0,3858.0,3.3,232,7,6,2
2026-02-01 08:00:00+00:00,10.1,97.0,8.3,190.0,190.9,33.6,13.0,4686.0,3.3,233,8,6,2
2026-02-01 09:00:00+00:00,12.0,92.0,3.2,190.5,190.9,35.6,30.0,4096.0,4.7,233,9,6,2
2026-02-01 10:00:00+00:00,14.6,81.0,3.5,183.9,185.3,37.7,58.0,2787.0,7.1,232,10,6,2
2026-02-01 11:00:00+00:00,16.7,72.0,0.8,166.7,168.6,36.9,87.0,1720.0,10.3,232,11,6,2
2026-02-01 12:00:00+00:00,18.5,61.0,2.2,142.5,145.3,29.2,121.0,1266.0,14.9,232,12,6,2
2026-02-01 13:00:00+00:00,19.3,53.0,3.3,116.4,120.6,18.6,156.0,1053.0,20.3,233,13,6,2
2026-02-01 14:00:00+00:00,19.9,49.0,3.6,100.1,104.3,13.3,174.0,924.0,24.0,234,14,6,2
2026-02-01 15:00:00+00:00,20.0,48.0,2.8,91.5,95.7,17.6,162.0,821.0,24.6,235,15,6,2
2026-02-01 16:00:00+00:00,19.7,47.0,5.2,85.2,88.9,27.3,132.0,803.0,23.4,236,16,6,2
2026-02-01 17:00:00+00:00,18.5,56.0,6.3,106.2,110.6,56.0,83.0,886.0,20.7,236,17,6,2
2026-02-01 18:00:00+00:00,16.5,63.0,6.9,117.8,122.0,65.7,66.0,1108.0,21.9,236,18,6,2
2026-02-01 19:00:00+00:00,15.8,67.0,7.2,129.5,133.6,78.8,43.0,1432.0,23.5,236,19,6,2
2026-02-01 20:00:00+00:00,14.4,74.0,7.0,138.8,142.5,86.5,25.0,1763.0,24.9,236,20,6,2
2026-02-01 21:00:00+00:00,12.8,86.0,5.4,145.3,149.0,83.8,18.0,2123.0,26.3,235,21,6,2
2026-02-01 22:00:00+00:00,11.5,92.0,3.0,153.2,156.9,75.6,17.0,2489.0,27.4,234,22,6,2
2026-02-01 23:00:00+00:00,11.3,96.0,3.2,159.7,163.4,68.7,16.0,2703.0,27.4,232,23,6,2
2026-02-02 00:00:00+00:00,11.3,97.0,1.2,158.3,162.1,65.7,13.0,2668.0,25.5,231,0,0,2
2026-02-02 01:00:00+00:00,10.8,99.0,0.6,158.3,162.1,63.9,11.0,2480.0,22.4,229,1,0,2
2026-02-02 02:00:00+00:00,10.3,100.0,0.7,158.8,162.5,61.4,9.0,2270.0,18.9,227,2,0,2
2026-02-02 03:00:00+00:00,9.7,100.0,1.0,170.9,174.6,57.5,8.0,2038.0,14.7,225,3,0,2
2026-02-02 04:00:00+00:00,9.7,99.0,5.5,174.6,177.9,53.0,7.0,1783.0,10.0,224,4,0,2
2026-02-02 05:00:00+00:00,9.8,98.0,3.8,133.6,136.4,36.4,9.0,1631.0,0.1,224,5,0,2
2026-02-02 06:00:00+00:00,9.6,97.0,3.9,133.6,136.0,34.1,6.0,1680.0,0.1,222,6,0,2
2026-02-02 07:00:00+00:00,9.5,97.0,3.6,139.2,141.6,31.0,3.0,1831.0,0.1,220,7,0,2
2026-02-02 08:00:00+00:00,9.9,97.0,2.3,150.9,152.3,29.2,9.0,1914.0,1.0,218,8,0,2
2026-02-02 09:00:00+00:00,10.9,97.0,3.5,155.5,156.9,30.7,30.0,1868.0,3.3,216,9,0,2
2026-02-02 10:00:00+00:00,13.1,89.0,1.9,144.8,146.7,33.5,59.0,1753.0,6.5,215,10,0,2
2026-02-02 11:00:00+00:00,15.7,79.0,3.8,114.6,117.6,33.4,84.0,1577.0,9.2,213,11,0,2
2026-02-02 12:00:00+00:00,17.5,69.0,4.0,93.8,97.6,25.8,104.0,1285.0,10.9,211,12,0,2
2026-02-02 13:00:00+00:00,18.5,62.0,4.0,77.5,81.7,15.4,121.0,932.0,12.1,209,13,0,2
2026-02-02 14:00:00+00:00,19.1,58.0,3.8,69.2,73.8,12.3,126.0,692.0,13.2,207,14,0,2
2026-02-02 15:00:00+00:00,19.3,55.0,3.7,64.7,69.8,22.8,111.0,626.0,14.0,206,15,0,2
2026-02-02 16:00:00+00:00,19.1,55.0,4.0,63.8,68.9,40.6,84.0,673.0,14.7,205,16,0,2
2026-02-02 17:00:00+00:00,18.2,60.0,4.2,67.1,70.8,53.0,53.0,830.0,13.6,204,17,0,2
2026-02-02 18:00:00+00:00,16.4,68.0,5.1,85.4,89.4,60.7,42.0,1178.0,15.9,203,18,0,2
2026-02-02 19:00:00+00:00,15.7,72.0,5.1,98.7,102.7,71.0,27.0,1636.0,18.9,201,19,0,2
2026-02-02 20:00:00+00:00,15.1,75.0,5.2,102.9,106.9,76.5,17.0,1951.0,20.4,200,20,0,2
2026-02-02 21:00:00+00:00,14.2,79.0,5.6,97.8,101.7,73.3,16.0,2013.0,18.8,199,21,0,2
2026-02-02 22:00:00+00:00,13.9,79.0,3.9,93.6,97.3,65.3,21.0,1932.0,15.7,197,22,0,2
2026-02-02 23:00:00+00:00,13.3,80.0,4.0,92.4,96.2,56.7,26.0,1792.0,13.2,196,23,0,2
2026-02-03 00:00:00+00:00,12.9,80.0,4.5,92.7,96.4,48.0,32.0,1562.0,12.1,194,0,1,2
2026-02-03 01:00:00+00:00,12.5,81.0,5.1,94.3,98.3,38.8,39.0,1272.0,11.5,192,1,1,2
2026-02-03 02:00:00+00:00,11.6,83.0,5.8,96.4,100.6,31.4,44.0,1097.0,11.5,190,2,1,2
2026-02-03 03:00:00+00:00,11.1,84.0,5.6,98.5,102.7,25.9,48.0,1005.0,11.9,188,3,1,2
2026-02-03 04:00:00+00:00,10.5,84.0,5.8,101.0,105.2,22.4,50.0,1028.0,12.8,186,4,1,2
2026-02-03 05:00:00+00:00,10.1,83.0,4.9,118.7,122.9,32.9,33.0,1437.0,14.5,184,5,1,2
2026-02-03 06:00:00+00:00,9.8,82.0,2.5,121.5,125.7,38.3,28.0,2708.0,15.9,183,6,1,2
2026-02-03 07:00:00+00:00,9.4,84.0,0.0,129.5,133.2,45.4,22.0,4364.0,17.9,183,7,1,2
2026-02-03 08:00:00+00:00,10.2,85.0,1.3,139.2,142.5,48.5,29.0,5247.0,19.5,183,8,1,2
2026-02-03 09:00:00+00:00,12.6,75.0,2.2,142.0,144.8,44.4,58.0,4644.0,20.2,182,9,1,2
2026-02-03 10:00:00+00:00,15.2,64.0,2.9,133.2,136.4,36.3,100.0,3268.0,20.6,182,10,1,2
2026-02-03 11:00:00+00:00,17.4,54.0,2.9,117.8,121.5,28.5,137.0,2100.0,21.4,181,11,1,2
2026-02-03 12:00:00+00:00,19.6,46.0,2.4,102.4,106.6,19.4,168.0,1479.0,23.3,182,12,1,2
2026-02-03 13:00:00+00:00,20.8,38.0,2.6,88.9,93.6,10.6,193.0,1067.0,25.7,182,13,1,2
2026-02-03 14:00:00+00:00,21.1,35.0,3.3,80.1,85.7,11.1,201.0,831.0,27.4,182,14,1,2
2026-02-03 15:00:00+00:00,21.2,35.0,4.6,73.6,79.6,27.3,179.0,809.0,27.5,182,15,1,2
2026-02-03 16:00:00+00:00,20.7,37.0,6.6,73.1,78.9,52.7,140.0,962.0,26.9,183,16,1,2
2026-02-03 17:00:00+00:00,19.1,51.0,5.3,80.1,83.6,77.6,83.0,1145.0,24.7,183,17,1,2
2026-02-03 18:00:00+00:00,16.8,61.0,4.9,108.5,112.2,89.4,64.0,1326.0,28.8,183,18,1,2
2026-02-03 19:00:00+00:00,15.4,68.0,4.9,136.9,140.6,105.4,39.0,1535.0,34.4,184,19,1,2
2026-02-03 20:00:00+00:00,14.1,74.0,4.9,156.0,159.7,115.5,19.0,1720.0,37.5,185,20,1,2
2026-02-03 21:00:00+00:00,12.9,81.0,5.4,150.9,154.1,114.0,11.0,1859.0,36.0,187,21,1,2
2026-02-03 22:00:00+00:00,12.2,83.0,3.2,146.2,149.9,106.6,9.0,1974.0,32.1,188,22,1,2
2026-02-03 23:00:00+00:00,11.8,86.0,3.6,145.3,149.0,99.7,7.0,2074.0,28.7,190,23,1,2
2026-02-04 00:00:00+00:00,11.5,86.0,3.9,146.7,150.9,95.9,5.0,2206.0,27.3,192,0,2,2
2026-02-04 01:00:00+00:00,11.0,87.0,2.9,150.9,155.5,92.6,3.0,2323.0,26.5,193,1,2,2
2026-02-04 02:00:00+00:00,10.4,90.0,1.9,159.7,164.4,88.8,2.0,2300.0,24.8,195,2,2,2
2026-02-04 03:00:00+00:00,9.8,93.0,0.7,172.3,177.0,84.3,1.0,1921.0,21.5,197,3,2,2
2026-02-04 04:00:00+00:00,9.0,96.0,3.1,182.1,186.7,79.2,0.0,1402.0,17.4,199,4,2,2
2026-02-04 05:00:00+00:00,8.8,95.0,3.0,180.2,184.4,46.5,5.0,1262.0,0.1,202,5,2,2
2026-02-04 06:00:00+00:00,8.1,99.0,3.7,183.5,187.7,44.0,3.0,1984.0,0.4,204,6,2,2
2026-02-04 07:00:00+00:00,7.9,100.0,3.3,177.9,181.6,40.4,2.0,3085.0,0.9,207,7,2,2
2026-02-04 08:00:00+00:00,9.3,97.0,4.4,176.5,179.3,37.2,13.0,3640.0,2.5,209,8,2,2
2026-02-04 09:00:00+00:00,12.1,87.0,2.4,176.5,178.8,35.7,48.0,3090.0,6.2,211,9,2,2
2026-02-04 10:00:00+00:00,16.3,67.0,1.3,173.7,175.6,34.5,96.0,1994.0,11.0,212,10,2,2
2026-02-04 11:00:00+00:00,19.1,51.0,4.5,129.0,132.7,31.2,132.0,1107.0,14.5,214,11,2,2
2026-02-04 12:00:00+00:00,21.1,40.0,8.8,85.7,91.5,21.9,149.0,719.0,15.4,214,12,2,2
2026-02-04 13:00:00+00:00,21.9,36.0,10.8,54.0,62.4,10.3,154.0,541.0,15.0,213,13,2,2
2026-02-04 14:00:00+00:00,22.2,34.0,10.9,42.6,51.6,5.7,149.0,459.0,14.3,212,14,2,2
2026-02-04 15:00:00+00:00,22.2,32.0,10.2,37.8,46.8,13.5,130.0,428.0,13.5,210,15,2,2
2026-02-04 16:00:00+00:00,21.7,32.0,9.9,38.1,45.5,28.2,101.0,492.0,12.5,209,16,2,2
2026-02-04 17:00:00+00:00,20.7,37.0,8.2,41.3,45.4,40.9,74.0,677.0,10.4,207,17,2,2
2026-02-04 18:00:00+00:00,18.9,46.0,5.2,57.7,61.9,51.0,59.0,1105.0,11.9,206,18,2,2
2026-02-04 19:00:00+00:00,17.9,50.0,5.6,67.1,70.8,64.5,39.0,1652.0,13.8,204,19,2,2
2026-02-04 20:00:00+00:00,17.1,52.0,6.0,66.1,69.4,71.0,26.0,1974.0,15.0,201,20,2,2
2026-02-04 21:00:00+00:00,15.9,56.0,6.3,62.9,65.4,64.4,29.0,1863.0,14.6,198,21,2,2
2026-02-04 22:00:00+00:00,15.5,57.0,7.7,61.2,63.1,50.9,40.0,1527.0,13.4,195,22,2,2
2026-02-04 23:00:00+00:00,14.8,64.0,7.7,58.8,60.3,38.7,49.0,1240.0,12.2,193,23,2,2
2026-02-05 00:00:00+00:00,14.1,63.0,7.5,55.2,56.5,30.3,54.0,1105.0,11.3,190,0,3,2
2026-02-05 01:00:00+00:00,13.3,62.0,6.7,52.7,54.2,23.2,59.0,1021.0,10.3,187,1,3,2
2026-02-05 02:00:00+00:00,12.7,61.0,6.7,51.3,53.2,18.0,61.0,955.0,9.6,185,2,3,2
2026-02-05 03:00:00+00:00,12.0,61.0,6.8,50.3,52.7,14.7,62.0,849.0,9.0,181,3,3,2
2026-02-05 04:00:00+00:00,11.0,64.0,6.1,49.2,52.3,13.3,61.0,762.0,8.6,178,4,3,2
2026-02-05 05:00:00+00:00,10.3,73.0,5.9,60.5,63.1,19.1,45.0,840.0,9.8,174,5,3,2
2026-02-05 06:00:00+00:00,9.8,75.0,5.4,63.1,66.1,25.2,37.0,1279.0,10.4,170,6,3,2
2026-02-05 07:00:00+00:00,9.4,76.0,3.9,67.8,71.0,33.3,27.0,1884.0,11.2,167,7,3,2
2026-02-05 08:00:00+00:00,11.0,69.0,3.9,72.4,76.1,37.5,29.0,2216.0,11.8,163,8,3,2
2026-02-05 09:00:00+00:00,13.4,59.0,2.3,72.9,75.9,34.4,54.0,2017.0,11.9,160,9,3,2
2026-02-05 10:00:00+00:00,16.3,49.0,2.1,67.1,71.0,27.4,92.0,1544.0,11.9,157,10,3,2
2026-02-05 11:00:00+00:00,19.1,39.0,3.6,58.9,63.8,20.8,123.0,1130.0,12.2,154,11,3,2
2026-02-05 12:00:00+00:00,21.4,31.0,4.6,50.8,56.0,14.3,143.0,875.0,13.3,152,12,3,2
2026-02-05 13:00:00+00:00,22.6,27.0,6.2,42.4,47.5,8.2,157.0,678.0,14.7,151,13,3,2
2026-02-05 14:00:00+00:00,23.1,24.0,7.2,36.1,41.0,8.3,158.0,571.0,15.8,150,14,3,2
2026-02-05 15:00:00+00:00,23.2,23.0,7.2,32.7,37.4,18.7,140.0,447.0,15.8,150,15,3,2
2026-02-05 16:00:00+00:00,22.7,25.0,8.2,34.7,38.6,35.2,109.0,413.0,15.4,150,16,3,2
2026-02-05 17:00:00+00:00,21.5,28.0,6.6,58.8,61.7,58.9,93.0,814.0,19.8,150,17,3,2
2026-02-05 18:00:00+00:00,19.3,34.0,4.5,73.6,76.6,73.2,71.0,2043.0,22.0,151,18,3,2
2026-02-05 19:00:00+00:00,18.5,38.0,2.2,89.9,92.7,92.8,39.0,3708.0,25.1,151,19,3,2
2026-02-05 20:00:00+00:00,17.0,45.0,2.0,105.7,108.3,105.7,16.0,4978.0,27.3,152,20,3,2
2026-02-05 21:00:00+00:00,15.1,55.0,1.4,116.4,119.7,106.2,7.0,5512.0,28.4,153,21,3,2
2026-02-05 22:00:00+00:00,13.4,67.0,1.5,120.6,125.3,100.2,6.0,5652.0,28.6,154,22,3,2
2026-02-05 23:00:00+00:00,13.0,75.0,0.8,116.9,122.9,93.1,7.0,5591.0,27.6,156,23,3,2
2026-02-06 00:00:00+00:00,12.4,80.0,0.2,105.2,111.1,86.2,9.0,5333.0,24.4,158,0,4,2
2026-02-06 01:00:00+00:00,11.4,84.0,0.3,94.1,99.4,78.4,12.0,4875.0,19.9,159,1,4,2
2026-02-06 02:00:00+00:00,10.9,87.0,0.6,87.5,92.4,71.5,15.0,4404.0,16.4,161,2,4,2
2026-02-06 03:00:00+00:00,10.5,87.0,1.1,85.7,90.6,66.1,15.0,3932.0,14.7,162,3,4,2
2026-02-06 04:00:00+00:00,10.1,87.0,3.3,85.7,90.8,61.7,14.0,3447.0,13.9,163,4,4,2
2026-02-06 05:00:00+00:00,10.5,80.0,5.8,117.8,122.5,81.0,0.0,3101.0,22.7,164,5,4,2
2026-02-06 06:00:00+00:00,10.7,74.0,5.7,112.2,116.6,78.5,0.0,3053.0,23.1,166,6,4,2
2026-02-06 07:00:00+00:00,10.4,74.0,5.5,113.6,118.0,74.6,3.0,3145.0,23.5,167,7,4,2
2026-02-06 08:00:00+00:00,12.4,65.0,5.7,126.2,130.4,67.8,18.0,3049.0,23.1,168,8,4,2
2026-02-06 09:00:00+00:00,15.1,55.0,4.7,96.4,100.1,56.1,58.0,2553.0,21.0,170,9,4,2
2026-02-06 10:00:00+00:00,18.0,47.0,1.3,75.0,78.2,41.7,112.0,1870.0,18.0,171,10,4,2
2026-02-06 11:00:00+00:00,20.4,40.0,1.4,60.1,61.5,29.2,154.0,1311.0,16.4,171,11,4,2
2026-02-06 12:00:00+00:00,22.6,34.0,2.8,54.0,55.3,18.6,178.0,990.0,17.3,171,12,4,2
2026-02-06 13:00:00+00:00,23.7,33.0,5.4,47.7,49.6,10.0,190.0,794.0,19.5,171,13,4,2
2026-02-06 14:00:00+00:00,24.1,34.0,7.2,45.1,47.7,8.8,188.0,697.0,21.3,171,14,4,2
2026-02-06 15:00:00+00:00,24.2,35.0,7.5,45.6,49.1,18.8,166.0,639.0,21.5,172,15,4,2
2026-02-06 16:00:00+00:00,23.9,35.0,6.6,50.8,54.2,36.2,130.0,679.0,21.3,172,16,4,2
2026-02-06 17:00:00+00:00,22.9,38.0,4.8,67.1,69.2,66.4,84.0,976.0,21.6,172,17,4,2
2026-02-06 18:00:00+00:00,20.3,47.0,2.4,92.9,95.2,83.3,65.0,1796.0,25.6,173,18,4,2
2026-02-06 19:00:00+00:00,18.5,57.0,4.1,116.4,118.7,106.5,39.0,2872.0,31.2,173,19,4,2
2026-02-06 20:00:00+00:00,16.9,66.0,3.6,136.9,139.7,122.3,19.0,3559.0,36.1,174,20,4,2
2026-02-06 21:00:00+00:00,15.5,74.0,3.9,151.8,154.6,125.1,12.0,3472.0,40.1,175,21,4,2
2026-02-06 22:00:00+00:00,14.4,80.0,4.0,162.1,165.8,120.6,13.0,2997.0,43.3,176,22,4,2
2026-02-06 23:00:00+00:00,14.6,83.0,2.3,166.2,170.9,112.4,15.0,2643.0,43.6,177,23,4,2
2026-02-07 00:00:00+00:00,14.5,83.0,2.0,159.7,164.4,100.7,18.0,2689.0,39.2,179,0,5,2
2026-02-07 01:00:00+00:00,14.6,81.0,0.2,140.2,144.4,85.3,23.0,2855.0,31.8,180,1,5,2
2026-02-07 02:00:00+00:00,14.3,81.0,7.1,111.3,115.0,69.9,29.0,2818.0,25.0,182,2,5,2
2026-02-07 03:00:00+00:00,13.7,77.0,5.5,82.9,89.6,53.9,36.0,2309.0,19.5,182,3,5,2
2026-02-07 04:00:00+00:00,13.5,77.0,5.6,63.3,77.5,37.9,44.0,1596.0,14.6,182,4,5,2
2026-02-07 05:00:00+00:00,13.9,78.0,5.6,43.5,71.0,21.3,57.0,1156.0,10.6,182,5,5,2
2026-02-07 06:00:00+00:00,13.4,80.0,6.6,34.9,70.1,23.6,53.0,1317.0,10.3,179,6,5,2
2026-02-07 07:00:00+00:00,12.3,84.0,5.9,34.2,71.2,26.7,48.0,1751.0,9.9,177,7,5,2
2026-02-07 08:00:00+00:00,13.1,75.0,7.9,37.1,71.9,27.8,50.0,1954.0,10.1,175,8,5,2
2026-02-07 09:00:00+00:00,15.1,57.0,6.5,39.0,65.9,25.4,64.0,1642.0,11.7,172,9,5,2
2026-02-07 10:00:00+00:00,18.1,44.0,6.9,38.3,71.9,20.9,84.0,1097.0,13.9,170,10,5,2
2026-02-07 11:00:00+00:00,20.4,35.0,10.4,37.1,76.1,16.6,102.0,667.0,15.2,169,11,5,2
2026-02-07 12:00:00+00:00,22.1,28.0,11.8,31.7,64.5,11.9,116.0,487.0,14.8,169,12,5,2
2026-02-07 13:00:00+00:00,22.9,25.0,11.7,24.5,49.0,7.4,129.0,421.0,13.6,168,13,5,2
2026-02-07 14:00:00+00:00,23.3,24.0,11.6,20.4,39.7,6.1,132.0,403.0,12.4,167,14,5,2
2026-02-07 15:00:00+00:00,23.3,21.0,12.2,18.3,34.7,10.0,122.0,415.0,11.5,167,15,5,2
2026-02-07 16:00:00+00:00,22.4,24.0,11.3,18.1,32.6,17.2,104.0,477.0,10.8,166,16,5,2
2026-02-07 17:00:00+00:00,21.3,29.0,11.3,21.6,26.1,27.8,85.0,579.0,11.2,165,17,5,2
2026-02-07 18:00:00+00:00,20.0,33.0,8.5,31.4,37.1,35.4,71.0,759.0,11.4,163,18,5,2
2026-02-07 19:00:00+00:00,19.2,36.0,7.6,36.3,43.0,45.9,52.0,980.0,11.7,162,19,5,2
2026-02-07 20:00:00+00:00,18.4,37.0,7.4,40.3,48.2,53.2,37.0,1126.0,11.8,159,20,5,2
2026-02-07 21:00:00+00:00,17.4,38.0,7.0,44.8,54.5,54.9,31.0,1131.0,11.8,156,21,5,2
2026-02-07 22:00:00+00:00,16.4,39.0,6.6,50.6,61.5,53.4,30.0,1062.0,11.7,153,22,5,2
2026-02-07 23:00:00+00:00,15.3,48.0,6.4,53.2,65.0,50.0,31.0,1000.0,11.3,149,23,5,2
2026-02-08 00:00:00+00:00,15.3,48.0,6.3,52.2,64.3,43.7,35.0,965.0,10.3,138,0,6,2
2026-02-08 01:00:00+00:00,14.4,52.0,6.2,51.3,63.1,35.5,41.0,938.0,9.1,126,1,6,2
2026-02-08 02:00:00+00:00,13.2,58.0,5.6,51.6,63.3,29.1,45.0,943.0,8.1,117,2,6,2
2026-02-08 03:00:00+00:00,12.3,63.0,5.7,52.6,63.8,25.6,45.0,953.0,7.6,111,3,6,2
2026-02-08 04:00:00+00:00,11.4,66.0,5.6,53.7,64.3,23.8,42.0,995.0,7.5,108,4,6,2
2026-02-08 05:00:00+00:00,10.5,75.0,4.8,55.9,65.2,23.3,40.0,1181.0,8.3,107,5,6,2
2026-02-08 06:00:00+00:00,10.0,76.0,4.0,56.1,64.3,28.1,34.0,1709.0,8.9,108,6,6,2
2026-02-08 07:00:00+00:00,9.4,78.0,4.8,60.5,68.2,34.5,27.0,2381.0,9.8,110,7,6,2
2026-02-08 08:00:00+00:00,11.4,68.0,6.4,61.7,67.8,37.3,31.0,2711.0,10.6,113,8,6,2
2026-02-08 09:00:00+00:00,14.0,57.0,4.0,58.2,62.4,33.4,56.0,2388.0,11.2,116,9,6,2
2026-02-08 10:00:00+00:00,17.2,43.0,3.7,50.5,54.4,26.0,93.0,1723.0,11.8,118,10,6,2
2026-02-08 11:00:00+00:00,20.0,34.0,4.6,41.9,44.7,19.3,124.0,1163.0,12.4,119,11,6,2
2026-02-08 12:00:00+00:00,22.4,26.0,5.4,32.5,35.5,12.9,145.0,859.0,13.3,119,12,6,2
2026-02-08 13:00:00+00:00,23.7,21.0,6.2,25.0,28.8,7.3,160.0,659.0,14.3,119,13,6,2
2026-02-08 14:00:00+00:00,24.4,18.0,6.5,21.7,25.9,7.7,162.0,558.0,15.1,119,14,6,2
2026-02-08 15:00:00+00:00,24.5,18.0,6.1,20.5,25.0,18.0,145.0,551.0,15.1,120,15,6,2
2026-02-08 16:00:00+00:00,24.0,19.0,6.0,21.1,25.4,34.3,116.0,642.0,14.7,120,16,6,2
2026-02-08 17:00:00+00:00,22.9,22.0,5.2,35.7,39.1,45.0,99.0,842.0,15.4,120,17,6,2
2026-02-08 18:00:00+00:00,20.4,26.0,4.1,56.9,60.3,58.6,78.0,1246.0,17.4,122,18,6,2
2026-02-08 19:00:00+00:00,19.5,29.0,4.1,72.6,76.1,77.3,48.0,1758.0,20.2,124,19,6,2
2026-02-08 20:00:00+00:00,19.2,32.0,3.1,78.2,82.4,90.0,26.0,2097.0,22.1,128,20,6,2
2026-02-08 21:00:00+00:00,18.7,35.0,3.2,76.1,80.6,91.0,20.0,2095.0,22.1,132,21,6,2
2026-02-08 22:00:00+00:00,18.2,37.0,3.3,78.0,83.1,86.2,21.0,1919.0,21.2,135,22,6,2
2026-02-08 23:00:00+00:00,17.3,45.0,3.3,84.3,90.1,81.9,22.0,1793.0,20.5,138,23,6,2
2026-02-09 00:00:00+00:00,16.9,47.0,1.2,88.0,94.1,80.2,21.0,1807.0,20.2,141,0,0,2
2026-02-09 01:00:00+00:00,16.4,52.0,0.7,89.4,95.9,79.1,19.0,1870.0,20.0,145,1,0,2
2026-02-09 02:00:00+00:00,15.5,54.0,0.6,90.3,97.3,79.2,17.0,1938.0,20.3,149,2,0,2
2026-02-09 03:00:00+00:00,14.3,55.0,0.3,94.3,101.7,81.6,13.0,1915.0,21.1,151,3,0,2
2026-02-09 04:00:00+00:00,13.2,60.0,1.5,100.4,108.0,85.3,8.0,1897.0,22.2,152,4,0,2
2026-02-09 05:00:00+00:00,12.0,72.0,2.3,118.0,125.3,91.2,0.0,2123.0,23.0,154,5,0,2
2026-02-09 06:00:00+00:00,11.5,74.0,2.6,127.1,134.1,87.9,0.0,2943.0,24.4,155,6,0,2
2026-02-09 07:00:00+00:00,11.4,73.0,2.9,144.8,151.8,83.0,0.0,4007.0,26.2,157,7,0,2
2026-02-09 08:00:00+00:00,12.9,65.0,5.7,163.4,169.5,76.6,4.0,4504.0,27.0,160,8,0,2
2026-02-09 09:00:00+00:00,15.8,54.0,3.5,122.9,128.5,68.3,30.0,3913.0,25.6,163,9,0,2
2026-02-09 10:00:00+00:00,19.0,45.0,3.2,95.9,101.7,58.5,66.0,2755.0,23.3,165,10,0,2
2026-02-09 11:00:00+00:00,21.4,39.0,3.8,73.1,77.8,48.2,100.0,1786.0,22.0,166,11,0,2
2026-02-09 12:00:00+00:00,23.3,33.0,3.6,64.0,67.5,34.9,132.0,1270.0,23.1,167,12,0,2
2026-02-09 13:00:00+00:00,24.3,29.0,1.9,52.6,56.7,21.2,162.0,944.0,25.3,168,13,0,2
2026-02-09 14:00:00+00:00,24.8,27.0,2.7,45.9,50.8,15.1,176.0,768.0,26.6,169,14,0,2
2026-02-09 15:00:00+00:00,24.4,29.0,6.2,42.1,47.3,22.6,164.0,790.0,26.0,170,15,0,2
2026-02-09 16:00:00+00:00,23.0,41.0,11.0,43.1,48.0,37.7,136.0,962.0,24.5,170,16,0,2
2026-02-09 17:00:00+00:00,20.8,53.0,11.7,61.9,66.4,43.7,94.0,1108.0,20.6,171,17,0,2
2026-02-09 18:00:00+00:00,19.6,57.0,8.7,75.0,78.7,54.2,74.0,1160.0,20.9,172,18,0,2
2026-02-09 19:00:00+00:00,19.1,62.0,7.9,85.2,88.9,68.6,47.0,1185.0,21.3,172,19,0,2
2026-02-09 20:00:00+00:00,18.7,64.0,7.1,95.5,98.7,78.9,26.0,1209.0,21.6,173,20,0,2
2026-02-09 21:00:00+00:00,17.6,69.0,7.4,103.4,106.4,82.3,15.0,1258.0,22.0,173,21,0,2
2026-02-09 22:00:00+00:00,16.0,76.0,4.7,110.4,114.3,81.5,11.0,1306.0,22.3,174,22,0,2
2026-02-09 23:00:00+00:00,15.4,78.0,5.2,116.6,121.5,76.5,11.0,1304.0,22.0,175,23,0,2
2026-02-10 00:00:00+00:00,15.3,78.0,6.5,115.3,120.6,64.4,19.0,1201.0,20.3,176,0,1,2
2026-02-10 01:00:00+00:00,14.9,79.0,7.4,105.5,110.1,48.0,33.0,1047.0,18.0,177,1,1,2
2026-02-10 02:00:00+00:00,13.8,85.0,7.6,99.2,103.6,35.9,42.0,953.0,16.3,177,2,1,2
2026-02-10 03:00:00+00:00,13.4,86.0,7.7,97.8,102.7,31.9,42.0,919.0,15.8,177,3,1,2
2026-02-10 04:00:00+00:00,12.6,89.0,5.6,100.4,106.6,32.2,37.0,944.0,16.0,178,4,1,2
2026-02-10 05:00:00+00:00,12.0,92.0,4.1,110.4,117.3,46.0,19.0,1129.0,16.2,178,5,1,2
2026-02-10 06:00:00+00:00,11.9,93.0,4.2,113.6,121.1,49.2,13.0,1674.0,17.2,177,6,1,2
2026-02-10 07:00:00+00:00,11.6,94.0,2.2,126.2,133.6,53.1,6.0,2379.0,18.6,177,7,1,2
2026-02-10 08:00:00+00:00,12.7,88.0,4.4,140.6,147.1,53.5,15.0,2745.0,19.9,176,8,1,2
2026-02-10 09:00:00+00:00,15.0,76.0,3.1,131.3,136.9,47.3,54.0,2461.0,21.2,176,9,1,2
2026-02-10 10:00:00+00:00,17.8,65.0,3.7,112.7,120.1,37.5,109.0,1839.0,22.4,176,10,1,2
2026-02-10 11:00:00+00:00,19.8,58.0,7.3,95.7,100.6,28.4,153.0,1315.0,22.7,176,11,1,2
2026-02-10 12:00:00+00:00,21.3,50.0,7.9,79.6,84.8,20.5,178.0,1053.0,21.7,177,12,1,2
2026-02-10 13:00:00+00:00,22.3,43.0,7.8,64.5,70.3,13.2,191.0,888.0,19.8,178,13,1,2
2026-02-10 14:00:00+00:00,22.9,40.0,7.3,51.5,57.9,9.2,192.0,764.0,17.8,178,14,1,2
2026-02-10 15:00:00+00:00,22.9,38.0,8.5,43.2,49.6,10.8,174.0,667.0,15.7,178,15,1,2
2026-02-10 16:00:00+00:00,22.3,39.0,12.3,34.5,41.4,15.5,143.0,612.0,13.4,178,16,1,2
2026-02-10 17:00:00+00:00,21.9,43.0,8.5,28.9,36.0,18.4,98.0,582.0,9.0,178,17,1,2
2026-02-10 18:00:00+00:00,20.0,53.0,6.4,28.5,36.0,17.9,92.0,579.0,8.0,177,18,1,2
2026-02-10 19:00:00+00:00,18.5,60.0,9.3,28.2,37.0,17.2,84.0,603.0,6.5,176,19,1,2
2026-02-10 20:00:00+00:00,17.2,68.0,9.6,27.6,36.9,16.7,78.0,636.0,5.5,174,20,1,2
2026-02-10 21:00:00+00:00,16.3,73.0,7.1,26.8,35.4,16.5,76.0,689.0,5.3,172,21,1,2
2026-02-10 22:00:00+00:00,15.8,74.0,8.2,27.5,35.6,16.6,75.0,752.0,5.4,170,22,1,2
2026-02-10 23:00:00+00:00,15.8,77.0,5.7,29.0,37.3,16.7,73.0,781.0,5.6,167,23,1,2
2026-02-11 00:00:00+00:00,15.6,75.0,6.2,29.6,38.5,17.2,68.0,747.0,5.6,164,0,2,2
2026-02-11 01:00:00+00:00,14.8,75.0,5.0,32.4,42.7,17.8,62.0,678.0,5.6,162,1,2,2
2026-02-11 02:00:00+00:00,14.0,77.0,7.4,36.1,46.4,17.7,58.0,617.0,5.6,160,2,2,2
2026-02-11 03:00:00+00:00,13.4,76.0,9.5,36.3,44.8,15.6,56.0,550.0,5.5,158,3,2,2
2026-02-11 04:00:00+00:00,12.9,75.0,10.1,34.6,41.7,12.8,56.0,491.0,5.3,156,4,2,2
2026-02-11 05:00:00+00:00,12.8,65.0,11.2,34.7,40.3,16.1,48.0,525.0,6.0,154,5,2,2
2026-02-11 06:00:00+00:00,12.7,69.0,11.7,32.7,38.0,19.6,44.0,753.0,6.4,152,6,2,2
2026-02-11 07:00:00+00:00,12.4,73.0,11.2,34.6,39.7,24.3,39.0,1074.0,7.0,148,7,2,2
2026-02-11 08:00:00+00:00,13.4,68.0,10.7,37.1,41.9,26.6,42.0,1267.0,8.0,138,8,2,2
2026-02-11 09:00:00+00:00,15.6,59.0,7.6,38.3,42.7,24.5,58.0,1219.0,9.6,128,9,2,2
2026-02-11 10:00:00+00:00,18.4,49.0,7.1,36.3,41.3,19.9,81.0,1044.0,11.5,118,10,2,2
2026-02-11 11:00:00+00:00,21.3,42.0,9.3,34.1,39.1,15.5,102.0,863.0,12.9,110,11,2,2
2026-02-11 12:00:00+00:00,23.4,34.0,12.1,28.2,34.0,11.4,118.0,694.0,13.6,104,12,2,2
2026-02-11 13:00:00+00:00,24.4,30.0,12.8,27.0,35.7,7.4,130.0,519.0,13.8,99,13,2,2
2026-02-11 14:00:00+00:00,24.8,29.0,12.4,28.0,39.8,5.7,136.0,409.0,13.7,96,14,2,2
2026-02-11 15:00:00+00:00,24.6,29.0,11.2,27.3,38.9,6.7,133.0,382.0,13.2,94,15,2,2
2026-02-11 16:00:00+00:00,24.1,30.0,10.3,25.4,35.2,9.9,122.0,421.0,12.4,93,16,2,2
2026-02-11 17:00:00+00:00,23.0,34.0,8.8,23.6,29.6,17.2,109.0,543.0,10.9,92,17,2,2
2026-02-11 18:00:00+00:00,21.3,39.0,4.8,31.8,36.3,30.8,86.0,830.0,11.7,92,18,2,2
2026-02-11 19:00:00+00:00,20.3,42.0,5.2,41.0,44.7,49.2,55.0,1199.0,12.8,92,19,2,2
2026-02-11 20:00:00+00:00,19.2,47.0,5.6,46.0,49.0,59.9,34.0,1423.0,13.3,93,20,2,2
2026-02-11 21:00:00+00:00,18.2,52.0,5.9,46.7,49.0,55.9,33.0,1365.0,12.7,94,21,2,2
2026-02-11 22:00:00+00:00,17.7,54.0,6.9,44.9,46.6,44.3,43.0,1161.0,11.6,96,22,2,2
2026-02-11 23:00:00+00:00,17.3,60.0,8.0,42.1,43.3,33.9,52.0,988.0,10.4,97,23,2,2
2026-02-12 00:00:00+00:00,16.5,59.0,8.1,38.8,39.7,27.3,56.0,903.0,9.2,98,0,3,2
2026-02-12 01:00:00+00:00,15.1,63.0,6.0,36.8,37.6,22.0,59.0,849.0,7.9,99,1,3,2
2026-02-12 02:00:00+00:00,13.8,67.0,5.1,36.6,37.3,18.5,60.0,827.0,7.1,99,2,3,2
2026-02-12 03:00:00+00:00,13.0,71.0,4.6,38.1,38.8,17.4,57.0,816.0,6.9,99,3,3,2
2026-02-12 04:00:00+00:00,12.2,74.0,4.4,39.9,41.0,18.2,52.0,837.0,7.1,99,4,3,2
2026-02-12 05:00:00+00:00,11.6,80.0,4.7,45.4,46.7,20.8,45.0,959.0,8.3,100,5,3,2
2026-02-12 06:00:00+00:00,11.5,81.0,5.2,45.5,47.4,26.3,38.0,1313.0,8.8,101,6,3,2
2026-02-12 07:00:00+00:00,11.0,83.0,5.5,49.6,51.8,33.5,29.0,1768.0,9.5,102,7,3,2
2026-02-12 08:00:00+00:00,13.0,71.0,7.3,52.4,54.7,36.6,33.0,2001.0,10.5,104,8,3,2
2026-02-12 09:00:00+00:00,15.5,60.0,3.9,50.4,52.6,31.7,60.0,1817.0,12.0,105,9,3,2
2026-02-12 10:00:00+00:00,18.4,49.0,3.0,42.3,43.9,22.7,99.0,1411.0,13.7,107,10,3,2
2026-02-12 11:00:00+00:00,21.1,40.0,2.6,32.0,32.9,15.0,130.0,1048.0,14.7,107,11,3,2
2026-02-12 12:00:00+00:00,23.5,32.0,3.2,20.4,22.2,9.9,146.0,801.0,14.5,107,12,3,2
2026-02-12 13:00:00+00:00,24.7,28.0,5.2,17.9,21.1,6.2,154.0,597.0,13.5,106,13,3,2
2026-02-12 14:00:00+00:00,25.4,25.0,5.6,17.1,21.5,5.9,155.0,479.0,12.9,105,14,3,2
2026-02-12 15:00:00+00:00,25.7,23.0,4.6,16.9,21.7,9.6,148.0,459.0,12.7,104,15,3,2
2026-02-12 16:00:00+00:00,25.5,23.0,4.3,17.1,21.8,16.7,133.0,525.0,12.7,103,16,3,2
2026-02-12 17:00:00+00:00,24.2,26.0,5.8,23.4,27.0,23.3,128.0,680.0,15.2,102,17,3,2
2026-02-12 18:00:00+00:00,22.4,30.0,5.4,41.0,44.1,41.8,99.0,984.0,16.5,102,18,3,2
2026-02-12 19:00:00+00:00,21.4,34.0,5.4,55.9,58.7,67.3,60.0,1378.0,18.3,103,19,3,2
2026-02-12 20:00:00+00:00,20.2,38.0,5.0,67.8,70.3,85.4,30.0,1681.0,20.0,105,20,3,2
2026-02-12 21:00:00+00:00,19.5,39.0,3.3,76.4,78.9,88.7,20.0,1838.0,21.7,107,21,3,2
2026-02-12 22:00:00+00:00,18.8,41.0,1.5,85.0,88.2,84.6,20.0,1905.0,23.4,110,22,3,2
2026-02-12 23:00:00+00:00,18.3,47.0,1.7,91.7,96.2,81.4,20.0,1871.0,24.2,114,23,3,2
2026-02-13 00:00:00+00:00,17.2,50.0,2.0,95.2,100.1,82.3,16.0,1672.0,23.8,119,0,4,2
2026-02-13 01:00:00+00:00,16.3,54.0,1.5,98.3,103.4,84.0,11.0,1373.0,22.6,125,1,4,2
2026-02-13 02:00:00+00:00,15.3,57.0,2.0,100.1,105.2,84.8,7.0,1158.0,21.2,132,2,4,2
2026-02-13 03:00:00+00:00,14.3,61.0,3.2,98.0,103.1,84.0,4.0,1053.0,19.4,138,3,4,2
2026-02-13 04:00:00+00:00,13.5,65.0,3.6,96.4,101.3,82.3,1.0,1032.0,17.5,145,4,4,2
2026-02-13 05:00:00+00:00,12.8,71.0,4.2,69.6,71.9,40.1,33.0,1204.0,11.2,150,5,4,2
2026-02-13 06:00:00+00:00,12.5,72.0,3.5,72.9,75.9,45.1,26.0,1807.0,12.5,151,6,4,2
2026-02-13 07:00:00+00:00,12.1,74.0,3.8,82.0,85.7,51.5,17.0,2604.0,14.3,152,7,4,2
2026-02-13 08:00:00+00:00,13.9,66.0,6.2,94.1,98.7,53.1,23.0,2985.0,15.9,153,8,4,2
2026-02-13 09:00:00+00:00,17.0,55.0,3.8,85.4,88.9,45.8,57.0,2561.0,17.1,154,9,4,2
2026-02-13 10:00:00+00:00,19.9,47.0,3.4,74.0,76.4,33.8,106.0,1722.0,18.2,155,10,4,2
2026-02-13 11:00:00+00:00,22.5,40.0,5.8,58.3,59.0,23.2,144.0,1033.0,18.5,156,11,4,2
2026-02-13 12:00:00+00:00,24.7,31.0,7.0,36.8,37.3,15.4,162.0,705.0,17.7,157,12,4,2
2026-02-13 13:00:00+00:00,25.8,26.0,7.5,23.7,24.2,9.0,169.0,528.0,16.3,157,13,4,2
2026-02-13 14:00:00+00:00,26.4,22.0,7.4,20.0,20.5,5.9,170.0,434.0,15.1,157,14,4,2
2026-02-13 15:00:00+00:00,26.5,21.0,7.9,19.0,19.4,5.8,165.0,391.0,14.3,157,15,4,2
2026-02-13 16:00:00+00:00,26.0,22.0,7.5,18.7,19.2,8.9,153.0,431.0,13.9,157,16,4,2
2026-02-13 17:00:00+00:00,24.7,24.0,6.3,29.2,30.5,20.6,125.0,587.0,13.0,157,17,4,2
2026-02-13 18:00:00+00:00,22.7,30.0,5.4,49.4,50.6,39.8,96.0,925.0,14.7,158,18,4,2
2026-02-13 19:00:00+00:00,22.2,35.0,6.6,67.1,68.2,66.0,56.0,1378.0,17.1,158,19,4,2
2026-02-13 20:00:00+00:00,20.8,40.0,5.2,76.4,77.5,84.6,27.0,1780.0,19.1,158,20,4,2
2026-02-13 21:00:00+00:00,19.3,45.0,2.3,80.6,82.0,88.1,18.0,2106.0,20.2,159,21,4,2
2026-02-13 22:00:00+00:00,17.3,52.0,5.3,88.0,89.6,83.8,19.0,2380.0,21.0,159,22,4,2
2026-02-13 23:00:00+00:00,16.2,62.0,4.5,95.7,97.3,79.2,21.0,2512.0,21.5,159,23,4,2
2026-02-14 00:00:00+00:00,16.0,66.0,3.3,101.5,103.1,76.5,20.0,2412.0,21.8,159,0,5,2
2026-02-14 01:00:00+00:00,15.1,74.0,3.3,107.3,109.4,73.5,19.0,2169.0,21.9,159,1,5,2
2026-02-14 02:00:00+00:00,14.0,82.0,3.5,112.0,115.7,70.8,18.0,1956.0,22.0,159,2,5,2
2026-02-14 03:00:00+00:00,13.0,91.0,3.6,115.3,120.1,68.1,16.0,1716.0,22.1,160,3,5,2
2026-02-14 04:00:00+00:00,12.4,95.0,3.2,116.4,122.0,65.7,14.0,1506.0,22.2,160,4,5,2
2026-02-14 05:00:00+00:00,12.2,94.0,0.5,118.7,123.4,79.2,0.0,1670.0,20.4,161,5,5,2
2026-02-14 06:00:00+00:00,11.9,95.0,0.2,121.1,126.2,82.5,0.0,2684.0,23.0,162,6,5,2
2026-02-14 07:00:00+00:00,11.4,97.0,0.2,130.4,136.0,86.3,0.0,4071.0,26.6,164,7,5,2
2026-02-14 08:00:00+00:00,13.1,89.0,1.1,144.4,150.4,83.2,16.0,4744.0,29.1,165,8,5,2
2026-02-14 09:00:00+00:00,17.5,68.0,1.6,122.0,125.7,67.2,61.0,4007.0,29.8,167,9,5,2
2026-02-14 10:00:00+00:00,21.4,49.0,2.2,89.4,90.8,44.3,120.0,2555.0,29.3,168,10,5,2
2026-02-14 11:00:00+00:00,23.8,40.0,5.2,66.6,68.7,25.6,164.0,1391.0,27.6,168,11,5,2
2026-02-14 12:00:00+00:00,25.5,34.0,6.7,39.7,42.0,14.9,180.0,912.0,23.9,168,12,5,2
2026-02-14 13:00:00+00:00,26.4,30.0,7.4,26.5,28.9,8.3,181.0,721.0,18.9,168,13,5,2
2026-02-14 14:00:00+00:00,26.9,28.0,7.6,23.3,25.7,5.2,176.0,623.0,15.1,169,14,5,2
2026-02-14 15:00:00+00:00,27.1,27.0,6.8,21.6,24.2,5.2,168.0,544.0,13.3,169,15,5,2
2026-02-14 16:00:00+00:00,26.7,28.0,7.2,20.6,23.5,8.7,155.0,557.0,12.6,169,16,5,2
2026-02-14 17:00:00+00:00,25.2,33.0,5.9,32.4,38.5,21.3,121.0,694.0,10.7,169,17,5,2
2026-02-14 18:00:00+00:00,23.4,38.0,5.3,42.7,47.7,34.9,98.0,1033.0,11.5,169,18,5,2
2026-02-14 19:00:00+00:00,22.7,41.0,7.1,53.4,57.7,53.3,67.0,1494.0,12.7,169,19,5,2
2026-02-14 20:00:00+00:00,21.6,45.0,5.8,58.7,62.6,64.9,46.0,1872.0,13.5,168,20,5,2
2026-02-14 21:00:00+00:00,20.3,48.0,5.4,60.3,64.3,63.5,43.0,2123.0,13.6,168,21,5,2
2026-02-14 22:00:00+00:00,19.4,50.0,5.5,62.9,67.1,55.2,50.0,2289.0,13.4,167,22,5,2
2026-02-14 23:00:00+00:00,18.8,60.0,5.4,66.1,70.8,47.2,56.0,2295.0,13.0,166,23,5,2
2026-02-15 00:00:00+00:00,18.4,61.0,4.5,68.9,73.8,41.6,57.0,2027.0,12.4,166,0,6,2
2026-02-15 01:00:00+00:00,17.4,65.0,5.6,70.8,75.9,36.3,56.0,1598.0,11.6,165,1,6,2
2026-02-15 02:00:00+00:00,16.6,68.0,6.0,71.0,76.1,31.7,55.0,1267.0,11.0,163,2,6,2
2026-02-15 03:00:00+00:00,16.1,70.0,6.1,70.1,75.0,26.6,54.0,1019.0,10.5,162,3,6,2
2026-02-15 04:00:00+00:00,14.7,76.0,5.0,69.8,74.5,22.2,53.0,869.0,10.2,161,4,6,2
2026-02-15 05:00:00+00:00,13.8,79.0,2.0,119.0,125.3,74.8,16.0,1121.0,20.6,160,5,6,2
2026-02-15 06:00:00+00:00,13.2,82.0,1.1,117.1,123.9,78.7,13.0,2256.0,22.6,160,6,6,2
2026-02-15 07:00:00+00:00,12.6,85.0,0.3,127.6,134.1,83.2,10.0,3793.0,25.3,159,7,6,2
2026-02-15 08:00:00+00:00,14.1,77.0,3.4,141.1,147.6,80.5,21.0,4587.0,26.6,159,8,6,2
2026-02-15 09:00:00+00:00,17.6,62.0,1.8,117.1,122.0,63.9,59.0,3924.0,25.6,159,9,6,2
2026-02-15 10:00:00+00:00,21.1,50.0,1.6,92.0,97.6,40.1,110.0,2518.0,23.2,159,10,6,2
2026-02-15 11:00:00+00:00,23.7,43.0,4.2,64.7,71.2,21.1,148.0,1369.0,20.5,159,11,6,2
2026-02-15 12:00:00+00:00,26.1,34.0,6.3,35.4,44.8,11.3,161.0,857.0,17.2,159,12,6,2
2026-02-15 13:00:00+00:00,27.3,26.0,9.0,23.3,35.7,6.3,161.0,601.0,13.6,159,13,6,2
2026-02-15 14:00:00+00:00,27.8,22.0,9.3,20.0,33.9,4.5,157.0,462.0,10.8,159,14,6,2
2026-02-15 15:00:00+00:00,27.8,23.0,8.4,18.7,32.9,4.6,152.0,344.0,9.4,159,15,6,2
2026-02-15 16:00:00+00:00,27.5,23.0,7.4,18.5,32.5,7.9,142.0,342.0,9.0,159,16,6,2
2026-02-15 17:00:00+00:00,26.6,25.0,6.3,23.2,36.1,15.8,128.0,599.0,9.4,159,17,6,2
2026-02-15 18:00:00+00:00,24.0,30.0,3.9,32.1,42.8,34.1,101.0,1319.0,10.6,158,18,6,2
2026-02-15 19:00:00+00:00,23.0,33.0,2.1,44.9,55.6,59.4,63.0,2299.0,12.3,158,19,6,2
2026-02-15 20:00:00+00:00,22.0,38.0,1.0,56.5,67.5,79.3,34.0,3073.0,14.5,158,20,6,2
2026-02-15 21:00:00+00:00,20.2,40.0,0.9,68.2,79.9,88.5,22.0,3519.0,17.7,158,21,6,2
2026-02-15 22:00:00+00:00,17.9,48.0,5.2,80.6,93.6,92.1,19.0,3758.0,21.5,158,22,6,2
2026-02-15 23:00:00+00:00,16.8,61.0,5.4,91.3,106.6,93.3,16.0,3696.0,24.0,158,23,6,2
2026-02-16 00:00:00+00:00,16.2,69.0,5.1,101.5,117.8,92.8,12.0,3120.0,24.4,159,0,0,2
2026-02-16 01:00:00+00:00,15.2,79.0,4.7,111.5,127.6,89.9,9.0,2242.0,23.7,160,1,0,2
2026-02-16 02:00:00+00:00,14.3,88.0,4.7,116.9,131.3,85.2,7.0,1598.0,22.5,161,2,0,2
2026-02-16 03:00:00+00:00,13.7,92.0,3.4,111.1,125.3,77.7,7.0,1349.0,20.8,163,3,0,2
2026-02-16 04:00:00+00:00,12.8,96.0,2.7,109.4,123.4,68.4,9.0,1334.0,18.6,164,4,0,2
2026-02-16 05:00:00+00:00,12.4,97.0,2.9,102.4,115.3,56.3,12.0,1613.0,15.1,165,5,0,2
2026-02-16 06:00:00+00:00,11.8,100.0,2.5,107.8,121.5,58.9,8.0,2511.0,15.9,165,6,0,2
2026-02-16 07:00:00+00:00,11.3,100.0,2.7,122.0,136.9,61.9,5.0,3703.0,17.2,164,7,0,2
2026-02-16 08:00:00+00:00,12.5,97.0,4.3,134.6,145.8,60.4,17.0,4269.0,19.0,164,8,0,2
2026-02-16 09:00:00+00:00,17.0,76.0,3.5,110.6,118.7,50.5,60.0,3608.0,22.2,164,9,0,2
2026-02-16 10:00:00+00:00,21.7,55.0,3.5,85.9,95.5,36.1,120.0,2321.0,26.0,164,10,0,2
2026-02-16 11:00:00+00:00,24.4,42.0,1.8,60.5,71.2,23.7,165.0,1290.0,27.8,164,11,0,2
2026-02-16 12:00:00+00:00,26.7,31.0,0.9,40.0,50.5,15.3,184.0,858.0,25.8,164,12,0,2
2026-02-16 13:00:00+00:00,27.7,25.0,0.6,29.8,40.3,9.0,189.0,682.0,21.8,164,13,0,2
2026-02-16 14:00:00+00:00,28.0,23.0,1.5,27.7,38.1,5.8,189.0,614.0,18.8,164,14,0,2
2026-02-16 15:00:00+00:00,28.1,22.0,2.5,27.5,37.7,5.4,189.0,634.0,17.9,164,15,0,2
2026-02-16 16:00:00+00:00,27.6,24.0,5.4,27.6,37.6,8.1,185.0,761.0,17.8,164,16,0,2
2026-02-16 17:00:00+00:00,25.5,39.0,8.4,39.3,52.2,13.6,188.0,909.0,18.6,165,17,0,2
2026-02-16 18:00:00+00:00,22.9,52.0,7.7,56.7,68.5,38.1,149.0,1074.0,19.7,165,18,0,2
2026-02-16 19:00:00+00:00,21.3,58.0,4.5,75.9,87.1,71.5,94.0,1258.0,21.2,167,19,0,2
2026-02-16 20:00:00+00:00,19.8,66.0,3.9,86.4,96.6,92.9,54.0,1387.0,21.9,167,20,0,2
2026-02-16 21:00:00+00:00,18.9,70.0,3.9,91.0,100.6,91.6,41.0,1432.0,21.1,168,21,0,2
2026-02-16 22:00:00+00:00,18.0,75.0,4.9,92.4,100.8,78.3,41.0,1420.0,19.5,168,22,0,2
2026-02-16 23:00:00+00:00,17.2,86.0,5.0,91.5,99.2,65.0,44.0,1358.0,17.9,169,23,0,2
2026-02-17 00:00:00+00:00,17.1,85.0,6.1,88.0,95.5,55.0,47.0,1214.0,16.4,169,0,1,2
2026-02-17 01:00:00+00:00,16.6,83.0,6.0,87.1,95.0,44.8,52.0,1021.0,14.8,168,1,1,2
2026-02-17 02:00:00+00:00,16.0,83.0,6.1,88.2,96.2,36.3,56.0,880.0,13.4,168,2,1,2
2026-02-17 03:00:00+00:00,15.4,86.0,7.6,89.4,96.9,29.0,57.0,790.0,12.2,167,3,1,2
2026-02-17 04:00:00+00:00,14.6,90.0,5.2,90.1,96.6,23.3,57.0,753.0,11.3,166,4,1,2
2026-02-17 05:00:00+00:00,14.4,90.0,5.5,79.6,85.2,17.3,71.0,874.0,10.6,165,5,1,2
2026-02-17 06:00:00+00:00,14.0,91.0,5.2,79.6,85.0,24.7,63.0,1334.0,11.1,165,6,1,2
2026-02-17 07:00:00+00:00,13.9,89.0,5.4,83.6,88.7,34.6,52.0,1952.0,12.1,164,7,1,2
2026-02-17 08:00:00+00:00,15.4,79.0,7.6,87.8,92.4,39.9,54.0,2290.0,14.5,163,8,1,2
2026-02-17 09:00:00+00:00,17.9,68.0,5.4,89.9,94.5,36.3,79.0,2090.0,19.9,161,9,1,2
2026-02-17 10:00:00+00:00,20.6,58.0,6.5,84.8,91.0,28.0,116.0,1611.0,26.6,161,10,1,2
2026-02-17 11:00:00+00:00,22.6,54.0,6.8,70.1,78.0,20.4,146.0,1190.0,31.0,161,11,1,2
2026-02-17 12:00:00+00:00,23.9,50.0,8.6,51.6,60.5,14.5,162.0,934.0,30.9,161,12,1,2
2026-02-17 13:00:00+00:00,24.5,47.0,9.3,41.6,50.8,9.2,172.0,737.0,28.5,161,13,1,2
2026-02-17 14:00:00+00:00,25.1,43.0,10.1,38.6,47.7,6.9,174.0,620.0,26.2,162,14,1,2
2026-02-17 15:00:00+00:00,25.4,39.0,10.1,37.4,46.3,7.6,170.0,574.0,24.9,162,15,1,2
2026-02-17 16:00:00+00:00,25.0,39.0,7.7,36.7,45.4,11.3,159.0,608.0,23.7,162,16,1,2
2026-02-17 17:00:00+00:00,21.3,57.0,19.5,41.6,50.8,22.5,129.0,770.0,20.3,163,17,1,2
2026-02-17 18:00:00+00:00,20.0,60.0,3.8,49.7,57.2,29.6,112.0,1169.0,19.9,163,18,1,2
2026-02-17 19:00:00+00:00,20.2,62.0,0.9,56.7,63.1,39.5,88.0,1697.0,19.4,163,19,1,2
2026-02-17 20:00:00+00:00,19.7,63.0,0.9,61.0,66.8,48.2,67.0,2072.0,19.3,162,20,1,2
2026-02-17 21:00:00+00:00,19.4,63.0,1.7,67.3,73.3,54.4,54.0,2174.0,19.9,161,21,1,2
2026-02-17 22:00:00+00:00,19.2,63.0,6.4,77.8,84.5,59.4,44.0,2125.0,20.8,160,22,1,2
2026-02-17 23:00:00+00:00,17.2,80.0,4.2,92.0,99.0,63.4,35.0,2006.0,21.5,160,23,1,2
2026-02-18 00:00:00+00:00,17.0,82.0,1.5,104.1,111.1,66.5,27.0,1806.0,21.7,160,0,2,2
2026-02-18 01:00:00+00:00,16.4,85.0,0.6,109.2,116.2,68.6,20.0,1537.0,21.6,161,1,2,2
2026-02-18 02:00:00+00:00,15.8,88.0,1.8,113.2,120.1,70.0,14.0,1319.0,21.5,161,2,2,2
2026-02-18 03:00:00+00:00,15.1,92.0,1.7,117.6,124.8,71.1,9.0,1146.0,21.6,162,3,2,2
2026-02-18 04:00:00+00:00,14.5,93.0,2.4,123.4,130.9,71.5,6.0,1024.0,21.8,163,4,2,2
2026-02-18 05:00:00+00:00,15.5,80.0,3.9,53.1,57.3,11.0,82.0,1089.0,14.0,164,5,2,2
2026-02-18 06:00:00+00:00,15.6,80.0,1.5,52.4,56.6,16.3,76.0,1563.0,13.6,163,6,2,2
2026-02-18 07:00:00+00:00,15.2,82.0,2.8,56.3,60.3,23.3,69.0,2223.0,13.2,162,7,2,2
2026-02-18 08:00:00+00:00,17.0,74.0,7.1,55.2,58.7,27.2,70.0,2541.0,13.3,161,8,2,2
2026-02-18 09:00:00+00:00,19.4,62.0,2.9,53.2,56.2,25.0,88.0,2168.0,14.6,160,9,2,2
2026-02-18 10:00:00+00:00,22.4,46.0,4.7,51.1,54.5,19.6,115.0,1452.0,16.4,159,10,2,2
2026-02-18 11:00:00+00:00,24.5,40.0,6.1,43.9,48.8,14.6,137.0,908.0,17.2,158,11,2,2
2026-02-18 12:00:00+00:00,23.6,41.0,6.7,36.4,42.7,10.9,151.0,759.0,16.1,158,12,2,2
2026-02-18 13:00:00+00:00,24.2,34.0,2.1,34.7,41.7,7.6,160.0,782.0,14.1,157,13,2,2
2026-02-18 14:00:00+00:00,24.5,35.0,6.6,33.9,40.9,6.1,165.0,827.0,12.7,157,14,2,2
2026-02-18 15:00:00+00:00,23.5,40.0,9.9,33.5,40.4,4.8,169.0,726.0,12.5,157,15,2,2
2026-02-18 16:00:00+00:00,22.9,44.0,5.9,33.9,41.0,5.2,169.0,646.0,12.9,157,16,2,2
2026-02-18 17:00:00+00:00,23.4,44.0,3.4,30.5,36.8,11.9,145.0,937.0,12.3,157,17,2,2
2026-02-18 18:00:00+00:00,22.0,51.0,0.5,48.3,53.6,34.6,114.0,1990.0,14.8,156,18,2,2
2026-02-18 19:00:00+00:00,20.6,56.0,1.0,66.6,71.7,65.7,70.0,3414.0,18.3,156,19,2,2
2026-02-18 20:00:00+00:00,19.4,62.0,2.5,79.2,84.3,87.3,38.0,4390.0,21.2,156,20,2,2
2026-02-18 21:00:00+00:00,18.8,65.0,1.5,93.1,98.5,90.2,27.0,4484.0,23.0,157,21,2,2
2026-02-18 22:00:00+00:00,18.0,69.0,0.9,104.5,109.7,83.6,28.0,4130.0,24.1,158,22,2,2
2026-02-18 23:00:00+00:00,18.5,73.0,1.0,107.3,112.7,76.8,29.0,3810.0,24.3,159,23,2,2
2026-02-19 00:00:00+00:00,17.6,76.0,1.3,105.2,110.6,72.5,28.0,3722.0,23.1,159,0,3,2
2026-02-19 01:00:00+00:00,16.2,83.0,1.3,103.1,108.7,68.1,29.0,3669.0,20.9,159,1,3,2
2026-02-19 02:00:00+00:00,15.6,86.0,0.9,101.0,106.9,64.2,29.0,3542.0,19.1,159,2,3,2
2026-02-19 03:00:00+00:00,15.2,87.0,0.3,99.9,105.9,60.9,28.0,3234.0,18.0,158,3,3,2
2026-02-19 04:00:00+00:00,14.6,89.0,0.0,99.9,105.9,58.3,27.0,2853.0,17.2,158,4,3,2
2026-02-19 05:00:00+00:00,14.3,90.0,6.0,128.1,133.2,86.9,2.0,2607.0,24.5,157,5,3,2
2026-02-19 06:00:00+00:00,13.3,94.0,4.3,122.9,127.1,88.3,0.0,2688.0,24.5,160,6,3,2
2026-02-19 07:00:00+00:00,13.0,95.0,3.1,130.4,134.6,89.3,0.0,2904.0,24.5,162,7,3,2
2026-02-19 08:00:00+00:00,14.8,88.0,4.2,140.2,143.4,83.6,10.0,2896.0,25.2,164,8,3,2
2026-02-19 09:00:00+00:00,18.3,73.0,2.7,115.3,117.6,65.2,53.0,2424.0,27.8,166,9,3,2
2026-02-19 10:00:00+00:00,21.4,58.0,1.8,82.7,87.3,40.2,111.0,1727.0,31.0,168,10,3,2
2026-02-19 11:00:00+00:00,23.0,49.0,2.7,68.5,74.5,20.5,155.0,1164.0,31.7,169,11,3,2
2026-02-19 12:00:00+00:00,25.1,39.0,3.4,54.7,61.9,11.1,172.0,878.0,27.3,170,12,3,2
2026-02-19 13:00:00+00:00,26.3,34.0,3.0,48.8,55.5,7.0,175.0,726.0,20.4,170,13,3,2
2026-02-19 14:00:00+00:00,26.9,31.0,3.6,44.8,51.0,5.3,174.0,636.0,15.1,171,14,3,2
2026-02-19 15:00:00+00:00,27.0,29.0,3.9,41.6,47.0,3.1,175.0,522.0,12.9,171,15,3,2
2026-02-19 16:00:00+00:00,26.7,30.0,4.5,40.2,45.1,3.3,172.0,470.0,12.4,171,16,3,2
2026-02-19 17:00:00+00:00,26.3,31.0,5.5,33.6,36.7,11.5,156.0,667.0,11.9,172,17,3,2
2026-02-19 18:00:00+00:00,24.0,39.0,3.4,54.4,57.2,39.7,119.0,1321.0,14.4,172,18,3,2
2026-02-19 19:00:00+00:00,22.6,47.0,1.4,75.7,78.5,78.6,67.0,2225.0,17.9,172,19,3,2
2026-02-19 20:00:00+00:00,21.4,52.0,0.5,88.0,90.3,107.2,28.0,2938.0,20.4,172,20,3,2
2026-02-19 21:00:00+00:00,20.7,59.0,0.2,91.5,93.6,116.1,13.0,3320.0,21.0,172,21,3,2
2026-02-19 22:00:00+00:00,19.1,61.0,3.5,93.4,95.2,114.7,10.0,3511.0,20.6,172,22,3,2
2026-02-19 23:00:00+00:00,18.7,70.0,2.8,95.5,97.6,110.1,10.0,3497.0,20.1,172,23,3,2
2026-02-20 00:00:00+00:00,18.1,73.0,2.0,96.9,99.2,103.5,11.0,3147.0,19.5,172,0,4,2
2026-02-20 01:00:00+00:00,17.1,78.0,1.8,99.2,101.3,93.8,14.0,2591.0,18.7,171,1,4,2
2026-02-20 02:00:00+00:00,16.1,83.0,2.6,102.7,105.0,84.8,17.0,2206.0,18.2,171,2,4,2
2026-02-20 03:00:00+00:00,15.3,86.0,2.9,107.8,110.1,77.1,18.0,2161.0,17.9,171,3,4,2
2026-02-20 04:00:00+00:00,15.1,87.0,1.4,112.9,115.5,70.0,18.0,2287.0,17.9,172,4,4,2
2026-02-20 05:00:00+00:00,14.0,90.0,0.5,105.5,108.5,51.7,30.0,2455.0,17.2,172,5,4,2
2026-02-20 06:00:00+00:00,14.1,88.0,2.4,107.1,110.6,60.0,22.0,2742.0,19.2,171,6,4,2
2026-02-20 07:00:00+00:00,14.4,86.0,3.3,120.1,123.9,70.6,12.0,3072.0,22.0,171,7,4,2
2026-02-20 08:00:00+00:00,16.6,75.0,5.1,136.0,139.2,73.2,22.0,3087.0,24.7,171,8,4,2
2026-02-20 09:00:00+00:00,19.7,63.0,2.6,117.3,120.6,60.3,69.0,2494.0,27.3,170,9,4,2
2026-02-20 10:00:00+00:00,22.9,51.0,1.8,97.1,101.0,39.5,134.0,1586.0,29.8,170,10,4,2
2026-02-20 11:00:00+00:00,24.4,45.0,3.6,81.7,85.7,22.4,185.0,887.0,30.7,171,11,4,2
2026-02-20 12:00:00+00:00,26.2,39.0,4.2,56.7,60.3,13.6,206.0,628.0,28.7,171,12,4,2
2026-02-20 13:00:00+00:00,27.1,35.0,5.1,44.5,47.8,8.6,212.0,579.0,25.1,171,13,4,2
2026-02-20 14:00:00+00:00,27.6,32.0,5.6,42.6,46.0,6.0,213.0,571.0,22.4,171,14,4,2
2026-02-20 15:00:00+00:00,27.8,31.0,6.7,42.4,45.8,4.8,214.0,538.0,21.6,171,15,4,2
2026-02-20 16:00:00+00:00,27.5,30.0,8.2,42.5,45.8,6.1,209.0,546.0,21.7,171,16,4,2
2026-02-20 17:00:00+00:00,26.6,33.0,9.0,45.5,48.9,10.6,186.0,625.0,20.1,171,17,4,2
2026-02-20 18:00:00+00:00,25.1,37.0,7.3,50.9,53.2,19.6,158.0,830.0,18.9,186,18,4,2
2026-02-20 19:00:00+00:00,23.9,42.0,7.6,56.0,58.0,31.8,119.0,1106.0,17.1,190,19,4,2
2026-02-20 20:00:00+00:00,22.9,45.0,6.8,57.7,59.6,40.2,89.0,1316.0,15.5,179,20,4,2
2026-02-20 21:00:00+00:00,21.8,47.0,5.4,58.0,59.8,41.4,78.0,1416.0,14.2,170,21,4,2
2026-02-20 22:00:00+00:00,20.9,50.0,5.6,60.1,61.9,38.7,77.0,1449.0,13.0,169,22,4,2
2026-02-20 23:00:00+00:00,19.9,65.0,6.1,63.1,65.2,35.2,78.0,1409.0,11.9,168,23,4,2
2026-02-21 00:00:00+00:00,19.8,65.0,7.1,64.3,66.4,31.4,79.0,1253.0,11.0,167,0,5,2
2026-02-21 01:00:00+00:00,18.9,68.0,8.1,65.2,67.3,26.8,81.0,1024.0,10.2,166,1,5,2
2026-02-21 02:00:00+00:00,18.3,67.0,7.8,66.8,69.2,23.2,82.0,837.0,9.8,165,2,5,2
2026-02-21 03:00:00+00:00,17.8,66.0,8.0,69.2,71.5,20.6,80.0,695.0,9.8,164,3,5,2
2026-02-21 04:00:00+00:00,17.2,66.0,7.5,71.5,73.8,18.9,77.0,596.0,10.1,163,4,5,2
2026-02-21 05:00:00+00:00,16.3,68.0,7.1,79.9,82.2,20.8,72.0,650.0,11.2,162,5,5,2
2026-02-21 06:00:00+00:00,15.7,71.0,6.3,82.0,84.1,27.2,62.0,1024.0,12.0,161,6,5,2
2026-02-21 07:00:00+00:00,15.1,74.0,5.2,85.4,87.5,35.6,50.0,1552.0,13.1,160,7,5,2
2026-02-21 08:00:00+00:00,16.7,67.0,5.5,84.5,86.4,39.2,52.0,1840.0,14.2,159,8,5,2
2026-02-21 09:00:00+00:00,19.3,57.0,1.4,79.2,80.6,33.3,81.0,1659.0,15.6,158,9,5,2
2026-02-21 10:00:00+00:00,22.0,48.0,0.9,67.1,68.9,22.6,124.0,1239.0,17.1,156,10,5,2
2026-02-21 11:00:00+00:00,24.0,43.0,2.3,49.1,51.2,13.6,157.0,877.0,17.7,156,11,5,2
2026-02-21 12:00:00+00:00,26.2,35.0,4.0,36.4,38.8,8.7,171.0,672.0,16.7,155,12,5,2
2026-02-21 13:00:00+00:00,27.4,30.0,5.3,31.8,33.9,5.5,175.0,525.0,14.8,154,13,5,2
2026-02-21 14:00:00+00:00,27.9,27.0,5.9,29.5,31.7,4.1,175.0,441.0,13.3,154,14,5,2
2026-02-21 15:00:00+00:00,28.0,25.0,6.5,28.9,31.2,2.7,175.0,404.0,12.6,153,15,5,2
2026-02-21 16:00:00+00:00,27.5,25.0,7.6,28.5,30.9,3.1,171.0,430.0,12.4,153,16,5,2
2026-02-21 17:00:00+00:00,27.0,25.0,8.3,32.2,34.2,10.0,155.0,572.0,13.2,152,17,5,2
2026-02-21 18:00:00+00:00,25.1,30.0,5.0,43.2,44.7,31.8,122.0,918.0,14.3,152,18,5,2
2026-02-21 19:00:00+00:00,23.5,37.0,4.1,57.9,59.4,61.7,77.0,1380.0,16.0,152,19,5,2
2026-02-21 20:00:00+00:00,22.7,42.0,1.2,69.6,71.5,83.9,42.0,1753.0,17.8,152,20,5,2
2026-02-21 21:00:00+00:00,21.1,45.0,1.3,81.5,83.1,90.9,29.0,1967.0,20.1,152,21,5,2
2026-02-21 22:00:00+00:00,19.3,56.0,1.7,94.8,96.4,90.0,26.0,2091.0,22.5,153,22,5,2
2026-02-21 23:00:00+00:00,19.1,60.0,0.5,108.3,110.1,87.5,25.0,2125.0,24.2,154,23,5,2
2026-02-22 00:00:00+00:00,18.8,61.0,0.4,117.1,119.2,84.4,22.0,2029.0,24.4,155,0,6,2
2026-02-22 01:00:00+00:00,18.3,64.0,0.7,122.5,124.3,79.7,21.0,1843.0,23.8,157,1,6,2
2026-02-22 02:00:00+00:00,17.6,65.0,1.0,126.7,128.5,75.8,19.0,1688.0,23.5,158,2,6,2
2026-02-22 03:00:00+00:00,17.2,68.0,0.7,130.4,132.2,73.3,16.0,1547.0,23.6,160,3,6,2
2026-02-22 04:00:00+00:00,16.7,71.0,0.5,134.1,136.0,71.7,14.0,1438.0,24.0,162,4,6,2
2026-02-22 05:00:00+00:00,15.4,81.0,0.5,115.5,118.0,63.4,16.0,1536.0,14.7,164,5,6,2
2026-02-22 06:00:00+00:00,14.7,85.0,0.6,123.4,125.7,67.6,12.0,2124.0,17.1,165,6,6,2
2026-02-22 07:00:00+00:00,14.1,87.0,1.1,138.8,141.1,72.6,8.0,2920.0,20.3,166,7,6,2
2026-02-22 08:00:00+00:00,15.9,78.0,3.3,158.3,160.7,71.2,20.0,3252.0,22.5,168,8,6,2
2026-02-22 09:00:00+00:00,20.0,60.0,2.6,122.0,124.3,57.5,63.0,2662.0,22.7,170,9,6,2
2026-02-22 10:00:00+00:00,23.4,47.0,2.3,97.1,100.1,37.5,123.0,1608.0,21.8,171,10,6,2
2026-02-22 11:00:00+00:00,25.5,39.0,2.4,75.9,79.9,21.2,168.0,788.0,20.6,172,11,6,2
2026-02-22 12:00:00+00:00,27.4,32.0,3.3,53.8,57.9,12.6,187.0,496.0,19.2,173,12,6,2
2026-02-22 13:00:00+00:00,28.3,28.0,4.6,45.1,48.7,7.8,191.0,438.0,17.5,174,13,6,2
2026-02-22 14:00:00+00:00,28.5,26.0,5.9,38.9,42.5,5.5,190.0,427.0,16.2,174,14,6,2
2026-02-22 15:00:00+00:00,28.6,25.0,7.5,35.6,39.9,3.0,187.0,332.0,15.1,174,15,6,2
2026-02-22 16:00:00+00:00,28.2,26.0,8.8,34.1,38.6,3.1,178.0,285.0,14.4,174,16,6,2
2026-02-22 17:00:00+00:00,27.4,28.0,5.7,43.5,48.8,13.7,166.0,497.0,15.6,175,17,6,2
2026-02-22 18:00:00+00:00,24.6,37.0,2.5,65.7,70.3,41.5,130.0,1268.0,18.7,175,18,6,2
2026-02-22 19:00:00+00:00,22.8,49.0,4.2,91.0,95.7,79.4,81.0,2299.0,22.9,176,19,6,2
2026-02-22 20:00:00+00:00,21.1,61.0,6.3,109.7,114.3,105.5,43.0,2903.0,25.5,177,20,6,2
2026-02-22 21:00:00+00:00,20.0,69.0,5.1,122.0,125.7,108.8,28.0,2660.0,25.1,178,21,6,2
2026-02-22 22:00:00+00:00,19.3,74.0,4.6,122.5,125.7,100.2,24.0,1991.0,23.1,179,22,6,2
2026-02-22 23:00:00+00:00,18.8,80.0,4.5,118.3,121.5,90.4,23.0,1469.0,20.9,180,23,6,2
2026-02-23 00:00:00+00:00,18.3,81.0,4.5,115.0,117.8,82.3,22.0,1334.0,18.8,180,0,0,2
2026-02-23 01:00:00+00:00,17.3,85.0,4.3,112.9,115.3,72.9,24.0,1346.0,16.5,180,1,0,2
2026-02-23 02:00:00+00:00,16.4,89.0,4.0,112.0,114.6,64.2,26.0,1360.0,14.8,180,2,0,2
2026-02-23 03:00:00+00:00,15.6,92.0,3.4,113.2,115.7,56.0,28.0,1282.0,14.1,179,3,0,2
2026-02-23 04:00:00+00:00,15.1,93.0,2.2,115.3,118.0,48.5,30.0,1207.0,14.0,179,4,0,2
2026-02-23 05:00:00+00:00,14.4,95.0,2.3,110.4,112.5,37.6,35.0,1272.0,14.1,178,5,0,2
2026-02-23 06:00:00+00:00,14.0,96.0,3.4,111.8,114.1,42.0,31.0,1669.0,14.8,178,6,0,2
2026-02-23 07:00:00+00:00,13.9,97.0,3.9,112.2,114.6,47.5,27.0,2207.0,16.0,178,7,0,2
2026-02-23 08:00:00+00:00,16.4,86.0,4.4,104.8,106.9,48.6,36.0,2447.0,17.7,177,8,0,2
2026-02-23 09:00:00+00:00,20.0,70.0,3.4,92.7,95.0,41.2,68.0,2106.0,21.0,175,9,0,2
2026-02-23 10:00:00+00:00,23.3,54.0,3.6,75.9,79.4,29.2,113.0,1467.0,24.9,174,10,0,2
2026-02-23 11:00:00+00:00,25.2,44.0,2.7,55.1,59.3,19.0,148.0,944.0,26.9,174,11,0,2
2026-02-23 12:00:00+00:00,27.2,34.0,0.7,42.5,47.7,12.3,166.0,694.0,25.2,173,12,0,2
2026-02-23 13:00:00+00:00,28.2,29.0,2.4,39.3,45.8,7.4,174.0,559.0,21.6,173,13,0,2
2026-02-23 14:00:00+00:00,28.8,25.0,4.9,35.0,41.4,4.9,177.0,486.0,18.6,173,14,0,2
2026-02-23 15:00:00+00:00,28.7,23.0,6.7,33.5,39.7,3.0,176.0,375.0,16.8,173,15,0,2
2026-02-23 16:00:00+00:00,28.2,24.0,7.1,32.7,38.6,3.6,170.0,326.0,15.5,173,16,0,2
2026-02-23 17:00:00+00:00,27.5,25.0,6.5,43.5,50.4,20.0,135.0,579.0,15.3,172,17,0,2
2026-02-23 18:00:00+00:00,25.1,32.0,4.1,55.9,62.2,40.9,105.0,1463.0,16.7,172,18,0,2
2026-02-23 19:00:00+00:00,23.4,41.0,3.4,73.6,80.1,69.4,65.0,2649.0,18.8,172,19,0,2
2026-02-23 20:00:00+00:00,21.6,50.0,1.8,86.8,93.4,89.5,34.0,3391.0,20.6,172,20,0,2
2026-02-23 21:00:00+00:00,20.0,61.0,3.7,97.6,103.8,92.6,25.0,3279.0,22.0,171,21,0,2
2026-02-23 22:00:00+00:00,19.2,67.0,1.6,106.9,113.4,87.3,26.0,2724.0,23.1,170,22,0,2
2026-02-23 23:00:00+00:00,18.7,76.0,1.5,115.0,122.0,82.5,26.0,2211.0,24.1,170,23,0,2
2026-02-24 00:00:00+00:00,17.6,83.0,1.3,121.5,128.5,81.6,22.0,1880.0,24.9,170,0,1,2
2026-02-24 01:00:00+00:00,16.7,87.0,1.7,133.2,140.6,81.2,18.0,1593.0,25.4,170,1,1,2
2026-02-24 02:00:00+00:00,16.2,89.0,1.5,144.4,151.3,80.7,14.0,1417.0,25.6,170,2,1,2
2026-02-24 03:00:00+00:00,15.8,90.0,2.4,152.3,159.3,79.6,11.0,1322.0,24.9,171,3,1,2
2026-02-24 04:00:00+00:00,15.2,92.0,0.3,157.9,164.4,78.3,7.0,1338.0,23.9,173,4,1,2
2026-02-24 05:00:00+00:00,15.0,94.0,0.8,130.4,135.0,54.3,21.0,1633.0,17.9,174,5,1,2
2026-02-24 06:00:00+00:00,13.9,99.0,1.1,130.4,135.5,57.2,18.0,2580.0,18.1,174,6,1,2
2026-02-24 07:00:00+00:00,13.3,100.0,2.6,136.9,142.5,60.6,17.0,3804.0,18.6,175,7,1,2
2026-02-24 08:00:00+00:00,14.5,97.0,4.3,137.8,142.0,59.1,30.0,4351.0,20.5,176,8,1,2
2026-02-24 09:00:00+00:00,18.8,75.0,3.0,120.1,123.9,48.4,72.0,3569.0,25.6,177,9,1,2
2026-02-24 10:00:00+00:00,22.8,56.0,3.2,94.3,99.0,32.7,128.0,2109.0,32.1,178,10,1,2
2026-02-24 11:00:00+00:00,24.9,45.0,2.1,71.2,77.1,19.8,170.0,970.0,35.2,178,11,1,2
2026-02-24 12:00:00+00:00,27.1,34.0,0.7,49.7,56.1,12.1,184.0,574.0,31.9,179,12,1,2
2026-02-24 13:00:00+00:00,28.1,28.0,2.7,41.8,48.1,7.0,183.0,499.0,25.4,179,13,1,2
2026-02-24 14:00:00+00:00,28.6,24.0,4.7,37.1,43.3,5.0,177.0,482.0,20.0,179,14,1,2
2026-02-24 15:00:00+00:00,28.7,22.0,6.5,34.9,40.9,4.8,170.0,383.0,17.4,179,15,1,2
2026-02-24 16:00:00+00:00,28.3,22.0,7.3,34.1,39.8,7.6,158.0,341.0,16.1,179,16,1,2
2026-02-24 17:00:00+00:00,27.3,23.0,7.6,51.3,58.8,23.1,146.0,511.0,18.5,179,17,1,2
2026-02-24 18:00:00+00:00,24.9,30.0,1.8,66.6,73.6,46.8,114.0,1085.0,20.4,179,18,1,2
2026-02-24 19:00:00+00:00,23.4,35.0,0.4,86.4,93.8,79.4,69.0,1872.0,23.1,180,19,1,2
2026-02-24 20:00:00+00:00,21.6,45.0,3.1,102.9,110.4,103.2,36.0,2451.0,26.2,180,20,1,2
2026-02-24 21:00:00+00:00,20.1,58.0,4.0,117.1,124.8,110.2,25.0,2645.0,30.2,180,21,1,2
2026-02-24 22:00:00+00:00,19.0,66.0,3.7,131.3,139.2,108.3,26.0,2632.0,34.6,181,22,1,2
2026-02-24 23:00:00+00:00,18.7,78.0,2.6,147.1,155.5,104.3,26.0,2520.0,37.0,182,23,1,2
2026-02-25 00:00:00+00:00,18.2,83.0,1.9,157.9,165.8,99.2,21.0,2287.0,35.7,183,0,2,2
2026-02-25 01:00:00+00:00,17.5,86.0,1.1,161.6,168.6,91.9,15.0,1956.0,32.4,184,1,2,2
2026-02-25 02:00:00+00:00,17.0,87.0,1.0,162.1,169.0,85.3,11.0,1706.0,29.5,185,2,2,2
2026-02-25 03:00:00+00:00,15.9,92.0,1.5,162.1,169.0,80.1,9.0,1488.0,27.6,185,3,2,2
2026-02-25 04:00:00+00:00,14.9,95.0,2.8,162.5,169.5,75.7,8.0,1352.0,26.1,185,4,2,2
2026-02-25 05:00:00+00:00,14.2,99.0,1.8,145.8,151.3,69.2,10.0,1620.0,19.7,186,5,2,2
2026-02-25 06:00:00+00:00,13.9,99.0,2.8,142.5,148.1,67.4,11.0,2823.0,19.1,186,6,2,2
2026-02-25 07:00:00+00:00,13.5,99.0,2.3,143.0,147.6,64.6,13.0,4430.0,18.3,186,7,2,2
2026-02-25 08:00:00+00:00,14.5,97.0,2.0,131.3,134.6,59.5,28.0,5181.0,17.7,187,8,2,2
2026-02-25 09:00:00+00:00,18.9,78.0,1.8,123.4,125.7,50.9,66.0,4237.0,17.7,186,9,2,2
2026-02-25 10:00:00+00:00,23.2,56.0,1.9,99.7,102.2,40.0,115.0,2436.0,18.0,186,10,2,2
2026-02-25 11:00:00+00:00,26.1,41.0,3.8,73.1,76.1,29.7,153.0,1029.0,18.1,187,11,2,2
2026-02-25 12:00:00+00:00,28.1,30.0,5.6,46.0,49.8,19.7,171.0,539.0,17.8,187,12,2,2
2026-02-25 13:00:00+00:00,28.8,26.0,7.5,38.1,42.5,10.2,177.0,444.0,17.4,187,13,2,2
2026-02-25 14:00:00+00:00,29.2,22.0,9.1,33.3,37.5,5.0,176.0,428.0,16.8,186,14,2,2
2026-02-25 15:00:00+00:00,29.1,21.0,9.4,31.2,35.3,4.8,169.0,339.0,15.7,186,15,2,2
2026-02-25 16:00:00+00:00,28.7,21.0,9.4,30.2,34.1,9.0,155.0,330.0,14.5,186,16,2,2
2026-02-25 17:00:00+00:00,27.5,25.0,10.3,41.2,45.9,22.5,132.0,540.0,13.5,186,17,2,2
2026-02-25 18:00:00+00:00,26.1,30.0,8.4,49.4,53.8,36.5,109.0,1148.0,14.2,186,18,2,2
2026-02-25 19:00:00+00:00,25.0,35.0,6.4,59.5,63.8,56.0,78.0,1975.0,15.3,185,19,2,2
2026-02-25 20:00:00+00:00,23.7,40.0,4.6,67.1,71.5,70.8,53.0,2627.0,16.3,185,20,2,2
2026-02-25 21:00:00+00:00,22.6,45.0,0.7,73.8,78.5,76.9,42.0,2982.0,17.3,183,21,2,2
2026-02-25 22:00:00+00:00,20.8,49.0,3.6,81.7,86.1,78.5,37.0,3163.0,18.3,182,22,2,2
2026-02-25 23:00:00+00:00,20.1,58.0,2.9,88.5,93.4,78.0,33.0,3141.0,18.8,181,23,2,2
2026-02-26 00:00:00+00:00,20.0,59.0,2.0,94.1,99.0,75.6,29.0,2796.0,18.6,179,0,3,2
2026-02-26 01:00:00+00:00,18.9,63.0,0.3,98.3,102.7,71.1,26.0,2248.0,18.0,177,1,3,2
2026-02-26 02:00:00+00:00,17.2,68.0,3.8,100.4,104.5,66.5,24.0,1830.0,17.2,175,2,3,2
2026-02-26 03:00:00+00:00,16.2,73.0,2.7,100.1,104.1,61.9,22.0,1624.0,16.1,173,3,3,2
2026-02-26 04:00:00+00:00,15.3,79.0,2.5,97.8,101.5,57.2,20.0,1548.0,14.7,171,4,3,2
2026-02-26 05:00:00+00:00,15.2,85.0,2.0,138.8,143.4,67.8,10.0,1690.0,19.6,170,5,3,2
2026-02-26 06:00:00+00:00,15.0,86.0,0.0,140.6,145.3,68.8,8.0,2314.0,20.1,169,6,3,2
2026-02-26 07:00:00+00:00,14.8,87.0,2.6,153.2,158.3,69.6,8.0,3156.0,20.9,169,7,3,2
2026-02-26 08:00:00+00:00,17.3,74.0,3.8,160.2,163.4,65.6,23.0,3512.0,21.7,170,8,3,2
2026-02-26 09:00:00+00:00,21.4,58.0,1.3,127.1,130.4,52.4,70.0,2910.0,23.0,170,9,3,2
2026-02-26 10:00:00+00:00,24.5,45.0,0.7,92.0,95.9,34.4,133.0,1821.0,24.5,171,10,3,2
2026-02-26 11:00:00+00:00,26.3,34.0,4.8,66.4,70.3,19.8,179.0,954.0,24.7,170,11,3,2
2026-02-26 12:00:00+00:00,28.3,26.0,7.3,44.1,48.2,11.5,193.0,593.0,22.6,170,12,3,2
2026-02-26 13:00:00+00:00,29.1,23.0,8.6,37.1,41.6,6.7,189.0,454.0,19.2,170,13,3,2
2026-02-26 14:00:00+00:00,29.4,21.0,9.7,32.5,37.6,4.8,181.0,389.0,16.6,170,14,3,2
2026-02-26 15:00:00+00:00,29.3,22.0,10.5,30.2,35.5,5.4,172.0,302.0,15.3,170,15,3,2
2026-02-26 16:00:00+00:00,28.6,23.0,11.0,29.6,34.9,9.0,159.0,290.0,14.7,170,16,3,2
2026-02-26 17:00:00+00:00,27.7,25.0,11.4,34.9,39.6,16.1,130.0,494.0,14.1,170,17,3,2
2026-02-26 18:00:00+00:00,26.4,29.0,7.3,41.9,45.3,26.3,112.0,1103.0,14.6,170,18,3,2
2026-02-26 19:00:00+00:00,25.0,33.0,5.1,48.5,51.7,40.6,87.0,1930.0,15.3,170,19,3,2
2026-02-26 20:00:00+00:00,23.5,38.0,3.9,56.1,59.5,53.6,65.0,2552.0,16.3,169,20,3,2
2026-02-26 21:00:00+00:00,22.3,43.0,1.9,64.5,68.0,64.4,50.0,2827.0,18.0,169,21,3,2
2026-02-26 22:00:00+00:00,20.6,49.0,2.2,74.3,78.0,73.9,39.0,2897.0,20.1,169,22,3,2
2026-02-26 23:00:00+00:00,20.0,53.0,3.8,84.5,88.5,79.5,30.0,2776.0,21.4,168,23,3,2
2026-02-27 00:00:00+00:00,19.1,55.0,3.6,92.0,96.2,79.2,25.0,2356.0,21.6,168,0,4,2
2026-02-27 01:00:00+00:00,17.8,59.0,4.5,97.3,101.5,75.1,24.0,1743.0,21.1,168,1,4,2
2026-02-27 02:00:00+00:00,17.5,60.0,2.3,99.9,103.6,70.2,22.0,1271.0,20.3,168,2,4,2
2026-02-27 03:00:00+00:00,16.2,65.0,6.1,100.4,103.6,64.9,19.0,1022.0,18.8,168,3,4,2
2026-02-27 04:00:00+00:00,15.1,72.0,4.7,99.9,102.9,58.8,15.0,914.0,17.1,168,4,4,2
2026-02-27 05:00:00+00:00,15.3,80.0,1.5,105.7,108.5,46.7,19.0,1025.0,16.0,168,5,4,2
2026-02-27 06:00:00+00:00,14.8,83.0,3.7,110.8,114.1,49.3,15.0,1588.0,16.2,167,6,4,2
2026-02-27 07:00:00+00:00,14.8,82.0,5.2,119.7,122.9,52.3,12.0,2370.0,16.7,166,7,4,2
2026-02-27 08:00:00+00:00,17.3,70.0,6.5,119.7,122.5,51.2,24.0,2757.0,18.3,165,8,4,2
2026-02-27 09:00:00+00:00,21.0,57.0,3.9,104.5,106.9,42.2,67.0,2357.0,22.5,164,9,4,2
2026-02-27 10:00:00+00:00,24.3,44.0,5.5,80.3,83.6,29.0,126.0,1560.0,28.0,164,10,4,2
2026-02-27 11:00:00+00:00,26.3,37.0,3.2,58.3,63.8,18.1,171.0,924.0,31.1,163,11,4,2
2026-02-27 12:00:00+00:00,28.4,30.0,1.5,42.4,55.3,11.8,190.0,666.0,29.7,163,12,4,2
2026-02-27 13:00:00+00:00,29.3,26.0,0.6,38.5,58.1,7.8,195.0,568.0,26.1,163,13,4,2
2026-02-27 14:00:00+00:00,28.5,24.0,9.4,37.6,60.3,6.1,195.0,531.0,23.4,163,14,4,2
2026-02-27 15:00:00+00:00,28.9,22.0,5.8,38.0,62.2,4.8,196.0,521.0,23.0,163,15,4,2
2026-02-27 16:00:00+00:00,28.7,23.0,4.4,39.1,64.0,5.8,193.0,572.0,23.7,163,16,4,2
2026-02-27 17:00:00+00:00,28.2,25.0,4.9,32.1,78.0,16.2,140.0,681.0,19.4,164,17,4,2
2026-02-27 18:00:00+00:00,26.5,28.0,5.6,50.3,93.1,44.6,109.0,910.0,23.0,164,18,4,2
2026-02-27 19:00:00+00:00,25.2,32.0,3.9,74.5,118.5,83.2,65.0,1198.0,27.8,164,19,4,2
2026-02-27 20:00:00+00:00,24.5,35.0,1.2,90.1,135.5,108.6,33.0,1361.0,30.4,165,20,4,2
2026-02-27 21:00:00+00:00,22.8,37.0,4.4,97.8,143.4,109.2,22.0,1285.0,29.0,166,21,4,2
2026-02-27 22:00:00+00:00,21.4,42.0,5.6,96.9,135.0,96.6,21.0,1084.0,25.5,167,22,4,2
2026-02-27 23:00:00+00:00,21.3,51.0,8.8,88.5,118.5,81.7,24.0,913.0,22.1,167,23,4,2
2026-02-28 00:00:00+00:00,20.5,64.0,8.7,83.1,107.8,66.0,30.0,824.0,19.5,167,0,5,2
2026-02-28 01:00:00+00:00,19.7,76.0,6.6,82.9,103.1,48.1,40.0,766.0,17.2,167,1,5,2
2026-02-28 02:00:00+00:00,19.1,80.0,6.3,84.5,101.3,34.8,47.0,742.0,15.4,167,2,5,2
2026-02-28 03:00:00+00:00,18.3,83.0,5.1,86.6,100.8,28.8,47.0,696.0,14.4,166,3,5,2
2026-02-28 04:00:00+00:00,17.4,84.0,4.4,89.4,102.0,27.5,44.0,685.0,14.0,166,4,5,2
2026-02-28 05:00:00+00:00,17.2,89.0,0.9,76.8,95.5,20.6,56.0,882.0,13.1,165,5,5,2
2026-02-28 06:00:00+00:00,17.0,90.0,0.6,83.6,102.2,32.0,44.0,1564.0,14.2,165,6,5,2
2026-02-28 07:00:00+00:00,16.4,94.0,2.6,94.8,113.2,47.2,28.0,2454.0,15.6,164,7,5,2
2026-02-28 08:00:00+00:00,18.3,85.0,6.5,105.0,118.3,53.8,30.0,2896.0,16.6,163,8,5,2
2026-02-28 09:00:00+00:00,21.1,72.0,4.8,88.5,101.0,43.7,65.0,2463.0,16.8,163,9,5,2
2026-02-28 10:00:00+00:00,24.2,59.0,5.0,62.4,80.1,25.2,117.0,1582.0,16.5,162,10,5,2
2026-02-28 11:00:00+00:00,26.4,46.0,5.1,39.1,66.8,10.7,155.0,882.0,15.6,162,11,5,2
2026-02-28 12:00:00+00:00,28.3,36.0,5.0,32.2,65.4,5.3,164.0,614.0,13.8,161,12,5,2
2026-02-28 13:00:00+00:00,29.2,29.0,5.4,28.8,66.4,3.8,159.0,525.0,11.5,161,13,5,2
2026-02-28 14:00:00+00:00,29.5,25.0,6.8,25.8,61.7,3.9,152.0,489.0,9.8,160,14,5,2
2026-02-28 15:00:00+00:00,29.6,24.0,8.3,23.7,56.8,3.9,148.0,466.0,9.2,160,15,5,2
2026-02-28 16:00:00+00:00,29.2,24.0,9.4,23.0,53.9,5.5,143.0,495.0,9.3,160,16,5,2
2026-02-28 17:00:00+00:00,28.5,24.0,10.0,26.8,55.1,10.4,129.0,566.0,9.2,159,17,5,2
2026-02-28 18:00:00+00:00,26.9,29.0,8.2,34.3,55.3,20.0,111.0,701.0,10.4,159,18,5,2
2026-02-28 19:00:00+00:00,25.3,40.0,8.6,40.4,60.3,33.2,87.0,878.0,12.0,159,19,5,2
2026-02-28 20:00:00+00:00,24.0,46.0,7.5,43.9,64.3,41.7,69.0,1019.0,13.1,158,20,5,2
2026-02-28 21:00:00+00:00,22.9,49.0,5.8,46.0,67.5,41.5,64.0,1107.0,13.3,156,21,5,2
2026-02-28 22:00:00+00:00,22.1,51.0,5.8,49.5,71.7,36.7,66.0,1160.0,12.9,155,22,5,2
2026-02-28 23:00:00+00:00,21.2,59.0,6.0,52.2,75.0,31.9,67.0,1153.0,12.5,153,23,5,2
2026-03-01 00:00:00+00:00,21.2,58.0,6.8,53.4,77.1,28.4,66.0,1044.0,12.0,152,0,6,3
2026-03-01 01:00:00+00:00,20.5,60.0,7.1,55.3,79.4,25.0,65.0,875.0,11.4,151,1,6,3
2026-03-01 02:00:00+00:00,19.8,64.0,8.1,58.2,83.8,22.3,64.0,754.0,11.0,150,2,6,3
2026-03-01 03:00:00+00:00,19.2,65.0,8.2,61.0,88.7,19.8,62.0,683.0,10.8,149,3,6,3
2026-03-01 04:00:00+00:00,18.2,68.0,7.9,62.9,92.4,18.1,60.0,659.0,10.7,146,4,6,3
2026-03-01 05:00:00+00:00,17.5,69.0,5.8,63.6,89.4,18.4,58.0,782.0,11.4,143,5,6,3
2026-03-01 06:00:00+00:00,17.0,70.0,5.5,66.4,94.3,25.9,48.0,1223.0,11.7,142,6,6,3
2026-03-01 07:00:00+00:00,16.3,73.0,4.9,73.3,102.7,35.7,36.0,1810.0,12.2,140,7,6,3
2026-03-01 08:00:00+00:00,18.1,64.0,7.5,76.4,98.3,40.2,38.0,2130.0,12.9,138,8,6,3
2026-03-01 09:00:00+00:00,21.2,52.0,3.0,69.8,91.7,34.2,68.0,1940.0,14.4,135,9,6,3
2026-03-01 10:00:00+00:00,24.1,40.0,2.8,57.7,86.1,22.7,112.0,1483.0,16.1,133,10,6,3
2026-03-01 11:00:00+00:00,27.1,30.0,5.5,39.6,70.1,13.2,145.0,1072.0,16.7,132,11,6,3
2026-03-01 12:00:00+00:00,29.1,22.0,8.2,27.9,54.1,8.1,155.0,800.0,15.1,133,12,6,3
2026-03-01 13:00:00+00:00,29.9,18.0,10.7,23.9,47.7,5.0,153.0,574.0,12.4,132,13,6,3
2026-03-01 14:00:00+00:00,30.2,18.0,11.2,22.6,46.2,4.0,149.0,435.0,10.5,132,14,6,3
2026-03-01 15:00:00+00:00,30.1,18.0,11.2,23.7,48.9,4.8,145.0,361.0,10.2,131,15,6,3
2026-03-01 16:00:00+00:00,29.5,20.0,11.7,26.1,51.7,7.6,137.0,373.0,10.7,131,16,6,3
2026-03-01 17:00:00+00:00,28.7,21.0,11.0,30.9,58.4,11.1,124.0,573.0,8.9,132,17,6,3
2026-03-01 18:00:00+00:00,27.2,25.0,7.7,38.4,58.3,21.5,106.0,1130.0,9.6,132,18,6,3
2026-03-01 19:00:00+00:00,25.5,31.0,4.7,43.3,62.4,35.8,80.0,1875.0,10.6,132,19,6,3
2026-03-01 20:00:00+00:00,24.7,35.0,2.3,46.0,67.1,46.8,60.0,2409.0,11.4,133,20,6,3
2026-03-01 21:00:00+00:00,23.8,37.0,2.4,49.1,73.3,51.5,51.0,2559.0,12.0,133,21,6,3
2026-03-01 22:00:00+00:00,22.8,39.0,3.3,55.5,83.4,52.8,47.0,2499.0,12.4,133,22,6,3
2026-03-01 23:00:00+00:00,21.9,47.0,6.9,62.2,92.0,52.1,44.0,2345.0,12.3,134,23,6,3
2026-03-02 00:00:00+00:00,21.5,49.0,6.0,65.0,94.8,48.9,41.0,2080.0,11.5,135,0,0,3
2026-03-02 01:00:00+00:00,20.6,52.0,6.1,65.4,94.8,43.5,40.0,1722.0,10.2,136,1,0,3
2026-03-02 02:00:00+00:00,19.4,57.0,4.4,66.8,95.5,38.8,39.0,1446.0,9.2,137,2,0,3
2026-03-02 03:00:00+00:00,18.5,60.0,3.1,68.7,96.9,35.0,37.0,1305.0,8.8,138,3,0,3
2026-03-02 04:00:00+00:00,17.2,65.0,4.7,70.5,98.5,31.8,36.0,1247.0,8.7,139,4,0,3
2026-03-02 05:00:00+00:00,17.0,72.0,5.9,78.7,109.7,31.5,37.0,1286.0,9.3,140,5,0,3
2026-03-02 06:00:00+00:00,17.4,68.0,6.1,81.5,112.5,35.9,33.0,1529.0,9.8,141,6,0,3
2026-03-02 07:00:00+00:00,17.6,64.0,6.7,87.8,117.8,41.6,28.0,1871.0,10.6,143,7,0,3
2026-03-02 08:00:00+00:00,18.8,57.0,7.6,88.9,110.4,42.8,37.0,2007.0,11.7,144,8,0,3
2026-03-02 09:00:00+00:00,21.4,45.0,4.6,79.4,98.0,35.4,71.0,1745.0,13.6,146,9,0,3
2026-03-02 10:00:00+00:00,24.6,33.0,4.4,61.7,84.1,23.4,118.0,1278.0,15.8,147,10,0,3
2026-03-02 11:00:00+00:00,26.8,27.0,6.0,43.4,65.9,13.6,152.0,885.0,16.5,147,11,0,3
2026-03-02 12:00:00+00:00,28.9,23.0,7.2,27.1,45.8,8.1,161.0,665.0,14.2,147,12,0,3
2026-03-02 13:00:00+00:00,29.9,20.0,9.6,21.3,36.2,4.7,157.0,519.0,10.4,147,13,0,3
2026-03-02 14:00:00+00:00,30.3,19.0,10.7,18.7,31.0,3.4,151.0,430.0,7.5,147,14,0,3
2026-03-02 15:00:00+00:00,30.5,17.0,11.3,17.5,28.3,4.2,145.0,392.0,6.7,147,15,0,3
2026-03-02 16:00:00+00:00,30.1,16.0,13.0,16.9,26.7,7.2,137.0,411.0,7.0,146,16,0,3
2026-03-02 17:00:00+00:00,29.1,17.0,11.9,20.8,30.0,13.0,129.0,492.0,7.5,145,17,0,3
2026-03-02 18:00:00+00:00,27.2,27.0,10.5,24.7,32.6,20.9,111.0,684.0,7.9,144,18,0,3
2026-03-02 19:00:00+00:00,25.8,32.0,9.9,28.6,36.2,31.6,87.0,938.0,8.4,143,19,0,3
2026-03-02 20:00:00+00:00,25.3,33.0,9.9,30.5,38.2,38.4,69.0,1109.0,8.6,141,20,0,3
2026-03-02 21:00:00+00:00,24.6,36.0,7.9,30.7,38.4,37.8,65.0,1123.0,8.2,139,21,0,3
2026-03-02 22:00:00+00:00,23.8,38.0,8.1,30.7,38.4,33.2,67.0,1055.0,7.4,138,22,0,3
2026-03-02 23:00:00+00:00,22.6,47.0,7.1,30.7,38.3,28.8,69.0,979.0,6.8,135,23,0,3
2026-03-03 00:00:00+00:00,22.0,48.0,7.8,30.9,38.4,25.6,68.0,917.0,6.5,132,0,1,3
2026-03-03 01:00:00+00:00,21.2,50.0,8.6,31.5,39.1,22.5,66.0,847.0,6.3,128,1,1,3
2026-03-03 02:00:00+00:00,20.6,51.0,9.2,33.4,40.5,19.9,65.0,782.0,6.2,125,2,1,3
2026-03-03 03:00:00+00:00,20.0,52.0,9.0,35.4,42.1,17.7,64.0,676.0,6.3,121,3,1,3
2026-03-03 04:00:00+00:00,19.4,53.0,10.1,37.0,43.5,16.1,63.0,575.0,6.6,118,4,1,3
2026-03-03 05:00:00+00:00,18.7,57.0,10.2,45.2,52.7,17.7,56.0,621.0,7.9,114,5,1,3
2026-03-03 06:00:00+00:00,18.1,59.0,7.9,47.0,54.8,21.3,52.0,996.0,8.5,111,6,1,3
2026-03-03 07:00:00+00:00,18.0,59.0,7.2,50.2,58.1,26.1,47.0,1518.0,9.4,107,7,1,3
2026-03-03 08:00:00+00:00,19.7,54.0,7.7,50.6,58.1,28.0,53.0,1788.0,10.2,103,8,1,3
2026-03-03 09:00:00+00:00,22.5,45.0,4.5,48.8,55.3,24.4,79.0,1559.0,11.0,99,9,1,3
2026-03-03 10:00:00+00:00,25.6,35.0,5.2,38.5,46.0,18.0,114.0,1077.0,11.8,97,10,1,3
2026-03-03 11:00:00+00:00,28.1,27.0,6.8,27.5,34.2,12.4,142.0,681.0,12.1,95,11,1,3
2026-03-03 12:00:00+00:00,30.5,21.0,8.7,20.0,25.6,8.5,154.0,494.0,11.4,94,12,1,3
2026-03-03 13:00:00+00:00,31.7,19.0,10.5,16.9,22.7,5.5,158.0,393.0,10.2,93,13,1,3
2026-03-03 14:00:00+00:00,32.5,17.0,11.0,16.6,23.1,4.8,157.0,348.0,9.5,93,14,1,3
2026-03-03 15:00:00+00:00,32.6,15.0,11.8,18.2,25.4,6.1,153.0,324.0,9.7,93,15,1,3
2026-03-03 16:00:00+00:00,31.8,17.0,12.6,22.0,30.5,9.7,145.0,357.0,10.4,93,16,1,3
2026-03-03 17:00:00+00:00,30.3,21.0,11.4,19.9,26.5,17.3,122.0,522.0,9.9,101,17,1,3
2026-03-03 18:00:00+00:00,28.7,26.0,9.0,27.0,31.5,29.6,102.0,960.0,10.5,110,18,1,3
2026-03-03 19:00:00+00:00,27.1,32.0,6.6,33.8,38.5,46.3,75.0,1531.0,11.2,108,19,1,3
2026-03-03 20:00:00+00:00,26.1,36.0,6.8,38.9,44.7,58.1,56.0,1891.0,12.1,94,20,1,3
2026-03-03 21:00:00+00:00,25.3,38.0,6.1,46.6,53.9,60.7,51.0,1839.0,13.1,94,21,1,3
2026-03-03 22:00:00+00:00,24.2,41.0,6.1,54.6,63.3,58.3,54.0,1577.0,14.2,96,22,1,3
2026-03-03 23:00:00+00:00,23.6,45.0,2.6,61.5,72.4,53.6,58.0,1364.0,14.8,98,23,1,3
2026-03-04 00:00:00+00:00,22.4,47.0,4.8,65.4,78.2,45.9,61.0,1310.0,14.7,100,0,2,3
2026-03-04 01:00:00+00:00,21.2,51.0,2.5,66.8,81.7,36.0,64.0,1307.0,14.2,104,1,2,3
2026-03-04 02:00:00+00:00,19.9,57.0,6.4,68.0,84.3,28.2,65.0,1287.0,13.8,107,2,2,3
2026-03-04 03:00:00+00:00,18.6,63.0,4.6,69.4,86.4,23.7,63.0,1078.0,13.7,111,3,2,3
2026-03-04 04:00:00+00:00,18.0,67.0,1.5,71.0,88.7,21.5,58.0,853.0,13.8,114,4,2,3
2026-03-04 05:00:00+00:00,17.9,74.0,0.9,69.2,89.4,20.1,54.0,1065.0,13.5,118,5,2,3
2026-03-04 06:00:00+00:00,17.3,76.0,1.3,73.3,94.5,29.2,43.0,2271.0,14.2,120,6,2,3
2026-03-04 07:00:00+00:00,17.3,76.0,0.3,82.9,104.1,41.4,30.0,3915.0,15.2,123,7,2,3
2026-03-04 08:00:00+00:00,19.6,67.0,1.1,91.3,106.4,47.7,35.0,4779.0,16.6,127,8,2,3
2026-03-04 09:00:00+00:00,23.9,51.0,0.7,83.8,101.3,42.7,75.0,4114.0,18.7,131,9,2,3
2026-03-04 10:00:00+00:00,27.2,40.0,0.9,75.0,96.2,31.8,132.0,2669.0,21.1,134,10,2,3
2026-03-04 11:00:00+00:00,29.0,35.0,2.2,58.6,80.8,22.1,176.0,1474.0,22.6,138,11,2,3
2026-03-04 12:00:00+00:00,31.8,26.0,2.8,46.4,68.0,15.0,194.0,910.0,22.3,142,12,2,3
2026-03-04 13:00:00+00:00,33.3,22.0,6.3,39.7,61.2,9.1,199.0,596.0,21.1,144,13,2,3
2026-03-04 14:00:00+00:00,33.9,21.0,8.7,35.0,57.5,6.7,195.0,420.0,19.8,147,14,2,3
2026-03-04 15:00:00+00:00,33.9,22.0,8.7,32.6,55.6,8.8,181.0,359.0,18.7,149,15,2,3
2026-03-04 16:00:00+00:00,33.4,23.0,9.0,32.4,54.8,14.4,158.0,434.0,17.6,150,16,2,3
2026-03-04 17:00:00+00:00,32.0,27.0,9.9,40.7,64.0,23.0,133.0,602.0,17.9,150,17,2,3
2026-03-04 18:00:00+00:00,30.2,33.0,8.4,48.5,68.5,35.9,111.0,909.0,18.5,156,18,2,3
2026-03-04 19:00:00+00:00,28.9,39.0,7.1,55.8,75.7,53.5,82.0,1307.0,19.3,152,19,2,3
2026-03-04 20:00:00+00:00,27.5,44.0,6.0,62.9,84.1,65.4,60.0,1610.0,19.7,152,20,2,3
2026-03-04 21:00:00+00:00,26.3,48.0,5.6,69.8,92.4,67.0,54.0,1732.0,19.4,153,21,2,3
2026-03-04 22:00:00+00:00,26.0,48.0,6.7,75.9,99.0,62.8,57.0,1759.0,18.7,154,22,2,3
2026-03-04 23:00:00+00:00,25.7,51.0,7.0,80.1,104.3,56.6,61.0,1762.0,17.9,154,23,2,3
2026-03-05 00:00:00+00:00,24.7,55.0,6.5,82.7,107.6,48.2,66.0,1780.0,16.9,155,0,3,3
2026-03-05 01:00:00+00:00,23.9,58.0,6.5,83.8,109.2,37.7,72.0,1774.0,15.7,155,1,3,3
2026-03-05 02:00:00+00:00,23.0,61.0,7.1,84.5,109.2,28.9,77.0,1700.0,14.9,156,2,3,3
2026-03-05 03:00:00+00:00,22.4,63.0,7.9,83.6,105.7,22.6,79.0,1447.0,14.7,156,3,3,3
2026-03-05 04:00:00+00:00,21.6,66.0,7.8,80.8,101.3,18.1,79.0,1125.0,14.7,157,4,3,3
2026-03-05 05:00:00+00:00,21.2,68.0,7.4,64.5,80.1,12.5,82.0,1024.0,14.4,157,5,3,3
2026-03-05 06:00:00+00:00,20.4,70.0,6.6,64.0,79.2,19.3,71.0,1412.0,14.1,157,6,3,3
2026-03-05 07:00:00+00:00,20.0,72.0,5.6,66.6,81.7,28.5,57.0,2020.0,13.7,157,7,3,3
2026-03-05 08:00:00+00:00,21.7,65.0,5.6,65.7,78.5,33.5,56.0,2328.0,13.8,156,8,3,3
2026-03-05 09:00:00+00:00,24.5,55.0,3.6,59.8,71.5,30.5,82.0,2027.0,14.8,155,9,3,3
2026-03-05 10:00:00+00:00,28.3,42.0,4.7,44.2,60.5,23.3,121.0,1426.0,16.2,155,10,3,3
2026-03-05 11:00:00+00:00,30.8,32.0,6.8,38.4,59.0,16.7,151.0,934.0,16.9,154,11,3,3
2026-03-05 12:00:00+00:00,32.9,26.0,7.8,33.6,58.3,11.5,161.0,703.0,16.3,153,12,3,3
2026-03-05 13:00:00+00:00,34.2,24.0,8.0,28.5,55.5,6.8,161.0,581.0,15.1,153,13,3,3
2026-03-05 14:00:00+00:00,34.9,23.0,8.0,25.7,53.8,5.1,158.0,525.0,14.2,152,14,3,3
2026-03-05 15:00:00+00:00,35.0,23.0,8.7,25.6,52.2,6.9,154.0,519.0,13.9,152,15,3,3
2026-03-05 16:00:00+00:00,34.5,25.0,9.0,27.2,50.5,11.6,146.0,579.0,13.8,152,16,3,3
2026-03-05 17:00:00+00:00,33.1,30.0,9.0,38.2,63.6,22.4,122.0,712.0,13.8,152,17,3,3
2026-03-05 18:00:00+00:00,31.3,37.0,7.6,48.0,71.0,43.3,97.0,992.0,14.8,152,18,3,3
2026-03-05 19:00:00+00:00,29.6,45.0,5.4,58.2,80.6,71.6,62.0,1345.0,16.2,152,19,3,3
2026-03-05 20:00:00+00:00,28.3,51.0,5.2,67.8,90.1,89.2,38.0,1559.0,17.1,152,20,3,3
2026-03-05 21:00:00+00:00,27.5,53.0,5.6,76.1,98.5,86.5,36.0,1505.0,16.9,152,21,3,3
2026-03-05 22:00:00+00:00,26.5,54.0,5.9,80.3,101.3,73.1,45.0,1313.0,16.2,152,22,3,3
2026-03-05 23:00:00+00:00,25.6,55.0,3.1,78.9,98.0,59.5,53.0,1156.0,15.5,152,23,3,3
2026-03-06 00:00:00+00:00,24.7,58.0,0.3,76.6,93.8,47.9,57.0,1101.0,15.0,152,0,4,3
2026-03-06 01:00:00+00:00,23.7,62.0,0.7,76.8,92.9,36.0,59.0,1082.0,14.5,152,1,4,3
2026-03-06 02:00:00+00:00,22.9,65.0,1.9,78.9,95.5,28.0,59.0,1076.0,14.2,152,2,4,3
2026-03-06 03:00:00+00:00,22.3,67.0,1.8,82.4,99.2,25.2,54.0,1003.0,14.1,152,3,4,3
2026-03-06 04:00:00+00:00,21.4,71.0,2.2,86.6,103.6,26.2,47.0,943.0,14.2,152,4,4,3
2026-03-06 05:00:00+00:00,21.0,76.0,1.8,76.1,88.2,19.4,63.0,1108.0,16.9,152,5,4,3
2026-03-06 06:00:00+00:00,19.9,81.0,2.9,82.9,95.0,33.3,47.0,1795.0,17.6,152,6,4,3
2026-03-06 07:00:00+00:00,19.5,81.0,3.9,95.5,108.0,51.9,27.0,2708.0,18.8,153,7,4,3
2026-03-06 08:00:00+00:00,21.8,71.0,4.5,111.5,120.1,61.1,28.0,3170.0,20.3,154,8,4,3
2026-03-06 09:00:00+00:00,25.5,57.0,2.9,90.8,100.8,52.2,70.0,2754.0,22.8,155,9,4,3
2026-03-06 10:00:00+00:00,28.9,44.0,2.4,75.7,87.3,34.0,134.0,1887.0,25.8,156,10,4,3
2026-03-06 11:00:00+00:00,31.3,36.0,2.6,58.2,70.1,19.1,184.0,1170.0,27.6,157,11,4,3
2026-03-06 12:00:00+00:00,33.9,26.0,3.0,52.2,64.0,12.0,208.0,826.0,27.5,157,12,4,3
2026-03-06 13:00:00+00:00,35.1,22.0,1.9,47.8,60.3,8.3,219.0,632.0,26.2,158,13,4,3
2026-03-06 14:00:00+00:00,35.8,20.0,1.5,43.5,54.7,7.1,220.0,515.0,24.5,159,14,4,3
2026-03-06 15:00:00+00:00,36.0,18.0,0.6,39.0,48.2,6.6,211.0,461.0,22.3,159,15,4,3
2026-03-06 16:00:00+00:00,35.7,17.0,1.3,35.2,42.3,8.6,192.0,484.0,19.8,159,16,4,3
2026-03-06 17:00:00+00:00,34.5,18.0,3.6,31.2,36.8,27.6,131.0,559.0,15.9,167,17,4,3
2026-03-06 18:00:00+00:00,31.8,22.0,3.6,40.9,46.6,46.7,101.0,707.0,16.6,176,18,4,3
2026-03-06 19:00:00+00:00,29.9,24.0,4.5,51.2,56.8,72.8,60.0,907.0,17.5,171,19,4,3
2026-03-06 20:00:00+00:00,28.3,29.0,4.0,56.2,61.7,90.7,29.0,1065.0,17.8,159,20,4,3
2026-03-06 21:00:00+00:00,26.5,34.0,4.4,58.8,64.3,93.6,16.0,1157.0,17.2,159,21,4,3
2026-03-06 22:00:00+00:00,25.0,41.0,4.1,60.3,65.7,88.4,13.0,1207.0,16.0,158,22,4,3
2026-03-06 23:00:00+00:00,24.0,48.0,3.8,58.8,64.0,79.9,14.0,1198.0,14.8,158,23,4,3
2026-03-07 00:00:00+00:00,23.2,50.0,4.7,53.4,58.1,67.9,20.0,1094.0,13.5,157,0,5,3
2026-03-07 01:00:00+00:00,22.1,52.0,5.3,49.1,53.4,52.6,29.0,931.0,12.2,156,1,5,3
2026-03-07 02:00:00+00:00,21.1,54.0,5.3,47.8,51.7,40.1,37.0,798.0,11.3,155,2,5,3
2026-03-07 03:00:00+00:00,20.3,56.0,5.3,48.9,52.2,32.2,39.0,703.0,11.2,155,3,5,3
2026-03-07 04:00:00+00:00,19.9,61.0,8.6,51.1,53.8,27.1,39.0,637.0,11.6,154,4,5,3
2026-03-07 05:00:00+00:00,19.3,82.0,8.9,45.5,52.5,22.8,40.0,672.0,11.0,153,5,5,3
2026-03-07 06:00:00+00:00,19.1,85.0,8.3,49.2,54.6,26.6,36.0,920.0,12.1,152,6,5,3
2026-03-07 07:00:00+00:00,19.3,81.0,10.0,54.8,60.5,31.6,32.0,1268.0,13.7,151,7,5,3
2026-03-07 08:00:00+00:00,21.1,76.0,9.2,58.1,63.3,33.4,40.0,1442.0,15.3,148,8,5,3
2026-03-07 09:00:00+00:00,24.2,68.0,8.0,56.0,65.4,29.0,71.0,1275.0,17.0,142,9,5,3
2026-03-07 10:00:00+00:00,27.6,56.0,7.6,45.5,58.8,21.4,114.0,933.0,18.7,139,10,5,3
2026-03-07 11:00:00+00:00,30.5,45.0,8.4,37.5,54.8,14.8,148.0,647.0,19.5,135,11,5,3
2026-03-07 12:00:00+00:00,33.2,29.0,8.8,31.9,56.8,10.4,163.0,492.0,18.8,133,12,5,3
2026-03-07 13:00:00+00:00,34.6,22.0,7.9,28.6,59.6,7.1,169.0,393.0,17.1,131,13,5,3
2026-03-07 14:00:00+00:00,35.1,20.0,6.8,27.3,56.5,5.5,170.0,347.0,15.7,129,14,5,3
2026-03-07 15:00:00+00:00,35.3,19.0,5.9,26.3,51.8,5.0,170.0,304.0,14.9,128,15,5,3
2026-03-07 16:00:00+00:00,35.0,18.0,5.5,26.2,49.4,6.2,167.0,314.0,14.2,126,16,5,3
2026-03-07 17:00:00+00:00,33.8,20.0,4.8,32.7,65.0,11.2,153.0,529.0,12.7,125,17,5,3
2026-03-07 18:00:00+00:00,31.2,32.0,5.9,44.8,72.9,26.0,124.0,1175.0,13.1,133,18,5,3
2026-03-07 19:00:00+00:00,28.7,52.0,7.6,54.1,78.5,46.0,85.0,2024.0,13.7,135,19,5,3
2026-03-07 20:00:00+00:00,26.9,67.0,8.8,56.5,79.2,58.6,56.0,2548.0,14.1,126,20,5,3
2026-03-07 21:00:00+00:00,25.5,73.0,7.3,58.7,82.0,56.5,49.0,2453.0,14.3,126,21,5,3
2026-03-07 22:00:00+00:00,24.7,76.0,5.7,62.2,86.6,47.1,52.0,2031.0,14.5,126,22,5,3
2026-03-07 23:00:00+00:00,23.9,84.0,5.6,68.2,93.8,39.1,54.0,1635.0,14.5,126,23,5,3
2026-03-08 00:00:00+00:00,23.4,86.0,4.4,74.7,102.0,35.9,51.0,1364.0,14.4,127,0,6,3
2026-03-08 01:00:00+00:00,22.4,89.0,3.4,81.7,109.9,34.2,48.0,1118.0,14.2,130,1,6,3
2026-03-08 02:00:00+00:00,21.8,91.0,4.1,88.9,118.5,33.3,44.0,947.0,14.0,133,2,6,3
2026-03-08 03:00:00+00:00,21.3,91.0,5.5,96.2,126.2,32.7,39.0,831.0,13.8,137,3,6,3
2026-03-08 04:00:00+00:00,20.6,93.0,4.1,102.0,130.9,32.8,33.0,789.0,13.7,142,4,6,3
2026-03-08 05:00:00+00:00,20.4,96.0,4.5,68.5,90.8,22.9,48.0,928.0,12.9,147,5,6,3
2026-03-08 06:00:00+00:00,20.1,95.0,3.6,72.4,96.9,30.1,39.0,1461.0,12.9,150,6,6,3
2026-03-08 07:00:00+00:00,20.4,92.0,2.9,80.3,105.0,39.6,28.0,2174.0,13.1,151,7,6,3
2026-03-08 08:00:00+00:00,22.6,81.0,2.2,82.4,99.0,43.5,35.0,2533.0,13.9,151,8,6,3
2026-03-08 09:00:00+00:00,26.4,65.0,1.3,73.8,95.0,36.7,75.0,2195.0,16.2,152,9,6,3
2026-03-08 10:00:00+00:00,29.8,49.0,0.4,58.1,86.1,24.3,131.0,1503.0,19.1,153,10,6,3
2026-03-08 11:00:00+00:00,30.7,42.0,0.4,50.8,87.8,14.2,175.0,944.0,20.9,153,11,6,3
2026-03-08 12:00:00+00:00,33.0,34.0,1.9,45.3,88.0,9.1,192.0,709.0,20.5,153,12,6,3
2026-03-08 13:00:00+00:00,34.1,30.0,3.5,42.6,84.5,6.3,196.0,606.0,19.0,154,13,6,3
2026-03-08 14:00:00+00:00,34.6,28.0,4.7,41.0,80.6,5.3,196.0,555.0,18.0,154,14,6,3
2026-03-08 15:00:00+00:00,33.7,30.0,5.6,40.2,78.0,4.3,197.0,531.0,18.0,155,15,6,3
2026-03-08 16:00:00+00:00,33.9,28.0,2.7,40.4,76.4,5.0,193.0,557.0,18.5,155,16,6,3
2026-03-08 17:00:00+00:00,32.9,32.0,5.2,47.5,91.3,11.6,172.0,623.0,17.7,155,17,6,3
2026-03-08 18:00:00+00:00,31.5,36.0,3.8,59.4,96.4,37.9,134.0,747.0,19.1,169,18,6,3
2026-03-08 19:00:00+00:00,30.4,40.0,5.1,71.2,106.6,73.5,81.0,910.0,21.0,169,19,6,3
2026-03-08 20:00:00+00:00,29.3,45.0,5.2,79.9,112.5,95.6,44.0,1045.0,22.1,157,20,6,3
2026-03-08 21:00:00+00:00,28.1,49.0,4.0,80.1,109.4,91.3,39.0,1138.0,22.0,158,21,6,3
2026-03-08 22:00:00+00:00,27.4,51.0,4.2,78.9,107.3,73.6,50.0,1203.0,21.2,158,22,6,3
2026-03-08 23:00:00+00:00,26.8,56.0,3.3,81.0,109.2,58.3,59.0,1212.0,20.0,159,23,6,3
2026-03-09 00:00:00+00:00,25.8,60.0,3.2,83.6,111.5,51.4,58.0,1123.0,18.4,159,0,0,3
2026-03-09 01:00:00+00:00,24.3,65.0,4.3,84.3,111.1,46.9,53.0,978.0,16.5,159,1,0,3
2026-03-09 02:00:00+00:00,23.0,70.0,4.3,82.4,107.8,42.9,50.0,876.0,14.9,159,2,0,3
2026-03-09 03:00:00+00:00,22.0,74.0,3.6,79.6,102.9,37.1,49.0,799.0,13.9,159,3,0,3
2026-03-09 04:00:00+00:00,21.9,74.0,2.1,78.5,102.0,31.8,49.0,765.0,13.2,159,4,0,3
2026-03-09 05:00:00+00:00,21.6,78.0,1.2,88.7,113.6,38.6,38.0,923.0,14.5,158,5,0,3
2026-03-09 06:00:00+00:00,21.3,79.0,1.5,91.7,116.9,48.5,30.0,1527.0,15.1,159,6,0,3
2026-03-09 07:00:00+00:00,21.4,79.0,2.0,102.9,129.5,61.3,22.0,2324.0,16.1,159,7,0,3
2026-03-09 08:00:00+00:00,23.5,70.0,3.6,118.3,136.4,65.5,31.0,2702.0,17.5,160,8,0,3
2026-03-09 09:00:00+00:00,26.9,57.0,3.3,94.3,113.2,52.6,75.0,2253.0,19.9,161,9,0,3
2026-03-09 10:00:00+00:00,29.6,47.0,3.3,59.0,85.4,31.1,136.0,1385.0,22.8,162,10,0,3
2026-03-09 11:00:00+00:00,31.7,39.0,5.4,47.7,76.4,14.3,183.0,710.0,24.5,162,11,0,3
2026-03-09 12:00:00+00:00,33.8,31.0,5.1,44.0,72.6,7.4,202.0,483.0,23.9,162,12,0,3
2026-03-09 13:00:00+00:00,34.9,28.0,4.4,42.1,70.1,5.2,205.0,449.0,22.0,161,13,0,3
2026-03-09 14:00:00+00:00,35.4,26.0,4.8,41.7,69.8,5.5,202.0,456.0,20.4,161,14,0,3
2026-03-09 15:00:00+00:00,35.3,25.0,5.0,42.4,71.0,5.9,194.0,395.0,19.3,161,15,0,3
2026-03-09 16:00:00+00:00,35.0,26.0,5.5,43.5,72.2,8.9,178.0,375.0,18.4,162,16,0,3
2026-03-09 17:00:00+00:00,33.6,27.0,4.3,53.8,92.4,15.7,157.0,572.0,16.3,162,17,0,3
2026-03-09 18:00:00+00:00,32.1,34.0,2.0,68.7,101.5,42.9,119.0,1121.0,18.3,170,18,0,3
2026-03-09 19:00:00+00:00,30.4,37.0,1.7,86.4,119.2,80.3,67.0,1886.0,21.0,167,19,0,3
2026-03-09 20:00:00+00:00,28.8,40.0,3.1,101.5,132.7,107.2,27.0,2638.0,22.8,163,20,0,3
2026-03-09 21:00:00+00:00,27.8,46.0,5.9,105.2,135.0,113.3,12.0,3430.0,22.9,163,21,0,3
2026-03-09 22:00:00+00:00,25.9,54.0,3.4,104.8,132.2,108.8,9.0,4209.0,22.1,164,22,0,3
2026-03-09 23:00:00+00:00,24.9,62.0,3.9,105.2,131.8,103.9,8.0,4581.0,21.0,165,23,0,3
2026-03-10 00:00:00+00:00,24.2,65.0,4.7,105.7,130.9,102.1,4.0,4258.0,19.6,165,0,1,3
2026-03-10 01:00:00+00:00,23.5,70.0,4.9,101.7,125.3,99.9,1.0,3529.0,17.9,166,1,1,3
2026-03-10 02:00:00+00:00,22.7,77.0,5.2,99.7,123.9,96.2,0.0,2869.0,16.6,167,2,1,3
2026-03-10 03:00:00+00:00,22.2,88.0,9.9,102.7,126.2,90.4,0.0,2418.0,15.9,167,3,1,3
2026-03-10 04:00:00+00:00,22.2,90.0,7.9,107.1,130.4,83.1,1.0,2037.0,15.6,168,4,1,3
2026-03-10 05:00:00+00:00,21.7,91.0,5.5,66.4,77.1,17.3,58.0,1774.0,11.7,169,5,1,3
2026-03-10 06:00:00+00:00,21.5,92.0,5.6,69.6,81.3,23.2,50.0,1726.0,12.4,168,6,1,3
2026-03-10 07:00:00+00:00,21.7,90.0,7.1,72.2,84.1,31.2,40.0,1798.0,13.3,167,7,1,3
2026-03-10 08:00:00+00:00,23.3,82.0,4.9,72.6,81.7,35.3,42.0,1754.0,14.4,166,8,1,3
2026-03-10 09:00:00+00:00,26.3,67.0,4.0,66.1,78.2,32.2,66.0,1453.0,15.8,165,9,1,3
2026-03-10 10:00:00+00:00,28.8,57.0,5.5,59.1,73.8,25.2,103.0,1036.0,17.3,164,10,1,3
2026-03-10 11:00:00+00:00,29.9,54.0,7.8,54.1,72.6,18.8,135.0,696.0,18.2,164,11,1,3
2026-03-10 12:00:00+00:00,32.3,42.0,8.2,50.6,74.0,13.4,159.0,503.0,18.2,164,12,1,3
2026-03-10 13:00:00+00:00,34.7,27.0,7.0,45.4,71.7,8.6,179.0,388.0,17.6,165,13,1,3
2026-03-10 14:00:00+00:00,36.1,18.0,8.3,41.0,66.1,7.1,187.0,331.0,16.8,165,14,1,3
2026-03-10 15:00:00+00:00,35.8,15.0,6.4,36.7,59.3,10.2,180.0,308.0,15.8,165,15,1,3
2026-03-10 16:00:00+00:00,34.8,15.0,5.5,34.0,54.2,16.5,162.0,343.0,14.6,165,16,1,3
2026-03-10 17:00:00+00:00,33.6,16.0,13.7,41.2,60.1,31.6,121.0,494.0,12.1,164,17,1,3
2026-03-10 18:00:00+00:00,32.0,19.0,8.3,51.7,69.4,47.4,94.0,861.0,13.2,164,18,1,3
2026-03-10 19:00:00+00:00,30.1,24.0,5.1,64.0,80.6,69.2,56.0,1343.0,14.7,163,19,1,3
2026-03-10 20:00:00+00:00,27.8,31.0,3.5,69.2,84.5,84.7,26.0,1694.0,15.6,163,20,1,3
2026-03-10 21:00:00+00:00,26.4,36.0,4.4,71.0,86.4,88.4,13.0,1804.0,15.4,162,21,1,3
2026-03-10 22:00:00+00:00,25.7,41.0,1.9,72.4,88.7,86.0,8.0,1783.0,14.7,161,22,1,3
2026-03-10 23:00:00+00:00,24.9,53.0,1.6,72.4,90.6,82.2,6.0,1708.0,14.1,160,23,1,3
2026-03-11 00:00:00+00:00,24.0,57.0,5.3,71.9,93.6,78.1,5.0,1573.0,13.7,159,0,2,3
2026-03-11 01:00:00+00:00,23.2,65.0,7.6,73.8,101.0,72.8,7.0,1385.0,13.4,158,1,2,3
2026-03-11 02:00:00+00:00,23.0,70.0,6.0,77.1,110.4,67.9,9.0,1246.0,13.2,157,2,2,3
2026-03-11 03:00:00+00:00,22.8,71.0,6.5,80.1,117.6,63.9,9.0,1172.0,13.1,156,3,2,3
2026-03-11 04:00:00+00:00,22.3,71.0,2.7,81.7,121.5,60.4,10.0,1146.0,13.1,156,4,2,3
2026-03-11 05:00:00+00:00,20.9,88.0,5.4,73.3,100.6,35.2,31.0,1219.0,12.6,155,5,2,3
2026-03-11 06:00:00+00:00,20.1,91.0,3.5,78.7,104.5,37.3,29.0,1517.0,12.6,155,6,2,3
2026-03-11 07:00:00+00:00,20.7,87.0,5.5,82.7,102.7,39.7,27.0,1914.0,12.5,155,7,2,3
2026-03-11 08:00:00+00:00,22.7,76.0,6.4,76.4,92.7,38.4,36.0,2088.0,12.6,156,8,2,3
2026-03-11 09:00:00+00:00,26.2,57.0,3.6,61.0,81.5,29.9,66.0,1831.0,12.9,156,9,2,3
2026-03-11 10:00:00+00:00,29.2,43.0,3.8,47.5,69.2,17.7,108.0,1351.0,13.3,156,10,2,3
2026-03-11 11:00:00+00:00,30.3,39.0,2.6,43.3,68.9,8.4,141.0,949.0,13.7,155,11,2,3
2026-03-11 12:00:00+00:00,32.3,31.0,2.7,42.3,71.7,4.7,160.0,728.0,14.2,155,12,2,3
2026-03-11 13:00:00+00:00,33.3,26.0,3.4,41.2,73.3,4.0,170.0,586.0,14.7,155,13,2,3
2026-03-11 14:00:00+00:00,33.9,25.0,5.4,38.3,72.4,4.6,174.0,518.0,14.8,155,14,2,3
2026-03-11 15:00:00+00:00,33.1,29.0,10.0,35.7,68.7,4.5,172.0,509.0,14.1,154,15,2,3
2026-03-11 16:00:00+00:00,30.9,36.0,9.0,34.3,64.7,5.8,164.0,574.0,13.1,154,16,2,3
2026-03-11 17:00:00+00:00,31.1,34.0,8.0,49.7,81.3,10.3,164.0,751.0,17.5,154,17,2,3
2026-03-11 18:00:00+00:00,29.8,39.0,8.1,56.7,81.3,23.5,136.0,1123.0,17.5,155,18,2,3
2026-03-11 19:00:00+00:00,28.2,43.0,6.8,66.1,89.6,42.0,96.0,1607.0,17.6,155,19,2,3
2026-03-11 20:00:00+00:00,27.5,45.0,5.4,74.7,98.5,58.5,63.0,1995.0,18.1,155,20,2,3
2026-03-11 21:00:00+00:00,26.7,48.0,5.9,82.7,107.6,71.4,42.0,2218.0,19.3,155,21,2,3
2026-03-11 22:00:00+00:00,25.6,53.0,3.8,95.7,122.5,82.3,26.0,2344.0,20.8,155,22,2,3
2026-03-11 23:00:00+00:00,25.2,72.0,9.9,108.3,136.0,88.7,16.0,2370.0,21.8,156,23,2,3
2026-03-12 00:00:00+00:00,24.1,65.0,8.8,114.8,142.5,87.9,13.0,2285.0,21.7,157,0,3,3
2026-03-12 01:00:00+00:00,23.7,66.0,11.2,115.7,143.9,82.4,16.0,2101.0,20.9,158,1,3,3
2026-03-12 02:00:00+00:00,23.6,67.0,5.7,115.7,144.4,77.8,18.0,1843.0,20.3,160,2,3,3
2026-03-12 03:00:00+00:00,22.0,73.0,5.0,117.1,145.8,77.6,14.0,1447.0,20.2,161,3,3,3
2026-03-12 04:00:00+00:00,21.3,76.0,7.8,118.0,147.1,78.2,8.0,977.0,20.1,162,4,3,3
2026-03-12 05:00:00+00:00,22.2,84.0,12.4,73.8,92.2,21.5,68.0,659.0,15.8,163,5,3,3
2026-03-12 06:00:00+00:00,20.5,94.0,14.4,70.3,85.4,22.9,58.0,636.0,14.0,163,6,3,3
2026-03-12 07:00:00+00:00,18.6,90.0,23.2,67.5,79.9,24.7,47.0,765.0,11.6,163,7,3,3
2026-03-12 08:00:00+00:00,19.0,86.0,15.9,59.6,70.5,24.4,47.0,835.0,10.1,162,8,3,3
2026-03-12 09:00:00+00:00,20.4,80.0,10.8,51.6,63.6,20.2,71.0,744.0,10.6,162,9,3,3
2026-03-12 10:00:00+00:00,22.6,74.0,10.3,45.4,61.5,14.1,108.0,595.0,12.0,162,10,3,3
2026-03-12 11:00:00+00:00,23.4,69.0,13.2,41.7,65.2,9.1,137.0,486.0,12.8,162,11,3,3
2026-03-12 12:00:00+00:00,24.9,64.0,8.8,40.0,70.1,6.5,150.0,447.0,12.1,161,12,3,3
2026-03-12 13:00:00+00:00,26.1,59.0,4.6,37.3,72.6,5.2,155.0,447.0,10.8,161,13,3,3
2026-03-12 14:00:00+00:00,26.9,56.0,1.8,35.6,72.4,4.9,157.0,494.0,9.8,161,14,3,3
2026-03-12 15:00:00+00:00,27.1,55.0,2.2,35.2,71.5,4.8,158.0,583.0,9.7,161,15,3,3
2026-03-12 16:00:00+00:00,26.9,55.0,2.4,35.5,72.2,5.6,156.0,718.0,10.0,161,16,3,3
2026-03-12 17:00:00+00:00,27.6,46.0,3.6,34.3,65.2,9.3,144.0,921.0,13.2,161,17,3,3
2026-03-12 18:00:00+00:00,25.6,61.0,4.1,38.5,60.5,18.1,122.0,1306.0,13.1,161,18,3,3
2026-03-12 19:00:00+00:00,24.3,64.0,6.8,43.9,61.0,30.1,92.0,1759.0,12.9,160,19,3,3
2026-03-12 20:00:00+00:00,22.8,70.0,5.5,42.7,56.7,37.2,69.0,1961.0,12.4,160,20,3,3
2026-03-12 21:00:00+00:00,21.9,71.0,6.2,39.3,52.5,34.8,62.0,1684.0,11.4,159,21,3,3
2026-03-12 22:00:00+00:00,21.2,72.0,7.6,37.6,50.9,27.5,63.0,1156.0,10.2,157,22,3,3
2026-03-12 23:00:00+00:00,21.2,85.0,5.2,37.6,51.9,21.9,63.0,748.0,9.1,156,23,3,3
2026-03-13 00:00:00+00:00,21.0,85.0,4.6,38.3,53.8,20.7,59.0,623.0,8.5,153,0,4,3
2026-03-13 01:00:00+00:00,20.8,84.0,6.3,39.3,56.2,21.2,53.0,618.0,8.1,151,1,4,3
2026-03-13 02:00:00+00:00,19.8,86.0,5.6,41.3,59.4,21.2,49.0,609.0,7.7,146,2,4,3
2026-03-13 03:00:00+00:00,18.9,88.0,4.9,43.1,61.2,19.3,46.0,507.0,7.3,138,3,4,3
2026-03-13 04:00:00+00:00,18.7,87.0,6.0,42.4,59.3,17.0,45.0,402.0,7.0,131,4,4,3
2026-03-13 05:00:00+00:00,18.0,88.0,4.7,42.1,62.6,19.7,44.0,440.0,7.1,123,5,4,3
2026-03-13 06:00:00+00:00,17.8,88.0,4.6,43.0,62.4,24.7,39.0,787.0,7.4,120,6,4,3
2026-03-13 07:00:00+00:00,18.3,86.0,1.7,47.8,66.4,31.3,32.0,1277.0,7.9,117,7,4,3
2026-03-13 08:00:00+00:00,19.9,79.0,0.8,45.4,58.9,33.6,36.0,1553.0,8.3,115,8,4,3
2026-03-13 09:00:00+00:00,22.1,69.0,2.5,35.7,51.1,27.7,59.0,1410.0,8.6,113,9,4,3
2026-03-13 10:00:00+00:00,24.5,59.0,4.1,28.1,46.2,17.7,91.0,1054.0,8.9,112,10,4,3
2026-03-13 11:00:00+00:00,26.7,51.0,7.0,22.1,41.6,9.6,116.0,747.0,8.7,110,11,4,3
2026-03-13 12:00:00+00:00,28.1,43.0,8.4,16.9,32.9,5.9,126.0,570.0,7.7,108,12,4,3
2026-03-13 13:00:00+00:00,29.1,31.0,9.5,13.8,28.1,4.3,129.0,442.0,6.4,105,13,4,3
2026-03-13 14:00:00+00:00,29.7,26.0,10.8,13.0,26.1,3.8,129.0,387.0,5.6,103,14,4,3
2026-03-13 15:00:00+00:00,29.5,26.0,11.1,12.9,25.2,3.7,129.0,420.0,5.8,101,15,4,3
2026-03-13 16:00:00+00:00,29.0,28.0,10.9,13.4,25.2,4.9,127.0,527.0,6.4,99,16,4,3
2026-03-13 17:00:00+00:00,27.6,36.0,9.6,13.8,25.3,8.1,121.0,686.0,7.1,97,17,4,3
2026-03-13 18:00:00+00:00,24.7,48.0,6.5,17.9,26.5,18.1,101.0,949.0,7.6,95,18,4,3
2026-03-13 19:00:00+00:00,23.1,54.0,6.2,23.9,31.8,31.8,74.0,1265.0,8.2,94,19,4,3
2026-03-13 20:00:00+00:00,22.3,57.0,6.5,27.0,34.5,40.8,54.0,1458.0,8.6,92,20,4,3
2026-03-13 21:00:00+00:00,21.9,60.0,6.8,27.8,35.0,41.0,49.0,1432.0,8.6,91,21,4,3
2026-03-13 22:00:00+00:00,21.3,62.0,6.7,28.2,35.3,36.6,51.0,1283.0,8.4,90,22,4,3
2026-03-13 23:00:00+00:00,21.1,69.0,6.3,28.4,35.0,31.8,54.0,1129.0,8.2,89,23,4,3
2026-03-14 00:00:00+00:00,20.7,70.0,7.3,27.5,33.6,27.8,55.0,1000.0,7.9,88,0,5,3
2026-03-14 01:00:00+00:00,20.2,69.0,6.1,26.8,32.4,23.4,57.0,865.0,7.6,88,1,5,3
2026-03-14 02:00:00+00:00,19.7,66.0,6.1,26.4,31.1,19.9,58.0,746.0,7.5,87,2,5,3
2026-03-14 03:00:00+00:00,19.2,64.0,6.1,26.0,30.0,17.0,59.0,603.0,7.8,85,3,5,3
2026-03-14 04:00:00+00:00,18.2,63.0,6.2,25.3,28.5,14.8,59.0,476.0,8.4,84,4,5,3
2026-03-14 05:00:00+00:00,18.2,66.0,7.3,34.2,38.9,18.7,53.0,507.0,8.4,83,5,5,3
2026-03-14 06:00:00+00:00,17.5,68.0,7.5,36.6,40.6,24.8,47.0,875.0,8.9,82,6,5,3
2026-03-14 07:00:00+00:00,17.8,66.0,7.9,42.6,46.4,32.8,39.0,1400.0,9.6,82,7,5,3
2026-03-14 08:00:00+00:00,19.7,61.0,8.0,41.1,43.8,36.3,43.0,1691.0,10.9,81,8,5,3
2026-03-14 09:00:00+00:00,22.1,56.0,4.4,33.5,35.5,30.9,68.0,1515.0,13.4,81,9,5,3
2026-03-14 10:00:00+00:00,24.3,50.0,4.4,19.8,21.1,20.9,103.0,1103.0,16.5,81,10,5,3
2026-03-14 11:00:00+00:00,26.8,39.0,7.6,13.6,14.3,12.7,131.0,760.0,18.1,80,11,5,3
2026-03-14 12:00:00+00:00,28.1,33.0,6.9,10.6,11.6,8.5,144.0,582.0,16.9,79,12,5,3
2026-03-14 13:00:00+00:00,29.0,27.0,6.4,9.5,11.2,6.1,149.0,473.0,14.3,79,13,5,3
2026-03-14 14:00:00+00:00,29.8,24.0,7.6,9.2,11.6,5.3,151.0,439.0,12.2,79,14,5,3
2026-03-14 15:00:00+00:00,29.9,22.0,7.2,9.3,12.1,3.2,153.0,433.0,11.3,78,15,5,3
2026-03-14 16:00:00+00:00,29.5,23.0,6.6,9.5,12.5,2.6,151.0,503.0,11.0,78,16,5,3
2026-03-14 17:00:00+00:00,27.6,37.0,3.3,12.5,17.5,10.1,135.0,803.0,10.8,90,17,5,3
2026-03-14 18:00:00+00:00,25.9,40.0,4.7,20.8,24.8,36.6,102.0,1582.0,12.8,104,18,5,3
2026-03-14 19:00:00+00:00,24.8,39.0,5.4,35.0,38.9,73.2,56.0,2591.0,15.7,104,19,5,3
2026-03-14 20:00:00+00:00,24.4,43.0,3.6,50.3,54.1,101.0,21.0,3232.0,18.0,88,20,5,3
2026-03-14 21:00:00+00:00,23.5,46.0,3.1,63.8,68.0,112.4,6.0,3189.0,19.5,81,21,5,3
2026-03-14 22:00:00+00:00,22.9,48.0,2.9,72.4,77.3,114.9,1.0,2778.0,20.5,83,22,5,3
2026-03-14 23:00:00+00:00,22.7,52.0,4.7,71.9,77.1,112.2,0.0,2357.0,20.4,87,23,5,3
2026-03-15 00:00:00+00:00,23.2,49.0,1.5,65.2,69.8,104.4,3.0,2036.0,18.7,90,0,6,3
2026-03-15 01:00:00+00:00,20.2,56.0,5.0,59.1,64.0,91.4,10.0,1705.0,15.9,93,1,6,3
2026-03-15 02:00:00+00:00,18.8,62.0,5.8,54.9,60.1,76.7,20.0,1383.0,13.7,96,2,6,3
2026-03-15 03:00:00+00:00,18.0,70.0,3.0,52.2,57.7,58.7,33.0,1025.0,12.6,98,3,6,3
2026-03-15 04:00:00+00:00,17.5,76.0,9.0,48.3,54.7,39.0,48.0,677.0,12.1,100,4,6,3
2026-03-15 05:00:00+00:00,19.0,67.0,9.6,61.9,63.1,80.2,3.0,501.0,13.5,102,5,6,3
2026-03-15 06:00:00+00:00,18.4,74.0,11.3,50.4,52.7,70.5,13.0,661.0,13.0,105,6,6,3
2026-03-15 07:00:00+00:00,17.9,80.0,11.0,48.4,55.9,56.7,28.0,994.0,12.3,107,7,6,3
2026-03-15 08:00:00+00:00,18.4,82.0,10.2,46.0,54.4,43.6,47.0,1172.0,11.9,107,8,6,3
2026-03-15 09:00:00+00:00,20.4,72.0,10.6,38.2,48.0,31.9,72.0,1010.0,12.4,108,9,6,3
2026-03-15 10:00:00+00:00,21.4,64.0,9.6,31.2,43.0,20.9,100.0,694.0,13.4,108,10,6,3
2026-03-15 11:00:00+00:00,22.4,59.0,17.1,27.2,38.6,12.6,121.0,449.0,13.5,110,11,6,3
2026-03-15 12:00:00+00:00,22.5,56.0,13.4,21.7,31.9,8.3,129.0,356.0,12.0,111,12,6,3
2026-03-15 13:00:00+00:00,21.6,60.0,10.2,20.8,32.2,6.7,129.0,334.0,9.8,112,13,6,3
2026-03-15 14:00:00+00:00,20.8,65.0,12.5,21.7,40.0,6.4,127.0,370.0,8.3,113,14,6,3
2026-03-15 15:00:00+00:00,21.5,62.0,16.8,23.7,48.1,6.3,125.0,495.0,8.3,115,15,6,3
2026-03-15 16:00:00+00:00,20.3,68.0,9.4,23.6,50.1,7.4,121.0,678.0,9.0,116,16,6,3
2026-03-15 17:00:00+00:00,17.7,79.0,9.8,28.9,56.7,9.6,112.0,807.0,8.3,118,17,6,3
2026-03-15 18:00:00+00:00,16.4,89.0,11.4,28.6,45.4,15.7,98.0,833.0,8.1,119,18,6,3
2026-03-15 19:00:00+00:00,16.3,85.0,11.3,33.2,48.0,23.8,79.0,806.0,7.8,120,19,6,3
2026-03-15 20:00:00+00:00,15.9,88.0,8.5,33.1,49.1,28.4,67.0,767.0,7.9,120,20,6,3
2026-03-15 21:00:00+00:00,15.7,91.0,11.4,29.6,46.1,26.1,67.0,733.0,8.7,118,21,6,3
2026-03-15 22:00:00+00:00,15.6,89.0,11.5,29.5,47.7,20.2,74.0,687.0,9.9,115,22,6,3
2026-03-15 23:00:00+00:00,15.4,88.0,13.2,30.6,49.4,15.1,79.0,625.0,10.8,110,23,6,3
2026-03-16 00:00:00+00:00,15.2,89.0,11.9,31.4,48.4,12.3,80.0,531.0,11.2,106,0,0,3
2026-03-16 01:00:00+00:00,14.8,86.0,15.0,31.4,47.0,10.3,79.0,420.0,11.3,102,1,0,3
2026-03-16 02:00:00+00:00,15.1,81.0,17.5,29.8,44.7,8.9,78.0,338.0,11.1,100,2,0,3
2026-03-16 03:00:00+00:00,14.5,85.0,10.7,27.5,42.6,8.0,78.0,291.0,10.5,98,3,0,3
2026-03-16 04:00:00+00:00,14.3,85.0,10.2,25.9,41.0,7.7,78.0,272.0,9.6,96,4,0,3
2026-03-16 05:00:00+00:00,14.7,81.0,13.1,23.5,28.3,9.2,72.0,307.0,9.5,94,5,0,3
2026-03-16 06:00:00+00:00,14.0,80.0,13.2,23.5,36.2,13.3,71.0,452.0,9.1,91,6,0,3
2026-03-16 07:00:00+00:00,13.7,85.0,10.8,26.1,39.1,18.7,71.0,650.0,8.5,89,7,0,3
2026-03-16 08:00:00+00:00,14.6,85.0,11.9,26.5,54.2,21.0,75.0,758.0,8.2,87,8,0,3
2026-03-16 09:00:00+00:00,15.9,81.0,12.0,26.7,61.2,17.3,89.0,682.0,8.3,85,9,0,3
2026-03-16 10:00:00+00:00,18.2,70.0,11.0,26.0,79.4,10.5,108.0,516.0,8.7,85,10,0,3
2026-03-16 11:00:00+00:00,17.2,75.0,12.8,29.9,115.3,5.4,122.0,399.0,8.8,84,11,0,3
2026-03-16 12:00:00+00:00,18.2,68.0,11.4,30.2,122.9,4.0,127.0,380.0,8.4,84,12,0,3
2026-03-16 13:00:00+00:00,20.7,58.0,10.1,31.0,128.5,4.2,126.0,410.0,7.8,85,13,0,3
2026-03-16 14:00:00+00:00,21.0,55.0,10.9,31.8,132.7,5.0,125.0,478.0,7.4,86,14,0,3
2026-03-16 15:00:00+00:00,20.7,57.0,9.9,31.5,126.2,4.4,127.0,594.0,7.3,87,15,0,3
2026-03-16 16:00:00+00:00,20.2,59.0,8.9,30.4,115.0,4.3,129.0,748.0,7.4,87,16,0,3
2026-03-16 17:00:00+00:00,21.1,55.0,8.5,29.3,109.0,8.2,115.0,899.0,7.1,88,17,0,3
2026-03-16 18:00:00+00:00,18.9,68.0,6.1,30.0,88.5,24.5,91.0,1060.0,7.8,88,18,0,3
2026-03-16 19:00:00+00:00,17.7,74.0,2.2,38.3,94.1,46.5,59.0,1218.0,8.9,88,19,0,3
2026-03-16 20:00:00+00:00,16.7,78.0,2.8,42.1,92.2,59.5,37.0,1293.0,9.4,88,20,0,3
2026-03-16 21:00:00+00:00,15.7,82.0,4.0,38.1,76.8,54.9,36.0,1221.0,9.1,89,21,0,3
2026-03-16 22:00:00+00:00,15.0,85.0,5.9,32.6,61.2,41.3,45.0,1066.0,8.3,90,22,0,3
2026-03-16 23:00:00+00:00,15.2,85.0,2.0,28.3,50.3,30.1,53.0,937.0,7.6,90,23,0,3
2026-03-17 00:00:00+00:00,15.3,84.0,5.8,25.9,45.6,25.8,54.0,872.0,7.2,90,0,1,3
2026-03-17 01:00:00+00:00,14.9,84.0,6.1,26.5,47.1,24.0,53.0,833.0,7.0,89,1,1,3
2026-03-17 02:00:00+00:00,14.7,84.0,8.2,27.7,48.2,22.4,52.0,810.0,6.7,89,2,1,3
2026-03-17 03:00:00+00:00,14.1,87.0,5.2,27.8,46.0,19.6,52.0,760.0,6.3,89,3,1,3
2026-03-17 04:00:00+00:00,13.7,89.0,4.2,27.5,43.0,17.1,53.0,727.0,6.0,89,4,1,3
2026-03-17 05:00:00+00:00,13.7,90.0,6.9,29.5,43.9,21.0,42.0,832.0,6.6,89,5,1,3
2026-03-17 06:00:00+00:00,13.7,87.0,6.9,29.5,42.5,25.2,38.0,1268.0,6.8,89,6,1,3
2026-03-17 07:00:00+00:00,14.2,85.0,6.8,29.1,41.1,30.7,33.0,1843.0,7.1,90,7,1,3
2026-03-17 08:00:00+00:00,15.7,83.0,9.0,30.5,37.8,32.3,39.0,2098.0,7.3,90,8,1,3
2026-03-17 09:00:00+00:00,18.4,75.0,7.0,26.8,35.7,26.1,64.0,1717.0,7.3,90,9,1,3
2026-03-17 10:00:00+00:00,20.8,64.0,7.4,18.9,31.8,16.0,98.0,1017.0,7.1,90,10,1,3
2026-03-17 11:00:00+00:00,22.5,54.0,9.4,18.2,52.7,8.1,126.0,490.0,7.0,90,11,1,3
2026-03-17 12:00:00+00:00,23.4,44.0,10.2,22.1,73.1,5.0,141.0,313.0,7.0,89,12,1,3
2026-03-17 13:00:00+00:00,24.1,39.0,8.1,22.8,76.4,4.1,150.0,309.0,7.1,88,13,1,3
2026-03-17 14:00:00+00:00,24.9,37.0,5.1,21.1,69.8,4.3,154.0,437.0,7.2,88,14,1,3
2026-03-17 15:00:00+00:00,25.0,36.0,3.6,19.6,63.3,3.0,157.0,637.0,7.0,87,15,1,3
2026-03-17 16:00:00+00:00,24.9,36.0,3.1,19.0,60.3,2.7,155.0,969.0,6.7,86,16,1,3
2026-03-17 17:00:00+00:00,24.1,42.0,3.7,9.7,17.4,9.9,137.0,1568.0,7.8,89,17,1,3
2026-03-17 18:00:00+00:00,21.8,58.0,1.4,23.6,29.5,39.9,102.0,2801.0,10.8,104,18,1,3
2026-03-17 19:00:00+00:00,20.2,61.0,1.5,45.5,51.3,80.9,54.0,4300.0,15.0,105,19,1,3
2026-03-17 20:00:00+00:00,18.4,68.0,5.6,63.3,69.6,108.7,19.0,5099.0,18.1,90,20,1,3
2026-03-17 21:00:00+00:00,18.0,66.0,2.4,74.0,79.9,111.1,8.0,4575.0,19.6,85,21,1,3
2026-03-17 22:00:00+00:00,16.9,70.0,3.6,77.8,82.4,100.3,11.0,3351.0,20.0,88,22,1,3
2026-03-17 23:00:00+00:00,16.6,72.0,5.2,77.8,81.3,88.4,14.0,2323.0,19.3,92,23,1,3
2026-03-18 00:00:00+00:00,16.8,70.0,6.3,64.0,65.7,79.6,14.0,1845.0,16.7,95,0,2,3
2026-03-18 01:00:00+00:00,17.2,70.0,5.8,51.1,52.0,69.6,16.0,1564.0,12.9,98,1,2,3
2026-03-18 02:00:00+00:00,16.4,73.0,5.5,44.4,45.1,58.3,22.0,1321.0,10.0,101,2,2,3
2026-03-18 03:00:00+00:00,16.9,67.0,12.3,36.2,36.7,42.6,36.0,1003.0,8.8,102,3,2,3
2026-03-18 04:00:00+00:00,16.0,79.0,14.2,29.4,30.4,25.6,53.0,723.0,8.4,103,4,2,3
2026-03-18 05:00:00+00:00,17.1,77.0,5.5,36.9,68.5,14.9,62.0,655.0,8.0,103,5,2,3
2026-03-18 06:00:00+00:00,17.3,74.0,8.1,36.3,67.1,20.3,58.0,998.0,8.3,104,6,2,3
2026-03-18 07:00:00+00:00,17.3,76.0,7.5,35.5,67.1,27.5,54.0,1554.0,8.8,105,7,2,3
2026-03-18 08:00:00+00:00,17.9,76.0,2.4,36.7,57.7,31.2,56.0,1905.0,9.1,105,8,2,3
2026-03-18 09:00:00+00:00,19.4,73.0,4.2,34.9,63.8,28.0,70.0,1841.0,9.1,106,9,2,3
2026-03-18 10:00:00+00:00,20.4,70.0,3.2,34.2,80.3,21.4,90.0,1572.0,9.0,107,10,2,3
2026-03-18 11:00:00+00:00,20.4,73.0,6.4,30.7,82.2,16.0,105.0,1307.0,9.1,109,11,2,3
2026-03-18 12:00:00+00:00,18.8,72.0,6.2,30.2,94.1,13.4,111.0,1087.0,9.7,110,12,2,3
2026-03-18 13:00:00+00:00,18.2,72.0,2.2,28.7,81.5,12.1,113.0,872.0,10.6,111,13,2,3
2026-03-18 14:00:00+00:00,17.7,79.0,5.6,27.2,79.2,12.7,110.0,742.0,10.7,111,14,2,3
2026-03-18 15:00:00+00:00,18.0,79.0,8.3,23.3,61.5,16.8,101.0,755.0,9.5,112,15,2,3
2026-03-18 16:00:00+00:00,18.1,80.0,8.3,23.1,50.3,22.8,87.0,854.0,7.7,112,16,2,3
2026-03-18 17:00:00+00:00,17.5,83.0,13.0,44.5,145.8,20.6,102.0,954.0,13.1,113,17,2,3
2026-03-18 18:00:00+00:00,17.3,82.0,13.5,46.2,117.6,21.2,95.0,1036.0,12.0,116,18,2,3
2026-03-18 19:00:00+00:00,16.6,83.0,10.7,45.2,99.4,22.1,85.0,1118.0,10.5,119,19,2,3
2026-03-18 20:00:00+00:00,16.4,82.0,9.2,38.8,77.8,22.8,76.0,1168.0,9.1,119,20,2,3
2026-03-18 21:00:00+00:00,16.7,76.0,9.0,30.9,60.3,23.4,68.0,1188.0,7.9,116,21,2,3
2026-03-18 22:00:00+00:00,16.4,74.0,10.7,27.4,52.2,23.9,61.0,1174.0,6.8,112,22,2,3
2026-03-18 23:00:00+00:00,16.9,76.0,3.1,26.7,49.7,24.0,55.0,1087.0,6.0,106,23,2,3
2026-03-19 00:00:00+00:00,16.4,79.0,8.2,28.1,54.8,23.6,52.0,861.0,5.6,101,0,3,3
2026-03-19 01:00:00+00:00,15.7,83.0,10.1,29.5,59.1,22.7,51.0,561.0,5.5,98,1,3,3
2026-03-19 02:00:00+00:00,15.9,84.0,4.8,26.3,51.9,21.2,50.0,340.0,5.4,96,2,3,3
2026-03-19 03:00:00+00:00,15.4,86.0,12.8,23.5,44.2,17.9,50.0,242.0,5.3,95,3,3,3
2026-03-19 04:00:00+00:00,15.8,85.0,12.1,22.8,41.0,14.0,51.0,223.0,5.2,94,4,3,3
2026-03-19 05:00:00+00:00,15.7,83.0,8.7,25.3,47.6,15.5,48.0,307.0,5.5,93,5,3,3
2026-03-19 06:00:00+00:00,15.2,86.0,7.4,26.3,50.6,18.3,45.0,584.0,6.2,92,6,3,3
2026-03-19 07:00:00+00:00,15.5,87.0,8.2,29.1,53.7,21.9,42.0,963.0,7.2,92,7,3,3
2026-03-19 08:00:00+00:00,16.8,85.0,7.4,30.5,57.4,23.7,45.0,1197.0,8.3,91,8,3,3
2026-03-19 09:00:00+00:00,18.8,78.0,5.4,28.9,66.4,21.5,60.0,1144.0,9.5,91,9,3,3
2026-03-19 10:00:00+00:00,20.5,75.0,4.0,28.8,71.5,17.4,82.0,946.0,10.8,90,10,3,3
2026-03-19 11:00:00+00:00,21.9,72.0,5.5,30.0,84.8,14.7,98.0,776.0,12.0,90,11,3,3
2026-03-19 12:00:00+00:00,20.0,75.0,11.5,31.0,90.3,14.8,103.0,670.0,13.0,90,12,3,3
2026-03-19 13:00:00+00:00,19.3,81.0,6.2,34.9,93.8,16.2,103.0,594.0,13.8,90,13,3,3
2026-03-19 14:00:00+00:00,19.5,81.0,2.4,36.6,89.6,18.1,102.0,616.0,14.2,90,14,3,3
2026-03-19 15:00:00+00:00,19.6,80.0,0.7,39.2,88.0,19.2,103.0,841.0,14.0,91,15,3,3
2026-03-19 16:00:00+00:00,18.9,83.0,7.2,39.2,82.0,20.7,102.0,1165.0,13.3,92,16,3,3
2026-03-19 17:00:00+00:00,18.2,90.0,7.9,39.3,64.0,34.3,59.0,1347.0,7.7,94,17,3,3
2026-03-19 18:00:00+00:00,17.7,90.0,9.0,38.4,55.1,35.3,54.0,1235.0,7.5,93,18,3,3
2026-03-19 19:00:00+00:00,17.0,93.0,8.6,38.9,53.7,36.8,47.0,982.0,7.4,93,19,3,3
2026-03-19 20:00:00+00:00,16.6,96.0,6.1,37.6,52.4,38.1,40.0,805.0,7.5,92,20,3,3
2026-03-19 21:00:00+00:00,15.6,97.0,4.6,39.7,54.1,39.2,34.0,822.0,8.3,92,21,3,3
2026-03-19 22:00:00+00:00,14.9,96.0,3.1,42.6,57.2,40.1,29.0,915.0,9.3,93,22,3,3
2026-03-19 23:00:00+00:00,15.6,97.0,3.4,45.6,60.8,40.5,25.0,945.0,10.0,94,23,3,3
2026-03-20 00:00:00+00:00,15.5,96.0,1.7,49.2,65.0,40.5,22.0,831.0,9.9,95,0,4,3
2026-03-20 01:00:00+00:00,15.4,96.0,0.3,50.3,64.5,40.0,20.0,655.0,9.3,97,1,4,3
2026-03-20 02:00:00+00:00,15.2,97.0,1.2,47.5,61.2,38.1,19.0,518.0,8.8,99,2,4,3
2026-03-20 03:00:00+00:00,14.9,98.0,1.1,45.5,59.5,33.5,20.0,446.0,8.4,100,3,4,3
2026-03-20 04:00:00+00:00,14.6,99.0,3.5,44.6,58.6,27.6,23.0,414.0,8.1,103,4,4,3
2026-03-20 05:00:00+00:00,14.9,99.0,4.1,42.3,59.4,20.8,33.0,450.0,7.4,105,5,4,3
2026-03-20 06:00:00+00:00,14.5,99.0,2.7,43.2,60.1,22.5,33.0,626.0,7.5,107,6,4,3
2026-03-20 07:00:00+00:00,15.3,98.0,5.3,47.8,65.9,24.5,34.0,869.0,7.7,108,7,4,3
2026-03-20 08:00:00+00:00,16.3,94.0,6.3,46.3,67.5,24.4,43.0,998.0,8.1,110,8,4,3
2026-03-20 09:00:00+00:00,18.1,83.0,6.7,37.6,63.8,19.9,64.0,892.0,9.0,112,9,4,3
2026-03-20 10:00:00+00:00,19.5,73.0,4.0,27.6,57.9,13.2,93.0,670.0,10.1,113,10,4,3
2026-03-20 11:00:00+00:00,20.2,66.0,2.6,26.0,59.3,8.1,118.0,507.0,11.0,113,11,4,3
2026-03-20 12:00:00+00:00,21.2,64.0,0.9,25.1,56.7,6.1,136.0,468.0,11.5,112,12,4,3
2026-03-20 13:00:00+00:00,21.8,59.0,0.6,26.0,56.2,5.6,149.0,488.0,11.8,112,13,4,3
2026-03-20 14:00:00+00:00,22.1,58.0,2.8,28.0,56.8,5.9,158.0,540.0,12.2,111,14,4,3
2026-03-20 15:00:00+00:00,22.2,59.0,3.2,27.9,54.5,6.2,163.0,613.0,13.2,110,15,4,3
2026-03-20 16:00:00+00:00,22.1,57.0,3.4,26.4,50.2,7.3,163.0,719.0,14.3,109,16,4,3
2026-03-20 17:00:00+00:00,22.2,57.0,5.5,29.2,60.3,11.2,129.0,868.0,8.6,107,17,4,3
2026-03-20 18:00:00+00:00,20.3,74.0,3.8,37.4,64.0,33.6,100.0,1105.0,10.6,106,18,4,3
2026-03-20 19:00:00+00:00,19.1,77.0,7.3,54.9,81.0,64.0,59.0,1385.0,13.4,106,19,4,3
2026-03-20 20:00:00+00:00,17.7,83.0,8.9,69.2,94.5,83.1,30.0,1583.0,15.1,108,20,4,3
2026-03-20 21:00:00+00:00,15.3,90.0,17.7,76.1,99.7,80.2,23.0,1663.0,15.0,111,21,4,3
2026-03-20 22:00:00+00:00,15.2,91.0,7.4,73.3,93.1,66.0,27.0,1660.0,13.8,115,22,4,3
2026-03-20 23:00:00+00:00,14.6,94.0,6.5,70.1,87.3,54.0,30.0,1558.0,12.5,118,23,4,3
2026-03-21 00:00:00+00:00,14.1,98.0,2.9,57.6,73.6,49.6,28.0,1282.0,11.1,121,0,5,3
2026-03-21 01:00:00+00:00,13.6,98.0,3.9,49.7,65.2,47.2,25.0,907.0,9.5,122,1,5,3
2026-03-21 02:00:00+00:00,13.0,99.0,4.3,45.2,60.3,43.7,24.0,636.0,8.6,122,2,5,3
2026-03-21 03:00:00+00:00,12.6,99.0,4.7,42.7,57.6,36.5,26.0,553.0,8.8,121,3,5,3
2026-03-21 04:00:00+00:00,12.4,100.0,4.6,41.9,56.5,28.1,31.0,575.0,9.6,121,4,5,3
2026-03-21 05:00:00+00:00,13.8,98.0,5.6,35.7,47.5,17.3,43.0,658.0,18.1,121,5,5,3
2026-03-21 06:00:00+00:00,13.3,99.0,2.3,36.7,47.7,20.0,40.0,841.0,18.7,120,6,5,3
2026-03-21 07:00:00+00:00,14.1,98.0,4.5,41.9,52.7,23.4,36.0,1083.0,19.5,119,7,5,3
2026-03-21 08:00:00+00:00,15.5,94.0,4.2,43.2,55.4,24.5,42.0,1223.0,20.4,119,8,5,3
2026-03-21 09:00:00+00:00,17.7,88.0,2.4,44.4,60.1,20.8,66.0,1158.0,21.6,118,9,5,3
2026-03-21 10:00:00+00:00,19.7,79.0,3.2,44.7,64.3,14.7,100.0,990.0,23.0,119,10,5,3
2026-03-21 11:00:00+00:00,20.7,72.0,3.8,43.4,64.5,10.0,128.0,859.0,23.5,121,11,5,3
2026-03-21 12:00:00+00:00,22.1,65.0,2.0,41.3,61.2,8.2,145.0,815.0,22.5,123,12,5,3
2026-03-21 13:00:00+00:00,22.9,59.0,2.6,40.2,58.2,7.7,155.0,808.0,20.8,124,13,5,3
2026-03-21 14:00:00+00:00,23.2,55.0,5.4,39.3,56.2,8.2,161.0,829.0,19.6,126,14,5,3
2026-03-21 15:00:00+00:00,23.7,53.0,5.9,38.1,53.7,7.1,164.0,854.0,19.5,127,15,5,3
2026-03-21 16:00:00+00:00,23.5,56.0,7.0,37.6,52.3,6.9,161.0,907.0,20.0,128,16,5,3
2026-03-21 17:00:00+00:00,23.1,55.0,4.4,46.9,64.0,16.4,132.0,1044.0,24.4,129,17,5,3
2026-03-21 18:00:00+00:00,21.6,71.0,3.0,58.1,71.5,35.6,105.0,1373.0,24.4,131,18,5,3
2026-03-21 19:00:00+00:00,20.4,75.0,4.0,71.0,84.5,61.9,67.0,1787.0,24.4,133,19,5,3
2026-03-21 20:00:00+00:00,19.4,76.0,5.4,78.9,92.0,81.0,38.0,2021.0,24.5,135,20,5,3
2026-03-21 21:00:00+00:00,18.6,78.0,5.2,87.1,100.1,86.1,27.0,1910.0,25.2,136,21,5,3
2026-03-21 22:00:00+00:00,17.7,81.0,4.4,95.2,108.7,83.9,25.0,1619.0,26.0,137,22,5,3
2026-03-21 23:00:00+00:00,18.0,81.0,4.8,102.0,115.3,80.0,25.0,1384.0,25.8,139,23,5,3
2026-03-22 00:00:00+00:00,18.5,81.0,5.7,101.7,114.3,76.5,24.0,1311.0,23.8,143,0,6,3
2026-03-22 01:00:00+00:00,18.3,79.0,6.2,95.9,108.7,71.3,25.0,1293.0,20.9,147,1,6,3
2026-03-22 02:00:00+00:00,17.9,78.0,6.3,92.0,105.0,63.9,29.0,1243.0,18.1,151,2,6,3
2026-03-22 03:00:00+00:00,17.3,80.0,6.0,87.1,100.8,51.7,38.0,1072.0,15.9,152,3,6,3
2026-03-22 04:00:00+00:00,16.6,83.0,5.5,84.8,99.2,37.2,49.0,869.0,13.9,153,4,6,3
2026-03-22 05:00:00+00:00,16.4,81.0,6.5,80.3,91.7,30.5,51.0,820.0,12.9,155,5,6,3
2026-03-22 06:00:00+00:00,16.1,83.0,6.5,82.2,94.3,33.7,49.0,1113.0,12.4,156,6,6,3
2026-03-22 07:00:00+00:00,16.5,83.0,6.5,86.4,99.4,37.8,46.0,1558.0,11.8,157,7,6,3
2026-03-22 08:00:00+00:00,18.3,78.0,2.8,86.6,96.6,37.6,55.0,1775.0,11.7,159,8,6,3
2026-03-22 09:00:00+00:00,20.5,70.0,2.4,78.7,94.8,29.1,84.0,1527.0,13.0,160,9,6,3
2026-03-22 10:00:00+00:00,22.8,61.0,3.4,65.0,83.4,16.5,124.0,1049.0,14.9,161,10,6,3
2026-03-22 11:00:00+00:00,24.1,53.0,5.7,46.0,64.3,6.9,154.0,668.0,15.8,162,11,6,3
2026-03-22 12:00:00+00:00,25.2,50.0,6.3,36.9,56.7,3.3,165.0,504.0,14.9,162,12,6,3
2026-03-22 13:00:00+00:00,26.1,47.0,8.3,35.9,59.4,2.7,166.0,437.0,13.0,161,13,6,3
2026-03-22 14:00:00+00:00,26.7,44.0,10.2,34.5,61.2,4.0,161.0,431.0,11.6,161,14,6,3
2026-03-22 15:00:00+00:00,26.8,42.0,10.0,32.8,62.4,5.5,153.0,452.0,11.0,161,15,6,3
2026-03-22 16:00:00+00:00,26.3,43.0,9.3,32.2,63.3,8.8,139.0,535.0,10.8,161,16,6,3
2026-03-22 17:00:00+00:00,25.9,46.0,6.7,30.3,63.6,9.6,134.0,749.0,9.6,161,17,6,3
2026-03-22 18:00:00+00:00,23.9,59.0,4.7,36.7,61.9,30.6,104.0,1270.0,10.5,160,18,6,3
2026-03-22 19:00:00+00:00,22.3,65.0,5.4,49.5,74.7,59.3,63.0,1922.0,11.7,160,19,6,3
2026-03-22 20:00:00+00:00,21.5,68.0,4.7,57.4,82.7,78.3,34.0,2252.0,12.5,159,20,6,3
2026-03-22 21:00:00+00:00,20.4,71.0,5.3,61.2,86.4,78.8,27.0,1965.0,12.5,158,21,6,3
2026-03-22 22:00:00+00:00,19.7,74.0,5.2,62.2,87.3,69.5,32.0,1356.0,12.1,158,22,6,3
2026-03-22 23:00:00+00:00,19.5,75.0,4.8,63.6,89.4,59.7,37.0,848.0,11.6,157,23,6,3
2026-03-23 00:00:00+00:00,20.2,73.0,5.7,64.5,90.8,51.7,38.0,593.0,11.0,156,0,0,3
2026-03-23 01:00:00+00:00,20.5,72.0,5.2,64.7,90.6,43.1,40.0,441.0,10.4,154,1,0,3
2026-03-23 02:00:00+00:00,20.1,73.0,4.9,63.8,89.2,36.0,41.0,364.0,9.8,154,2,0,3
2026-03-23 03:00:00+00:00,19.2,75.0,5.1,62.6,87.3,30.7,40.0,328.0,9.4,153,3,0,3
2026-03-23 04:00:00+00:00,18.3,79.0,5.1,62.4,86.8,26.8,39.0,368.0,9.0,152,4,0,3
2026-03-23 05:00:00+00:00,17.7,83.0,2.9,49.0,61.5,19.4,45.0,560.0,7.6,151,5,0,3
2026-03-23 06:00:00+00:00,17.7,84.0,0.8,49.2,63.3,24.4,42.0,1098.0,8.2,150,6,0,3
2026-03-23 07:00:00+00:00,18.3,83.0,2.1,57.7,71.5,31.0,38.0,1788.0,9.0,148,7,0,3
2026-03-23 08:00:00+00:00,20.5,76.0,0.7,55.8,70.1,33.4,47.0,2121.0,10.3,145,8,0,3
2026-03-23 09:00:00+00:00,22.9,66.0,1.9,49.9,72.9,27.5,79.0,1752.0,12.7,142,9,0,3
2026-03-23 10:00:00+00:00,25.0,58.0,3.3,45.9,73.3,17.4,122.0,1027.0,15.5,139,10,0,3
2026-03-23 11:00:00+00:00,26.4,45.0,5.4,34.9,63.6,9.4,155.0,471.0,16.9,137,11,0,3
2026-03-23 12:00:00+00:00,27.2,43.0,5.1,30.6,55.9,5.9,166.0,305.0,15.7,136,12,0,3
2026-03-23 13:00:00+00:00,27.9,40.0,5.7,27.8,49.9,4.6,167.0,309.0,13.2,135,13,0,3
2026-03-23 14:00:00+00:00,28.4,38.0,4.8,26.1,46.4,4.3,163.0,349.0,11.1,134,14,0,3
2026-03-23 15:00:00+00:00,27.8,39.0,5.2,25.0,44.8,2.6,159.0,357.0,10.1,133,15,0,3
2026-03-23 16:00:00+00:00,27.4,39.0,3.4,23.9,42.5,2.1,152.0,402.0,9.5,132,16,0,3
2026-03-23 17:00:00+00:00,27.7,34.0,3.9,28.1,56.6,10.0,139.0,558.0,9.9,132,17,0,3
2026-03-23 18:00:00+00:00,25.2,48.0,4.7,38.9,63.6,33.5,107.0,963.0,11.5,131,18,0,3
2026-03-23 19:00:00+00:00,22.9,58.0,5.7,57.7,81.5,65.3,63.0,1480.0,13.5,132,19,0,3
2026-03-23 20:00:00+00:00,21.4,65.0,4.7,67.1,88.5,84.0,34.0,1773.0,14.6,132,20,0,3
2026-03-23 21:00:00+00:00,20.4,65.0,7.9,62.6,78.0,77.1,35.0,1632.0,13.6,133,21,0,3
2026-03-23 22:00:00+00:00,19.7,69.0,10.2,53.2,66.1,57.2,50.0,1266.0,11.7,134,22,0,3
2026-03-23 23:00:00+00:00,20.1,75.0,6.8,49.6,61.5,40.6,61.0,969.0,10.0,133,23,0,3
2026-03-24 00:00:00+00:00,19.9,78.0,4.6,49.1,60.3,33.3,61.0,846.0,9.2,131,0,1,3
2026-03-24 01:00:00+00:00,19.0,82.0,4.1,50.8,62.2,29.3,57.0,792.0,8.7,130,1,1,3
2026-03-24 02:00:00+00:00,18.2,84.0,4.0,53.2,65.7,26.7,53.0,786.0,8.4,128,2,1,3
2026-03-24 03:00:00+00:00,17.5,86.0,2.9,55.6,69.2,24.7,48.0,808.0,8.2,127,3,1,3
2026-03-24 04:00:00+00:00,16.9,89.0,2.1,58.1,71.9,24.0,43.0,878.0,8.2,126,4,1,3
2026-03-24 05:00:00+00:00,16.9,91.0,4.6,47.7,60.5,17.5,56.0,1040.0,7.4,126,5,1,3
2026-03-24 06:00:00+00:00,17.1,86.0,6.0,49.9,62.2,23.2,52.0,1445.0,7.7,126,6,1,3
2026-03-24 07:00:00+00:00,17.7,80.0,5.2,55.3,66.6,30.7,48.0,1941.0,8.2,126,7,1,3
2026-03-24 08:00:00+00:00,20.3,70.0,2.0,55.8,66.4,33.4,56.0,2124.0,9.5,125,8,1,3
2026-03-24 09:00:00+00:00,24.0,54.0,1.3,47.7,64.0,26.9,89.0,1691.0,12.6,126,9,1,3
2026-03-24 10:00:00+00:00,27.0,45.0,6.0,33.8,54.2,15.6,133.0,944.0,16.5,125,10,1,3
2026-03-24 11:00:00+00:00,28.6,32.0,9.4,32.8,57.3,6.9,165.0,381.0,18.4,124,11,1,3
2026-03-24 12:00:00+00:00,29.9,26.0,11.4,25.1,43.4,3.7,171.0,221.0,16.4,124,12,1,3
2026-03-24 13:00:00+00:00,30.4,23.0,11.9,20.3,34.3,3.0,164.0,247.0,12.3,123,13,1,3
2026-03-24 14:00:00+00:00,30.9,23.0,12.6,17.8,29.8,3.2,156.0,299.0,9.2,122,14,1,3
2026-03-24 15:00:00+00:00,30.5,24.0,12.1,16.4,27.6,2.2,154.0,321.0,8.0,122,15,1,3
2026-03-24 16:00:00+00:00,30.0,26.0,11.5,15.7,26.3,2.1,152.0,370.0,7.8,121,16,1,3
2026-03-24 17:00:00+00:00,28.5,29.0,10.7,16.8,26.7,7.5,145.0,464.0,8.9,120,17,1,3
2026-03-24 18:00:00+00:00,26.7,35.0,6.9,20.7,27.9,22.2,117.0,648.0,9.4,130,18,1,3
2026-03-24 19:00:00+00:00,25.4,41.0,5.7,28.1,34.8,42.2,79.0,877.0,10.1,127,19,1,3
2026-03-24 20:00:00+00:00,25.1,44.0,5.4,32.7,39.2,56.2,51.0,1031.0,10.6,114,20,1,3
2026-03-24 21:00:00+00:00,24.2,46.0,5.3,36.1,42.7,58.5,42.0,1028.0,10.6,110,21,1,3
2026-03-24 22:00:00+00:00,22.8,51.0,5.8,38.2,44.9,54.8,42.0,950.0,10.3,107,22,1,3
2026-03-24 23:00:00+00:00,22.8,56.0,6.0,36.9,43.7,50.2,44.0,927.0,9.9,106,23,1,3
2026-03-25 00:00:00+00:00,22.3,55.0,7.0,34.6,41.7,45.6,46.0,1041.0,9.4,104,0,2,3
2026-03-25 01:00:00+00:00,21.4,59.0,6.2,34.8,42.5,40.2,49.0,1209.0,8.8,103,1,2,3
2026-03-25 02:00:00+00:00,20.7,61.0,6.5,37.3,45.2,36.5,50.0,1318.0,8.4,101,2,2,3
2026-03-25 03:00:00+00:00,19.5,66.0,5.9,40.3,48.1,35.5,44.0,1226.0,8.4,100,3,2,3
2026-03-25 04:00:00+00:00,18.6,69.0,5.8,43.3,51.0,36.2,36.0,1075.0,8.7,98,4,2,3
2026-03-25 05:00:00+00:00,18.5,71.0,5.2,47.1,54.4,43.2,31.0,1170.0,9.2,97,5,2,3
2026-03-25 06:00:00+00:00,18.1,74.0,2.7,52.9,59.6,44.7,33.0,1859.0,9.9,97,6,2,3
2026-03-25 07:00:00+00:00,18.3,73.0,4.1,61.5,67.3,46.3,37.0,2794.0,11.0,98,7,2,3
2026-03-25 08:00:00+00:00,20.6,67.0,3.6,59.6,64.5,43.9,53.0,3242.0,12.2,98,8,2,3
2026-03-25 09:00:00+00:00,23.9,56.0,2.9,45.4,51.9,33.7,91.0,2730.0,13.7,98,9,2,3
2026-03-25 10:00:00+00:00,26.6,45.0,3.8,28.1,35.9,19.5,140.0,1730.0,15.3,98,10,2,3
2026-03-25 11:00:00+00:00,28.6,34.0,4.6,19.7,29.5,8.7,177.0,928.0,16.1,98,11,2,3
2026-03-25 12:00:00+00:00,29.7,31.0,6.3,18.2,27.5,4.5,190.0,592.0,15.4,97,12,2,3
2026-03-25 13:00:00+00:00,30.7,30.0,7.2,18.3,27.1,3.6,191.0,454.0,13.8,96,13,2,3
2026-03-25 14:00:00+00:00,31.2,29.0,7.3,18.8,27.9,4.0,186.0,387.0,12.5,96,14,2,3
2026-03-25 15:00:00+00:00,31.3,28.0,6.9,19.3,29.6,4.6,177.0,363.0,12.0,96,15,2,3
2026-03-25 16:00:00+00:00,31.0,28.0,6.3,19.4,30.2,6.4,162.0,411.0,11.8,123,16,2,3
2026-03-25 17:00:00+00:00,30.1,30.0,4.3,22.3,34.3,10.9,139.0,490.0,12.3,146,17,2,3
2026-03-25 18:00:00+00:00,28.1,44.0,2.2,27.9,36.3,22.5,116.0,612.0,12.2,155,18,2,3
2026-03-25 19:00:00+00:00,26.5,51.0,2.2,33.6,41.3,38.0,85.0,765.0,12.2,151,19,2,3
2026-03-25 20:00:00+00:00,25.6,64.0,1.1,34.5,42.0,47.2,64.0,872.0,12.3,132,20,2,3
2026-03-25 21:00:00+00:00,24.6,54.0,7.8,35.9,46.2,44.0,64.0,907.0,12.9,105,21,2,3
2026-03-25 22:00:00+00:00,23.3,58.0,8.1,37.5,49.0,34.4,75.0,895.0,13.7,98,22,2,3
2026-03-25 23:00:00+00:00,22.2,67.0,10.2,35.9,46.9,25.6,85.0,834.0,13.9,98,23,2,3
2026-03-26 00:00:00+00:00,21.0,71.0,6.4,34.1,44.0,19.8,89.0,688.0,13.0,98,0,3,3
2026-03-26 01:00:00+00:00,20.5,74.0,6.0,32.1,41.3,14.8,92.0,493.0,11.5,98,1,3,3
2026-03-26 02:00:00+00:00,20.3,72.0,9.6,30.5,39.0,11.2,92.0,356.0,10.3,98,2,3,3
2026-03-26 03:00:00+00:00,19.4,78.0,1.8,29.1,37.0,9.3,88.0,303.0,9.5,97,3,3,3
2026-03-26 04:00:00+00:00,18.9,83.0,12.1,28.3,35.3,8.8,82.0,307.0,9.0,96,4,3,3
2026-03-26 05:00:00+00:00,20.0,81.0,8.6,31.9,38.4,10.5,75.0,396.0,8.7,95,5,3,3
2026-03-26 06:00:00+00:00,19.9,79.0,8.8,29.3,36.3,14.3,71.0,663.0,9.0,94,6,3,3
2026-03-26 07:00:00+00:00,20.0,80.0,9.2,30.7,37.6,19.3,67.0,1013.0,9.4,92,7,3,3
2026-03-26 08:00:00+00:00,21.6,73.0,5.2,30.7,37.8,21.4,70.0,1193.0,9.6,90,8,3,3
2026-03-26 09:00:00+00:00,23.9,64.0,1.3,26.2,34.7,17.7,87.0,1037.0,9.2,87,9,3,3
2026-03-26 10:00:00+00:00,26.5,49.0,4.3,22.1,34.8,11.1,111.0,709.0,8.6,86,10,3,3
2026-03-26 11:00:00+00:00,28.0,43.0,10.4,20.6,39.6,6.1,129.0,451.0,8.3,85,11,3,3
2026-03-26 12:00:00+00:00,28.5,42.0,9.7,20.2,45.5,4.6,136.0,355.0,8.5,85,12,3,3
2026-03-26 13:00:00+00:00,29.0,41.0,9.5,20.5,51.8,4.8,138.0,327.0,9.1,86,13,3,3
2026-03-26 14:00:00+00:00,28.7,41.0,10.1,21.3,56.5,5.9,137.0,333.0,9.9,86,14,3,3
2026-03-26 15:00:00+00:00,28.0,41.0,9.6,22.1,59.8,6.9,136.0,359.0,11.1,86,15,3,3
2026-03-26 16:00:00+00:00,27.3,44.0,10.7,22.6,60.5,8.8,133.0,418.0,12.5,86,16,3,3
2026-03-26 17:00:00+00:00,27.2,42.0,10.6,23.3,53.2,10.8,121.0,509.0,12.0,86,17,3,3
2026-03-26 18:00:00+00:00,26.4,45.0,8.8,26.5,47.8,20.2,100.0,660.0,12.0,88,18,3,3
2026-03-26 19:00:00+00:00,25.4,49.0,8.6,29.9,47.6,32.9,72.0,844.0,12.1,86,19,3,3
2026-03-26 20:00:00+00:00,24.7,51.0,10.3,32.6,48.4,40.6,52.0,978.0,11.9,86,20,3,3
2026-03-26 21:00:00+00:00,23.9,55.0,9.4,31.8,46.7,38.6,48.0,1034.0,11.4,86,21,3,3
2026-03-26 22:00:00+00:00,22.8,60.0,10.1,30.4,44.4,31.6,54.0,1041.0,10.6,86,22,3,3
2026-03-26 23:00:00+00:00,22.9,65.0,12.2,28.9,42.5,24.8,60.0,996.0,10.0,85,23,3,3
2026-03-27 00:00:00+00:00,22.1,69.0,11.9,27.1,41.1,19.5,67.0,868.0,9.6,85,0,4,3
2026-03-27 01:00:00+00:00,21.5,70.0,13.8,26.1,40.6,14.5,76.0,688.0,9.3,84,1,4,3
2026-03-27 02:00:00+00:00,21.3,70.0,12.3,26.3,41.6,10.9,81.0,555.0,9.0,84,2,4,3
2026-03-27 03:00:00+00:00,21.2,69.0,11.2,24.6,37.8,9.2,81.0,487.0,8.6,83,3,4,3
2026-03-27 04:00:00+00:00,21.1,66.0,12.4,24.0,35.5,8.9,78.0,465.0,8.1,83,4,4,3
2026-03-27 05:00:00+00:00,20.0,85.0,7.2,29.8,37.8,13.5,61.0,528.0,8.4,83,5,4,3
2026-03-27 06:00:00+00:00,19.9,85.0,2.7,29.0,35.9,16.3,57.0,779.0,8.2,82,6,4,3
2026-03-27 07:00:00+00:00,20.1,87.0,1.5,31.4,36.8,19.8,53.0,1115.0,8.1,82,7,4,3
2026-03-27 08:00:00+00:00,22.0,75.0,6.8,31.0,37.4,20.9,59.0,1267.0,8.7,82,8,4,3
2026-03-27 09:00:00+00:00,23.4,65.0,9.4,28.8,35.5,17.0,85.0,1047.0,11.0,82,9,4,3
2026-03-27 10:00:00+00:00,25.0,56.0,8.3,22.3,30.0,10.5,121.0,643.0,14.0,83,10,4,3
2026-03-27 11:00:00+00:00,26.6,47.0,6.0,21.2,31.3,5.5,149.0,345.0,15.8,83,11,4,3
2026-03-27 12:00:00+00:00,28.0,42.0,4.2,20.3,31.3,3.7,160.0,283.0,15.1,83,12,4,3
2026-03-27 13:00:00+00:00,28.9,39.0,5.6,20.3,32.4,3.3,162.0,327.0,13.2,83,13,4,3
2026-03-27 14:00:00+00:00,29.3,37.0,6.6,20.0,34.0,3.7,161.0,381.0,11.7,83,14,4,3
2026-03-27 15:00:00+00:00,29.4,37.0,6.7,19.4,33.3,2.1,162.0,388.0,11.1,83,15,4,3
2026-03-27 16:00:00+00:00,29.0,38.0,6.3,18.9,32.9,1.2,160.0,405.0,11.0,92,16,4,3
2026-03-27 17:00:00+00:00,28.8,36.0,3.9,9.0,13.1,8.6,155.0,506.0,12.3,113,17,4,3
2026-03-27 18:00:00+00:00,28.1,37.0,4.6,11.6,15.7,26.0,127.0,711.0,13.3,128,18,4,3
2026-03-27 19:00:00+00:00,27.1,40.0,8.3,21.7,24.9,50.1,87.0,1000.0,14.7,129,19,4,3
2026-03-27 20:00:00+00:00,26.3,44.0,8.4,29.5,32.1,68.2,56.0,1383.0,15.8,116,20,4,3
2026-03-27 21:00:00+00:00,25.1,48.0,6.2,36.4,38.5,74.4,42.0,1984.0,16.3,94,21,4,3
2026-03-27 22:00:00+00:00,23.9,52.0,4.7,41.9,43.4,74.7,36.0,2679.0,16.5,79,22,4,3
2026-03-27 23:00:00+00:00,23.4,56.0,3.2,45.5,46.6,74.0,33.0,3107.0,16.8,80,23,4,3
2026-03-28 00:00:00+00:00,23.0,57.0,2.5,49.4,50.2,73.9,31.0,3075.0,17.4,81,0,5,3
2026-03-28 01:00:00+00:00,22.2,60.0,4.0,55.1,56.0,72.9,30.0,2777.0,18.0,83,1,5,3
2026-03-28 02:00:00+00:00,21.6,63.0,2.6,61.7,63.3,71.7,29.0,2434.0,18.3,85,2,5,3
2026-03-28 03:00:00+00:00,21.1,65.0,1.5,66.4,68.5,70.6,24.0,2026.0,18.0,88,3,5,3
2026-03-28 04:00:00+00:00,20.6,66.0,1.3,66.4,68.7,69.4,17.0,1573.0,17.5,92,4,5,3
2026-03-28 05:00:00+00:00,19.1,75.0,1.9,52.7,54.2,57.6,21.0,1351.0,12.7,95,5,5,3
2026-03-28 06:00:00+00:00,18.6,79.0,2.4,55.2,57.2,59.3,26.0,1635.0,13.2,97,6,5,3
2026-03-28 07:00:00+00:00,19.5,75.0,4.1,63.6,65.9,61.0,35.0,2151.0,13.9,99,7,5,3
2026-03-28 08:00:00+00:00,22.3,64.0,2.3,55.3,56.9,57.4,52.0,2353.0,14.8,102,8,5,3
2026-03-28 09:00:00+00:00,25.3,51.0,3.1,34.9,35.5,43.5,87.0,1895.0,16.4,104,9,5,3
2026-03-28 10:00:00+00:00,27.5,43.0,4.6,14.8,15.2,24.3,131.0,1123.0,18.2,105,10,5,3
2026-03-28 11:00:00+00:00,28.8,38.0,5.0,12.9,14.7,9.9,164.0,536.0,19.0,104,11,5,3
2026-03-28 12:00:00+00:00,30.2,35.0,5.3,13.0,16.5,4.9,179.0,345.0,17.9,103,12,5,3
2026-03-28 13:00:00+00:00,30.9,32.0,6.4,13.6,18.3,4.7,183.0,339.0,15.8,102,13,5,3
2026-03-28 14:00:00+00:00,30.3,32.0,6.6,14.1,19.8,5.6,183.0,380.0,14.2,102,14,5,3
2026-03-28 15:00:00+00:00,30.4,30.0,5.2,14.8,21.4,5.7,180.0,423.0,13.9,101,15,5,3
2026-03-28 16:00:00+00:00,30.6,29.0,3.6,15.4,23.1,6.9,172.0,512.0,14.0,113,16,5,3
2026-03-28 17:00:00+00:00,30.3,30.0,7.4,14.3,19.6,8.8,157.0,650.0,11.0,139,17,5,3
2026-03-28 18:00:00+00:00,28.6,38.0,9.6,16.5,21.4,22.5,130.0,903.0,11.6,153,18,5,3
2026-03-28 19:00:00+00:00,27.2,44.0,12.4,24.2,28.2,41.0,92.0,1205.0,12.3,152,19,5,3
2026-03-28 20:00:00+00:00,26.7,44.0,8.3,28.1,32.0,52.5,65.0,1349.0,12.8,138,20,5,3
2026-03-28 21:00:00+00:00,25.8,50.0,9.9,27.0,33.6,50.7,57.0,1195.0,12.9,114,21,5,3
2026-03-28 22:00:00+00:00,25.2,49.0,11.4,26.0,33.5,42.0,60.0,884.0,12.7,101,22,5,3
2026-03-28 23:00:00+00:00,25.0,51.0,11.5,25.4,35.0,33.0,65.0,638.0,12.1,99,23,5,3
2026-03-29 00:00:00+00:00,24.7,54.0,11.2,24.0,35.3,25.6,71.0,547.0,11.0,98,0,6,3
2026-03-29 01:00:00+00:00,24.4,52.0,7.5,25.3,34.7,18.0,79.0,521.0,9.5,96,1,6,3
2026-03-29 02:00:00+00:00,21.0,78.0,6.9,28.5,42.1,12.0,88.0,506.0,8.3,93,2,6,3
2026-03-29 03:00:00+00:00,20.1,90.0,7.0,29.1,39.7,8.2,98.0,473.0,7.5,91,3,6,3
2026-03-29 04:00:00+00:00,19.6,91.0,9.4,27.8,38.2,6.1,108.0,451.0,7.0,88,4,6,3
2026-03-29 05:00:00+00:00,18.4,88.0,12.5,15.3,23.1,4.5,108.0,476.0,4.8,85,5,6,3
2026-03-29 06:00:00+00:00,18.1,89.0,12.9,16.0,26.5,6.6,105.0,608.0,5.9,82,6,6,3
2026-03-29 07:00:00+00:00,18.6,84.0,18.2,16.8,25.6,9.5,100.0,785.0,7.4,79,7,6,3
2026-03-29 08:00:00+00:00,20.3,80.0,15.3,17.8,32.8,10.8,100.0,864.0,8.7,75,8,6,3
2026-03-29 09:00:00+00:00,22.3,73.0,12.5,17.3,42.7,9.0,108.0,743.0,9.5,72,9,6,3
2026-03-29 10:00:00+00:00,23.6,66.0,13.9,17.2,53.2,5.8,120.0,522.0,10.1,71,10,6,3
2026-03-29 11:00:00+00:00,24.3,65.0,14.3,18.3,63.3,3.3,130.0,357.0,10.6,71,11,6,3
2026-03-29 12:00:00+00:00,26.1,61.0,12.8,20.9,76.8,2.6,138.0,307.0,11.0,71,12,6,3
2026-03-29 13:00:00+00:00,27.7,56.0,13.5,25.1,96.6,2.7,144.0,313.0,11.3,72,13,6,3
2026-03-29 14:00:00+00:00,27.6,55.0,12.8,29.2,116.6,3.2,147.0,347.0,11.5,73,14,6,3
2026-03-29 15:00:00+00:00,27.5,54.0,12.2,31.8,128.5,3.5,148.0,373.0,11.6,76,15,6,3
2026-03-29 16:00:00+00:00,27.4,54.0,10.6,32.8,131.3,4.3,147.0,427.0,11.6,87,16,6,3
2026-03-29 17:00:00+00:00,27.4,53.0,8.2,26.3,107.3,7.4,120.0,591.0,9.1,97,17,6,3
2026-03-29 18:00:00+00:00,25.9,67.0,3.8,27.8,101.0,19.0,98.0,1012.0,9.6,99,18,6,3
2026-03-29 19:00:00+00:00,24.9,67.0,5.8,34.0,90.8,35.0,68.0,1544.0,10.4,95,19,6,3
2026-03-29 20:00:00+00:00,24.1,70.0,7.3,39.6,92.9,45.9,46.0,1830.0,11.0,81,20,6,3
2026-03-29 21:00:00+00:00,23.4,71.0,7.3,42.0,92.7,47.7,39.0,1655.0,11.4,80,21,6,3
2026-03-29 22:00:00+00:00,22.8,74.0,7.8,42.5,89.9,44.4,41.0,1234.0,11.6,81,22,6,3
2026-03-29 23:00:00+00:00,22.7,77.0,5.9,41.2,82.9,39.6,44.0,860.0,11.5,83,23,6,3
2026-03-30 00:00:00+00:00,22.2,79.0,7.5,37.1,69.8,33.2,49.0,625.0,11.1,84,0,0,3
2026-03-30 01:00:00+00:00,21.8,80.0,6.8,34.3,56.9,25.1,56.0,438.0,10.5,85,1,0,3
2026-03-30 02:00:00+00:00,21.5,81.0,7.3,32.2,48.1,18.9,61.0,316.0,9.7,86,2,0,3
2026-03-30 03:00:00+00:00,21.1,83.0,8.7,31.1,43.1,15.9,62.0,256.0,8.8,86,3,0,3
2026-03-30 04:00:00+00:00,20.9,83.0,8.8,29.2,38.0,14.6,61.0,261.0,7.8,86,4,0,3
2026-03-30 05:00:00+00:00,21.0,81.0,7.1,19.7,20.6,10.3,70.0,356.0,17.8,86,5,0,3
2026-03-30 06:00:00+00:00,20.9,80.0,6.6,22.1,48.7,14.3,65.0,637.0,17.6,86,6,0,3
2026-03-30 07:00:00+00:00,21.9,75.0,8.3,27.7,65.2,19.7,58.0,1006.0,17.3,87,7,0,3
2026-03-30 08:00:00+00:00,23.7,69.0,6.9,29.2,77.5,22.4,60.0,1200.0,17.1,88,8,0,3
2026-03-30 09:00:00+00:00,25.8,61.0,8.2,31.7,104.1,19.8,78.0,1046.0,17.2,89,9,0,3
2026-03-30 10:00:00+00:00,27.8,53.0,9.2,38.8,145.3,14.4,104.0,716.0,17.4,90,10,0,3
2026-03-30 11:00:00+00:00,29.2,44.0,11.5,47.8,188.6,10.0,124.0,457.0,16.8,92,11,0,3
2026-03-30 12:00:00+00:00,30.3,42.0,10.8,55.6,224.9,7.8,132.0,364.0,14.9,94,12,0,3
2026-03-30 13:00:00+00:00,30.2,39.0,8.9,58.7,231.4,6.6,133.0,342.0,12.4,97,13,0,3
2026-03-30 14:00:00+00:00,24.1,65.0,6.5,53.0,200.2,6.1,128.0,356.0,9.9,99,14,0,3
2026-03-30 15:00:00+00:00,26.4,56.0,9.4,38.9,132.2,5.7,117.0,409.0,7.6,101,15,0,3
2026-03-30 16:00:00+00:00,28.7,41.0,11.4,23.3,67.1,6.0,100.0,497.0,5.5,102,16,0,3
2026-03-30 17:00:00+00:00,26.2,50.0,8.3,27.4,77.5,7.8,103.0,581.0,4.6,101,17,0,3
2026-03-30 18:00:00+00:00,26.8,48.0,7.7,27.8,60.1,13.8,91.0,658.0,5.3,101,18,0,3
2026-03-30 19:00:00+00:00,22.8,72.0,14.0,31.8,56.5,22.5,75.0,731.0,6.4,101,19,0,3
2026-03-30 20:00:00+00:00,21.9,76.0,10.9,35.6,59.6,31.1,59.0,760.0,7.6,101,20,0,3
2026-03-30 21:00:00+00:00,22.1,71.0,7.0,39.3,67.1,40.5,45.0,722.0,9.1,101,21,0,3
2026-03-30 22:00:00+00:00,21.5,77.0,6.5,46.8,75.7,50.0,31.0,641.0,10.7,100,22,0,3
2026-03-30 23:00:00+00:00,21.1,78.0,10.7,52.5,83.1,54.5,23.0,553.0,11.6,101,23,0,3
2026-03-31 00:00:00+00:00,20.3,79.0,11.8,54.4,93.4,50.6,23.0,455.0,11.3,102,0,1,3
2026-03-31 01:00:00+00:00,19.5,81.0,10.1,53.1,106.4,41.8,29.0,349.0,10.4,104,1,1,3
2026-03-31 02:00:00+00:00,18.9,83.0,11.5,52.6,127.1,33.3,34.0,278.0,9.6,106,2,1,3
2026-03-31 03:00:00+00:00,18.2,83.0,12.8,54.0,149.9,26.3,38.0,237.0,9.3,108,3,1,3
2026-03-31 04:00:00+00:00,18.1,78.0,13.1,54.6,160.7,19.6,42.0,230.0,9.1,110,4,1,3
2026-03-31 05:00:00+00:00,18.4,77.0,6.7,26.9,77.8,9.5,67.0,318.0,8.1,113,5,1,3
2026-03-31 06:00:00+00:00,18.1,78.0,7.2,24.3,65.0,13.4,63.0,603.0,8.7,114,6,1,3
2026-03-31 07:00:00+00:00,19.2,74.0,8.0,25.2,58.0,18.6,59.0,983.0,9.6,114,7,1,3
2026-03-31 08:00:00+00:00,21.7,65.0,2.8,27.0,65.9,21.1,63.0,1205.0,10.5,114,8,1,3
2026-03-31 09:00:00+00:00,24.1,58.0,2.4,31.4,100.6,18.2,82.0,1127.0,11.8,113,9,1,3
2026-03-31 10:00:00+00:00,27.1,49.0,3.9,40.2,165.8,12.5,108.0,891.0,13.1,113,10,1,3
2026-03-31 11:00:00+00:00,28.9,43.0,2.3,42.1,167.2,8.0,128.0,674.0,13.6,114,11,1,3
2026-03-31 12:00:00+00:00,30.6,32.0,1.8,34.5,127.1,6.0,135.0,520.0,12.5,113,12,1,3
2026-03-31 13:00:00+00:00,31.3,29.0,8.8,31.8,109.7,5.2,135.0,384.0,10.6,111,13,1,3
2026-03-31 14:00:00+00:00,28.8,36.0,12.2,29.5,99.9,5.1,134.0,308.0,9.2,108,14,1,3
2026-03-31 15:00:00+00:00,28.8,30.0,11.7,28.2,95.0,4.8,136.0,309.0,8.8,106,15,1,3
2026-03-31 16:00:00+00:00,29.3,29.0,3.7,29.0,97.8,5.3,138.0,369.0,8.8,104,16,1,3
2026-03-31 17:00:00+00:00,29.6,23.0,4.8,27.8,94.5,9.5,133.0,474.0,9.1,105,17,1,3
2026-03-31 18:00:00+00:00,28.5,28.0,3.4,32.0,91.0,29.5,107.0,651.0,11.0,105,18,1,3
2026-03-31 19:00:00+00:00,26.8,36.0,7.1,43.2,102.2,56.6,72.0,873.0,13.6,105,19,1,3
2026-03-31 20:00:00+00:00,25.8,40.0,7.9,53.8,109.4,74.5,45.0,1045.0,15.2,107,20,1,3
2026-03-31 21:00:00+00:00,24.1,46.0,8.2,59.5,112.9,74.4,37.0,1133.0,14.8,109,21,1,3
2026-03-31 22:00:00+00:00,22.8,52.0,6.5,53.4,101.7,64.9,38.0,1171.0,13.5,111,22,1,3
2026-03-31 23:00:00+00:00,22.8,63.0,11.4,48.0,93.8,55.6,39.0,1167.0,12.3,111,23,1,3
2026-04-01 00:00:00+00:00,22.3,63.0,6.3,44.8,95.0,49.3,39.0,1105.0,11.7,111,0,2,4
2026-04-01 01:00:00+00:00,21.7,66.0,3.6,44.7,101.0,43.2,39.0,1000.0,11.3,110,1,2,4
2026-04-01 02:00:00+00:00,21.2,70.0,0.3,44.4,104.1,37.7,39.0,906.0,11.1,109,2,2,4
2026-04-01 03:00:00+00:00,20.1,72.0,4.5,43.8,108.0,32.7,38.0,802.0,11.2,108,3,2,4
2026-04-01 04:00:00+00:00,19.6,72.0,9.4,44.1,118.5,28.4,38.0,709.0,11.6,107,4,2,4
2026-04-01 05:00:00+00:00,18.4,76.0,6.3,44.2,137.4,19.0,44.0,748.0,11.6,106,5,2,4
2026-04-01 06:00:00+00:00,18.2,78.0,4.1,45.4,122.9,21.9,45.0,1085.0,12.3,108,6,2,4
2026-04-01 07:00:00+00:00,19.3,73.0,3.8,48.1,115.9,25.5,47.0,1554.0,13.1,110,7,2,4
2026-04-01 08:00:00+00:00,21.9,62.0,2.4,49.9,168.6,26.2,56.0,1771.0,13.8,112,8,2,4
2026-04-01 09:00:00+00:00,24.2,52.0,4.4,51.2,238.4,21.0,80.0,1488.0,14.2,115,9,2,4
2026-04-01 10:00:00+00:00,26.6,41.0,4.1,51.1,272.9,12.8,112.0,954.0,14.3,117,10,2,4
2026-04-01 11:00:00+00:00,27.8,38.0,6.4,44.5,231.4,6.6,136.0,536.0,13.8,118,11,2,4
2026-04-01 12:00:00+00:00,29.6,32.0,5.3,39.5,188.6,4.3,145.0,384.0,12.2,118,12,2,4
2026-04-01 13:00:00+00:00,30.6,29.0,4.6,36.0,158.8,4.0,147.0,347.0,10.0,119,13,2,4
2026-04-01 14:00:00+00:00,31.1,28.0,5.2,34.3,142.5,4.3,146.0,345.0,8.3,119,14,2,4
2026-04-01 15:00:00+00:00,31.3,28.0,5.6,33.3,131.3,3.9,146.0,345.0,7.7,120,15,2,4
2026-04-01 16:00:00+00:00,30.8,28.0,6.2,32.8,125.7,4.2,144.0,379.0,7.7,120,16,2,4
2026-04-01 17:00:00+00:00,29.7,29.0,6.3,29.5,102.2,7.0,142.0,460.0,7.3,121,17,2,4
2026-04-01 18:00:00+00:00,28.9,31.0,9.9,30.4,102.2,24.6,115.0,633.0,8.2,121,18,2,4
2026-04-01 19:00:00+00:00,27.9,34.0,9.3,42.5,105.9,48.7,77.0,854.0,9.4,121,19,2,4
2026-04-01 20:00:00+00:00,26.8,38.0,6.6,48.5,103.1,65.7,48.0,1004.0,10.3,121,20,2,4
2026-04-01 21:00:00+00:00,25.8,42.0,5.4,50.6,97.6,69.6,35.0,1013.0,10.5,120,21,2,4
2026-04-01 22:00:00+00:00,24.8,45.0,5.2,49.9,90.6,66.3,31.0,952.0,10.4,119,22,2,4
2026-04-01 23:00:00+00:00,24.3,54.0,4.2,50.5,87.1,60.4,31.0,907.0,10.0,119,23,2,4
2026-04-02 00:00:00+00:00,24.2,53.0,6.8,48.4,80.8,51.7,34.0,934.0,9.4,119,0,3,4
2026-04-02 01:00:00+00:00,23.6,55.0,8.0,43.9,70.1,40.2,41.0,979.0,8.5,119,1,3,4
2026-04-02 02:00:00+00:00,23.0,57.0,7.4,39.8,61.2,30.8,46.0,965.0,7.8,119,2,3,4
2026-04-02 03:00:00+00:00,23.3,56.0,7.7,35.9,54.5,24.9,48.0,784.0,7.3,119,3,3,4
2026-04-02 04:00:00+00:00,22.1,61.0,4.4,32.8,49.2,21.0,49.0,545.0,7.0,118,4,3,4
2026-04-02 05:00:00+00:00,21.5,66.0,1.5,29.6,39.0,18.6,50.0,497.0,6.6,117,5,3,4
2026-04-02 06:00:00+00:00,20.9,68.0,2.3,29.3,39.2,22.3,51.0,878.0,7.1,115,6,3,4
2026-04-02 07:00:00+00:00,22.2,63.0,3.6,31.3,40.5,27.2,55.0,1449.0,7.8,114,7,3,4
2026-04-02 08:00:00+00:00,24.5,55.0,2.4,30.4,41.2,28.4,66.0,1745.0,8.2,112,8,3,4
2026-04-02 09:00:00+00:00,27.3,46.0,2.7,23.3,38.3,22.6,94.0,1482.0,8.2,110,9,3,4
2026-04-02 10:00:00+00:00,30.2,34.0,4.1,19.0,40.5,13.2,130.0,945.0,8.0,107,10,3,4
2026-04-02 11:00:00+00:00,31.2,28.0,3.6,21.1,58.0,5.9,154.0,519.0,7.4,104,11,3,4
2026-04-02 12:00:00+00:00,33.2,24.0,4.8,21.7,68.0,3.2,156.0,361.0,6.2,101,12,3,4
2026-04-02 13:00:00+00:00,34.2,21.0,5.2,20.4,69.6,2.7,146.0,315.0,4.6,99,13,3,4
2026-04-02 14:00:00+00:00,34.4,20.0,6.2,19.2,68.2,2.9,137.0,302.0,3.5,98,14,3,4
2026-04-02 15:00:00+00:00,34.1,19.0,7.7,18.6,66.1,1.3,135.0,309.0,3.1,97,15,3,4
2026-04-02 16:00:00+00:00,33.9,19.0,8.1,18.3,64.5,0.5,133.0,349.0,3.2,96,16,3,4
2026-04-02 17:00:00+00:00,33.4,18.0,7.4,19.2,62.2,6.7,141.0,388.0,4.8,97,17,3,4
2026-04-02 18:00:00+00:00,31.5,26.0,13.3,21.4,62.2,25.0,112.0,398.0,5.9,107,18,3,4
2026-04-02 19:00:00+00:00,29.4,31.0,12.0,31.8,66.6,50.0,72.0,405.0,7.5,103,19,3,4
2026-04-02 20:00:00+00:00,28.4,34.0,11.5,40.9,73.3,66.3,43.0,457.0,8.7,92,20,3,4
2026-04-02 21:00:00+00:00,27.4,37.0,5.7,41.7,70.5,65.6,36.0,613.0,9.1,92,21,3,4
2026-04-02 22:00:00+00:00,26.5,42.0,1.7,41.2,67.1,56.2,39.0,814.0,9.0,91,22,3,4
2026-04-02 23:00:00+00:00,26.9,47.0,3.6,41.0,63.8,48.1,41.0,921.0,9.0,90,23,3,4
2026-04-03 00:00:00+00:00,26.7,46.0,8.8,41.0,63.1,45.3,37.0,852.0,9.3,90,0,4,4
2026-04-03 01:00:00+00:00,26.0,48.0,8.9,42.7,65.2,43.6,32.0,690.0,9.6,89,1,4,4
2026-04-03 02:00:00+00:00,24.9,53.0,8.0,45.3,67.8,41.0,30.0,546.0,9.7,89,2,4,4
2026-04-03 03:00:00+00:00,24.2,58.0,1.2,42.8,60.5,35.3,32.0,438.0,9.3,89,3,4,4
2026-04-03 04:00:00+00:00,23.6,61.0,1.8,38.4,55.6,28.6,37.0,348.0,8.8,90,4,4,4
2026-04-03 05:00:00+00:00,23.6,62.0,9.9,25.0,48.7,16.9,66.0,330.0,9.8,90,5,4,4
2026-04-03 06:00:00+00:00,22.8,67.0,8.9,24.2,62.6,19.8,66.0,459.0,9.8,90,6,4,4
2026-04-03 07:00:00+00:00,23.0,67.0,6.4,26.3,57.2,23.5,67.0,660.0,9.7,90,7,4,4
2026-04-03 08:00:00+00:00,24.3,63.0,7.1,27.1,65.7,24.9,72.0,763.0,9.7,89,8,4,4
2026-04-03 09:00:00+00:00,25.2,58.0,13.2,23.9,63.8,21.7,87.0,662.0,9.9,89,9,4,4
2026-04-03 10:00:00+00:00,24.8,56.0,16.2,24.1,70.3,16.1,106.0,463.0,10.2,89,10,4,4
2026-04-03 11:00:00+00:00,24.5,50.0,11.0,24.6,70.5,11.2,120.0,316.0,10.0,89,11,4,4
2026-04-03 12:00:00+00:00,26.9,42.0,5.4,24.4,70.1,7.7,126.0,282.0,8.8,90,12,4,4
2026-04-03 13:00:00+00:00,26.8,45.0,7.7,21.0,59.1,5.0,127.0,300.0,7.0,90,13,4,4
2026-04-03 14:00:00+00:00,21.6,74.0,13.8,18.7,52.2,4.1,123.0,331.0,5.6,90,14,4,4
2026-04-03 15:00:00+00:00,23.2,64.0,10.5,17.9,48.3,6.0,113.0,359.0,4.7,90,15,4,4
2026-04-03 16:00:00+00:00,20.2,78.0,16.2,16.7,42.5,9.8,99.0,401.0,4.1,90,16,4,4
2026-04-03 17:00:00+00:00,22.1,65.0,10.2,19.9,37.5,13.1,95.0,466.0,7.3,90,17,4,4
2026-04-03 18:00:00+00:00,21.3,71.0,10.5,20.1,34.6,24.3,79.0,585.0,8.3,90,18,4,4
2026-04-03 19:00:00+00:00,20.6,76.0,9.6,26.6,37.6,39.5,57.0,728.0,9.7,90,19,4,4
2026-04-03 20:00:00+00:00,19.8,79.0,12.2,33.1,43.9,49.8,41.0,810.0,10.5,89,20,4,4
2026-04-03 21:00:00+00:00,19.6,80.0,11.8,36.2,46.7,50.4,36.0,786.0,10.4,89,21,4,4
2026-04-03 22:00:00+00:00,19.1,84.0,11.7,31.7,41.2,46.0,37.0,701.0,9.8,88,22,4,4
2026-04-03 23:00:00+00:00,19.1,82.0,9.5,32.8,42.3,41.7,39.0,611.0,9.1,87,23,4,4
2026-04-04 00:00:00+00:00,18.8,85.0,7.3,33.4,43.5,39.7,39.0,524.0,8.5,87,0,5,4
2026-04-04 01:00:00+00:00,18.5,87.0,8.3,33.1,43.7,37.9,40.0,432.0,7.8,86,1,5,4
2026-04-04 02:00:00+00:00,18.2,89.0,8.3,31.5,42.7,34.6,42.0,366.0,7.1,85,2,5,4
2026-04-04 03:00:00+00:00,18.3,90.0,9.0,29.5,41.6,27.9,47.0,308.0,6.2,84,3,5,4
2026-04-04 04:00:00+00:00,18.3,90.0,9.1,29.6,51.5,19.8,55.0,276.0,5.3,83,4,5,4
2026-04-04 05:00:00+00:00,17.9,93.0,5.2,23.7,41.4,13.6,55.0,355.0,6.4,83,5,5,4
2026-04-04 06:00:00+00:00,17.6,93.0,3.4,23.7,38.0,16.1,54.0,682.0,6.3,83,6,5,4
2026-04-04 07:00:00+00:00,18.8,88.0,3.0,27.0,41.1,19.3,53.0,1119.0,6.1,83,7,5,4
2026-04-04 08:00:00+00:00,20.9,78.0,1.5,26.6,44.8,20.1,58.0,1342.0,6.3,83,8,5,4
2026-04-04 09:00:00+00:00,23.2,67.0,3.4,24.8,52.7,16.3,74.0,1135.0,7.3,83,9,5,4
2026-04-04 10:00:00+00:00,24.9,55.0,2.8,22.7,66.8,10.1,96.0,714.0,8.6,83,10,5,4
2026-04-04 11:00:00+00:00,26.8,37.0,7.3,25.6,85.0,5.5,114.0,399.0,9.2,82,11,5,4
2026-04-04 12:00:00+00:00,26.6,36.0,10.3,27.2,96.9,3.8,123.0,329.0,8.5,83,12,5,4
2026-04-04 13:00:00+00:00,27.6,33.0,13.7,28.0,107.6,3.6,128.0,365.0,7.2,83,13,5,4
2026-04-04 14:00:00+00:00,23.4,55.0,5.5,27.6,109.4,4.5,129.0,413.0,6.2,83,14,5,4
2026-04-04 15:00:00+00:00,22.5,58.0,11.9,27.4,104.1,5.5,129.0,348.0,5.7,84,15,5,4
2026-04-04 16:00:00+00:00,21.9,62.0,14.5,26.2,91.3,7.6,126.0,295.0,5.5,85,16,5,4
2026-04-04 17:00:00+00:00,19.6,78.0,4.8,22.4,67.1,13.8,118.0,535.0,9.1,86,17,5,4
2026-04-04 18:00:00+00:00,19.5,77.0,6.4,24.4,63.8,26.3,97.0,1451.0,9.8,86,18,5,4
2026-04-04 19:00:00+00:00,19.3,79.0,5.4,36.2,64.7,43.5,67.0,2661.0,10.8,86,19,5,4
2026-04-04 20:00:00+00:00,18.7,83.0,4.3,39.6,64.3,55.7,44.0,3299.0,11.6,87,20,5,4
2026-04-04 21:00:00+00:00,18.1,86.0,6.6,42.1,64.3,59.3,34.0,2812.0,11.9,87,21,5,4
2026-04-04 22:00:00+00:00,17.6,88.0,10.6,45.9,67.8,57.9,30.0,1753.0,12.0,88,22,5,4
2026-04-04 23:00:00+00:00,18.5,85.0,11.5,46.0,66.1,53.4,30.0,920.0,11.9,89,23,5,4
2026-04-05 00:00:00+00:00,18.4,85.0,7.7,42.8,61.2,44.4,35.0,646.0,11.4,90,0,6,4
2026-04-05 01:00:00+00:00,17.7,89.0,2.2,39.3,56.9,32.3,43.0,597.0,10.7,91,1,6,4
2026-04-05 02:00:00+00:00,17.1,92.0,1.7,36.0,54.0,22.7,49.0,569.0,10.0,91,2,6,4
2026-04-05 03:00:00+00:00,16.6,94.0,3.2,33.2,51.7,17.8,49.0,468.0,9.1,92,3,6,4
2026-04-05 04:00:00+00:00,16.6,94.0,5.8,31.3,49.9,15.4,47.0,387.0,8.2,92,4,6,4
2026-04-05 05:00:00+00:00,16.9,86.0,7.2,33.9,52.2,20.4,34.0,399.0,7.8,92,5,6,4
2026-04-05 06:00:00+00:00,16.6,87.0,6.7,31.5,53.3,21.4,38.0,604.0,7.8,93,6,6,4
2026-04-05 07:00:00+00:00,17.4,83.0,6.8,32.0,51.6,22.5,45.0,901.0,7.9,93,7,6,4
2026-04-05 08:00:00+00:00,19.1,75.0,2.8,32.0,57.0,21.6,58.0,1059.0,8.2,94,8,6,4
2026-04-05 09:00:00+00:00,21.6,64.0,2.2,28.7,63.3,16.7,83.0,939.0,9.0,94,9,6,4
2026-04-05 10:00:00+00:00,23.8,52.0,4.0,26.0,81.0,9.8,115.0,680.0,10.1,94,10,6,4
2026-04-05 11:00:00+00:00,25.4,43.0,6.0,24.5,81.7,4.7,140.0,472.0,10.8,95,11,6,4
2026-04-05 12:00:00+00:00,26.2,38.0,5.2,20.9,67.1,3.0,153.0,386.0,10.8,95,12,6,4
2026-04-05 13:00:00+00:00,26.9,36.0,4.8,19.6,58.1,3.0,160.0,350.0,10.4,94,13,6,4
2026-04-05 14:00:00+00:00,27.3,35.0,5.7,19.6,53.1,3.7,162.0,344.0,10.1,94,14,6,4
2026-04-05 15:00:00+00:00,26.9,35.0,7.9,19.5,49.1,3.2,161.0,338.0,9.9,93,15,6,4
2026-04-05 16:00:00+00:00,26.0,37.0,6.2,18.7,44.4,3.3,156.0,360.0,9.7,92,16,6,4
2026-04-05 17:00:00+00:00,26.4,32.0,9.6,15.5,28.8,8.1,139.0,477.0,8.6,107,17,6,4
2026-04-05 18:00:00+00:00,25.5,35.0,8.4,19.0,29.5,24.3,112.0,748.0,9.3,119,18,6,4
2026-04-05 19:00:00+00:00,24.5,38.0,6.5,27.9,37.6,46.6,75.0,1114.0,10.3,118,19,6,4
2026-04-05 20:00:00+00:00,23.7,41.0,5.6,37.5,47.6,63.8,46.0,1459.0,11.3,104,20,6,4
2026-04-05 21:00:00+00:00,22.5,46.0,4.2,47.4,58.1,70.8,32.0,1767.0,12.5,90,21,6,4
2026-04-05 22:00:00+00:00,21.6,53.0,1.0,57.2,68.0,72.6,25.0,2055.0,13.7,90,22,6,4
2026-04-05 23:00:00+00:00,21.9,51.0,2.3,60.3,70.8,72.9,21.0,2259.0,14.4,91,23,6,4
2026-04-06 00:00:00+00:00,21.8,53.0,0.5,59.5,70.5,72.7,19.0,2373.0,14.3,92,0,0,4
2026-04-06 01:00:00+00:00,20.9,56.0,1.4,59.6,71.2,70.9,19.0,2403.0,13.6,94,1,0,4
2026-04-06 02:00:00+00:00,20.2,59.0,0.3,59.6,71.7,68.5,19.0,2309.0,13.1,95,2,0,4
2026-04-06 03:00:00+00:00,19.3,63.0,2.8,59.4,71.9,65.9,15.0,1982.0,12.8,97,3,0,4
2026-04-06 04:00:00+00:00,18.5,67.0,3.1,59.8,72.9,62.6,11.0,1530.0,12.5,99,4,0,4
2026-04-06 05:00:00+00:00,18.0,75.0,3.6,43.4,53.6,27.2,36.0,1238.0,8.0,102,5,0,4
2026-04-06 06:00:00+00:00,18.0,75.0,6.2,42.5,52.2,28.2,43.0,1311.0,8.3,103,6,0,4
2026-04-06 07:00:00+00:00,18.9,73.0,6.0,42.6,51.3,29.3,53.0,1544.0,8.6,104,7,0,4
2026-04-06 08:00:00+00:00,21.6,64.0,2.7,38.8,51.5,27.7,69.0,1610.0,8.8,105,8,0,4
2026-04-06 09:00:00+00:00,24.8,50.0,3.5,26.9,47.3,20.9,96.0,1304.0,8.7,106,9,0,4
2026-04-06 10:00:00+00:00,26.8,36.0,2.7,17.9,38.4,11.4,130.0,831.0,8.4,106,10,0,4
2026-04-06 11:00:00+00:00,27.5,32.0,3.3,17.2,33.3,4.4,157.0,479.0,8.3,105,11,0,4
2026-04-06 12:00:00+00:00,29.2,28.0,2.2,16.0,28.5,2.3,172.0,378.0,8.6,104,12,0,4
2026-04-06 13:00:00+00:00,30.1,25.0,1.5,16.4,27.1,2.7,180.0,398.0,9.0,103,13,0,4
2026-04-06 14:00:00+00:00,30.6,23.0,0.2,17.1,26.4,3.6,185.0,435.0,9.6,103,14,0,4
2026-04-06 15:00:00+00:00,30.5,23.0,2.1,17.9,26.1,1.5,192.0,420.0,10.2,103,15,0,4
2026-04-06 16:00:00+00:00,30.1,23.0,2.7,18.6,26.0,0.0,195.0,421.0,10.9,118,16,0,4
2026-04-06 17:00:00+00:00,29.2,24.0,8.1,13.4,18.7,7.9,168.0,543.0,7.3,145,17,0,4
2026-04-06 18:00:00+00:00,28.7,25.0,5.0,19.0,23.7,30.7,132.0,876.0,8.6,157,18,0,4
2026-04-06 19:00:00+00:00,26.9,28.0,4.9,29.0,33.4,61.9,84.0,1329.0,10.5,158,19,0,4
2026-04-06 20:00:00+00:00,25.3,35.0,7.6,42.6,46.3,83.6,47.0,1733.0,12.1,145,20,0,4
2026-04-06 21:00:00+00:00,24.3,37.0,5.1,50.8,54.0,87.7,35.0,2115.0,13.4,118,21,0,4
2026-04-06 22:00:00+00:00,22.8,41.0,5.2,56.0,58.8,82.3,35.0,2447.0,14.5,103,22,0,4
2026-04-06 23:00:00+00:00,21.7,54.0,11.6,56.8,60.1,74.3,38.0,2478.0,14.9,103,23,0,4
2026-04-07 00:00:00+00:00,20.9,63.0,9.8,52.2,54.8,64.1,43.0,1950.0,14.0,103,0,1,4
2026-04-07 01:00:00+00:00,21.1,65.0,6.9,35.0,36.4,51.3,50.0,1121.0,12.3,102,1,1,4
2026-04-07 02:00:00+00:00,20.7,68.0,6.8,31.9,33.1,41.4,55.0,507.0,11.0,100,2,1,4
2026-04-07 03:00:00+00:00,20.1,70.0,9.0,35.3,36.7,37.1,53.0,329.0,10.7,98,3,1,4
2026-04-07 04:00:00+00:00,19.4,71.0,9.9,37.5,38.8,35.7,48.0,367.0,10.8,96,4,1,4
2026-04-07 05:00:00+00:00,20.9,67.0,8.4,23.2,23.2,11.9,69.0,481.0,11.4,94,5,1,4
2026-04-07 06:00:00+00:00,20.9,67.0,5.8,23.1,26.2,15.5,71.0,702.0,13.7,92,6,1,4
2026-04-07 07:00:00+00:00,21.5,62.0,6.6,24.5,38.1,20.2,74.0,998.0,16.8,91,7,1,4
2026-04-07 08:00:00+00:00,22.3,58.0,7.6,25.3,51.1,22.5,81.0,1139.0,18.2,89,8,1,4
2026-04-07 09:00:00+00:00,23.7,52.0,7.7,24.0,63.6,19.7,94.0,962.0,16.3,88,9,1,4
2026-04-07 10:00:00+00:00,23.3,53.0,14.4,24.4,83.6,14.5,110.0,630.0,12.8,88,10,1,4
2026-04-07 11:00:00+00:00,22.9,51.0,10.4,25.0,107.1,10.7,122.0,396.0,10.3,89,11,1,4
2026-04-07 12:00:00+00:00,22.7,53.0,13.1,30.7,149.9,9.6,128.0,384.0,10.0,89,12,1,4
2026-04-07 13:00:00+00:00,22.6,56.0,11.1,38.1,180.7,10.1,129.0,471.0,10.6,90,13,1,4
2026-04-07 14:00:00+00:00,19.8,74.0,11.4,45.4,201.6,12.2,126.0,538.0,10.9,92,14,1,4
2026-04-07 15:00:00+00:00,18.7,84.0,10.1,47.4,182.1,17.7,116.0,536.0,10.5,94,15,1,4
2026-04-07 16:00:00+00:00,19.3,82.0,13.9,50.5,203.5,24.8,101.0,513.0,9.8,97,16,1,4
2026-04-07 17:00:00+00:00,17.2,83.0,14.3,54.4,216.1,20.4,99.0,502.0,10.3,99,17,1,4
2026-04-07 18:00:00+00:00,17.6,76.0,6.0,37.3,120.6,19.3,97.0,520.0,8.8,103,18,1,4
2026-04-07 19:00:00+00:00,17.5,84.0,3.1,31.3,90.6,17.8,94.0,548.0,6.7,105,19,1,4
2026-04-07 20:00:00+00:00,16.7,89.0,10.9,29.6,84.1,16.3,91.0,563.0,5.2,105,20,1,4
2026-04-07 21:00:00+00:00,16.2,91.0,10.3,27.7,72.2,14.9,90.0,554.0,4.8,104,21,1,4
2026-04-07 22:00:00+00:00,15.8,91.0,11.9,27.5,68.9,13.6,88.0,531.0,4.9,102,22,1,4
2026-04-07 23:00:00+00:00,15.6,92.0,10.8,27.4,75.2,12.3,87.0,502.0,5.3,99,23,1,4
2026-04-08 00:00:00+00:00,15.2,93.0,10.9,26.7,77.8,11.1,84.0,462.0,5.8,97,0,2,4
2026-04-08 01:00:00+00:00,15.0,92.0,6.3,27.0,86.6,10.1,81.0,415.0,6.5,95,1,2,4
2026-04-08 02:00:00+00:00,15.0,92.0,10.8,29.6,102.0,9.3,79.0,379.0,7.2,94,2,2,4
2026-04-08 03:00:00+00:00,14.9,93.0,7.5,32.2,104.5,8.9,77.0,346.0,8.0,94,3,2,4
2026-04-08 04:00:00+00:00,14.9,93.0,7.8,34.1,99.2,8.8,77.0,324.0,8.8,94,4,2,4
2026-04-08 05:00:00+00:00,15.2,97.0,7.0,37.7,102.9,12.7,72.0,351.0,9.2,93,5,2,4
2026-04-08 06:00:00+00:00,14.7,96.0,9.4,38.1,96.9,13.7,76.0,480.0,9.8,94,6,2,4
2026-04-08 07:00:00+00:00,15.6,93.0,3.6,36.3,97.6,15.1,81.0,657.0,10.6,96,7,2,4
2026-04-08 08:00:00+00:00,16.9,86.0,4.2,36.3,91.0,15.3,89.0,760.0,11.3,97,8,2,4
2026-04-08 09:00:00+00:00,18.7,75.0,4.9,35.0,84.1,13.6,101.0,714.0,11.7,97,9,2,4
2026-04-08 10:00:00+00:00,20.5,63.0,3.5,32.8,75.9,10.7,115.0,594.0,11.9,98,10,2,4
2026-04-08 11:00:00+00:00,21.6,56.0,2.1,32.4,71.0,8.2,130.0,499.0,11.8,99,11,2,4
2026-04-08 12:00:00+00:00,21.5,58.0,3.4,31.5,67.3,6.2,149.0,461.0,11.2,99,12,2,4
2026-04-08 13:00:00+00:00,21.0,59.0,9.0,27.1,60.3,4.4,169.0,448.0,10.2,100,13,2,4
2026-04-08 14:00:00+00:00,20.1,59.0,5.0,23.8,54.8,3.7,181.0,464.0,9.4,99,14,2,4
2026-04-08 15:00:00+00:00,19.0,68.0,6.5,22.2,51.3,4.0,182.0,533.0,9.0,97,15,2,4
2026-04-08 16:00:00+00:00,19.2,69.0,8.4,21.8,50.9,5.3,176.0,631.0,8.7,104,16,2,4
2026-04-08 17:00:00+00:00,21.7,52.0,4.8,17.9,33.5,7.9,136.0,694.0,3.8,122,17,2,4
2026-04-08 18:00:00+00:00,19.8,63.0,11.2,19.2,32.9,24.6,111.0,680.0,4.8,130,18,2,4
2026-04-08 19:00:00+00:00,18.8,73.0,3.1,28.6,41.4,47.0,77.0,631.0,6.2,129,19,2,4
2026-04-08 20:00:00+00:00,17.7,77.0,8.1,35.9,46.9,59.1,56.0,606.0,7.1,118,20,2,4
2026-04-08 21:00:00+00:00,17.1,78.0,7.7,32.0,40.0,50.9,61.0,647.0,7.0,98,21,2,4
2026-04-08 22:00:00+00:00,16.5,80.0,8.7,25.7,32.7,32.3,79.0,712.0,6.4,89,22,2,4
2026-04-08 23:00:00+00:00,16.7,87.0,10.8,23.6,31.1,17.9,91.0,735.0,6.2,89,23,2,4
2026-04-09 00:00:00+00:00,16.3,89.0,9.2,24.1,32.6,13.5,90.0,670.0,6.7,89,0,3,4
2026-04-09 01:00:00+00:00,15.9,90.0,5.3,25.5,34.6,13.1,83.0,563.0,7.5,88,1,3,4
2026-04-09 02:00:00+00:00,15.8,92.0,1.3,26.7,35.7,13.4,76.0,484.0,8.1,88,2,3,4
2026-04-09 03:00:00+00:00,15.8,92.0,8.5,27.4,36.6,13.0,70.0,433.0,8.2,88,3,3,4
2026-04-09 04:00:00+00:00,15.5,94.0,1.7,28.1,37.6,13.2,64.0,410.0,8.1,88,4,3,4
2026-04-09 05:00:00+00:00,14.6,96.0,4.1,24.7,25.3,10.1,75.0,492.0,9.4,87,5,3,4
2026-04-09 06:00:00+00:00,15.0,96.0,3.8,24.1,29.6,11.9,76.0,810.0,9.1,86,6,3,4
2026-04-09 07:00:00+00:00,16.1,92.0,2.7,24.7,31.9,14.2,79.0,1233.0,8.8,85,7,3,4
2026-04-09 08:00:00+00:00,18.3,83.0,3.9,26.2,34.8,15.2,87.0,1441.0,9.1,84,8,3,4
2026-04-09 09:00:00+00:00,20.8,71.0,6.3,28.2,40.2,13.6,106.0,1222.0,10.8,83,9,3,4
2026-04-09 10:00:00+00:00,20.7,66.0,8.4,30.2,44.5,10.7,131.0,790.0,13.1,83,10,3,4
2026-04-09 11:00:00+00:00,22.6,57.0,6.0,35.2,55.5,8.1,150.0,461.0,14.3,83,11,3,4
2026-04-09 12:00:00+00:00,22.9,48.0,2.4,24.1,39.8,6.0,160.0,374.0,13.3,83,12,3,4
2026-04-09 13:00:00+00:00,24.1,43.0,1.9,21.0,36.0,4.2,164.0,391.0,11.3,82,13,3,4
2026-04-09 14:00:00+00:00,24.5,42.0,4.7,20.1,34.5,3.4,165.0,420.0,9.6,82,14,3,4
2026-04-09 15:00:00+00:00,24.5,42.0,7.4,19.3,33.1,2.5,164.0,409.0,8.9,88,15,3,4
2026-04-09 16:00:00+00:00,23.5,47.0,10.0,18.9,32.4,2.6,159.0,410.0,8.6,106,16,3,4
2026-04-09 17:00:00+00:00,22.9,49.0,9.8,15.5,19.4,7.2,152.0,480.0,8.0,122,17,3,4
2026-04-09 18:00:00+00:00,21.8,56.0,8.3,18.2,22.8,20.7,126.0,684.0,8.2,131,18,3,4
2026-04-09 19:00:00+00:00,20.4,64.0,6.5,26.3,30.9,39.5,89.0,957.0,8.6,130,19,3,4
2026-04-09 20:00:00+00:00,19.5,69.0,5.0,34.1,39.0,54.5,59.0,1170.0,9.0,117,20,3,4
2026-04-09 21:00:00+00:00,18.6,74.0,4.5,40.3,45.6,63.0,41.0,1290.0,9.7,96,21,3,4
2026-04-09 22:00:00+00:00,17.8,79.0,3.9,46.4,52.0,67.7,31.0,1350.0,10.5,81,22,3,4
2026-04-09 23:00:00+00:00,18.6,75.0,4.6,52.5,58.8,67.3,26.0,1313.0,10.8,83,23,3,4
2026-04-10 00:00:00+00:00,18.4,77.0,4.2,55.2,61.5,59.0,30.0,1115.0,10.1,85,0,4,4
2026-04-10 01:00:00+00:00,18.2,76.0,5.0,49.0,54.9,45.5,40.0,821.0,8.8,87,1,4,4
2026-04-10 02:00:00+00:00,17.9,74.0,6.2,41.3,46.4,33.8,49.0,593.0,7.6,89,2,4,4
2026-04-10 03:00:00+00:00,17.6,72.0,6.7,34.8,39.1,25.6,55.0,477.0,6.7,90,3,4,4
2026-04-10 04:00:00+00:00,16.8,75.0,6.0,30.9,34.3,19.2,60.0,428.0,6.0,91,4,4,4
2026-04-10 05:00:00+00:00,16.0,82.0,6.3,38.1,41.8,20.0,59.0,471.0,7.4,91,5,4,4
2026-04-10 06:00:00+00:00,16.0,82.0,5.3,33.5,37.0,21.4,65.0,697.0,7.3,92,6,4,4
2026-04-10 07:00:00+00:00,17.2,77.0,6.6,31.3,33.9,23.0,74.0,1014.0,7.3,93,7,4,4
2026-04-10 08:00:00+00:00,19.6,65.0,5.4,29.3,31.8,22.4,89.0,1176.0,7.8,94,8,4,4
2026-04-10 09:00:00+00:00,22.5,51.0,7.6,22.1,25.1,17.4,114.0,1028.0,9.5,94,9,4,4
2026-04-10 10:00:00+00:00,24.8,40.0,8.6,15.3,18.5,10.2,144.0,725.0,11.8,93,10,4,4
2026-04-10 11:00:00+00:00,26.4,33.0,10.1,14.7,17.3,4.8,166.0,483.0,13.2,92,11,4,4
2026-04-10 12:00:00+00:00,27.9,28.0,11.5,15.1,17.7,3.0,175.0,386.0,13.0,91,12,4,4
2026-04-10 13:00:00+00:00,28.8,26.0,12.6,15.0,18.0,3.0,177.0,351.0,12.0,90,13,4,4
2026-04-10 14:00:00+00:00,29.2,26.0,12.2,14.3,18.3,3.7,175.0,347.0,11.0,89,14,4,4
2026-04-10 15:00:00+00:00,29.2,27.0,11.8,13.6,19.2,4.5,171.0,361.0,10.2,103,15,4,4
2026-04-10 16:00:00+00:00,28.8,29.0,11.5,13.3,20.4,6.1,163.0,405.0,9.4,124,16,4,4
2026-04-10 17:00:00+00:00,28.3,30.0,11.8,6.3,7.5,8.9,156.0,485.0,9.9,140,17,4,4
2026-04-10 18:00:00+00:00,27.3,33.0,10.6,9.7,10.9,16.7,136.0,648.0,9.8,149,18,4,4
2026-04-10 19:00:00+00:00,25.8,38.0,9.0,13.6,14.4,27.3,107.0,848.0,9.6,147,19,4,4
2026-04-10 20:00:00+00:00,25.0,42.0,7.9,14.7,15.7,33.7,87.0,951.0,9.2,135,20,4,4
2026-04-10 21:00:00+00:00,24.5,43.0,7.9,15.3,16.9,32.1,81.0,876.0,8.6,116,21,4,4
2026-04-10 22:00:00+00:00,24.1,45.0,7.6,15.3,17.3,26.3,83.0,704.0,7.8,95,22,4,4
2026-04-10 23:00:00+00:00,24.3,48.0,8.4,14.4,19.4,20.3,87.0,548.0,7.0,80,23,4,4
2026-04-11 00:00:00+00:00,23.9,51.0,10.5,14.1,28.6,14.8,95.0,440.0,6.2,77,0,5,4
2026-04-11 01:00:00+00:00,23.1,54.0,12.8,14.9,41.2,9.1,105.0,348.0,5.5,74,1,5,4
2026-04-11 02:00:00+00:00,21.1,65.0,18.8,17.7,59.1,5.6,111.0,293.0,5.1,71,2,5,4
2026-04-11 03:00:00+00:00,18.5,90.0,12.0,19.6,71.5,5.4,108.0,268.0,5.1,69,3,5,4
2026-04-11 04:00:00+00:00,18.5,87.0,8.0,20.8,72.9,7.4,99.0,279.0,5.5,68,4,5,4
2026-04-11 05:00:00+00:00,19.2,86.0,1.5,26.1,102.2,9.0,93.0,367.0,5.6,67,5,5,4
2026-04-11 06:00:00+00:00,18.6,86.0,4.8,28.3,102.0,14.1,89.0,619.0,6.0,66,6,5,4
2026-04-11 07:00:00+00:00,19.1,83.0,4.8,31.8,90.6,20.9,83.0,948.0,6.6,66,7,5,4
2026-04-11 08:00:00+00:00,20.9,73.0,3.1,34.6,105.7,24.3,86.0,1128.0,7.4,66,8,5,4
2026-04-11 09:00:00+00:00,22.9,63.0,3.3,35.6,114.3,20.9,103.0,1016.0,8.6,66,9,5,4
2026-04-11 10:00:00+00:00,25.1,51.0,1.3,34.3,117.1,14.0,128.0,755.0,10.1,67,10,5,4
2026-04-11 11:00:00+00:00,26.8,42.0,2.2,32.9,120.1,8.4,149.0,549.0,10.9,69,11,5,4
2026-04-11 12:00:00+00:00,28.0,39.0,1.8,32.1,115.9,5.7,163.0,479.0,10.6,70,12,5,4
2026-04-11 13:00:00+00:00,28.4,36.0,2.3,32.7,118.7,4.2,174.0,463.0,9.8,71,13,5,4
2026-04-11 14:00:00+00:00,28.7,35.0,3.2,34.7,129.5,3.8,179.0,465.0,9.0,74,14,5,4
2026-04-11 15:00:00+00:00,28.6,35.0,5.1,36.7,141.6,3.8,177.0,442.0,8.5,93,15,5,4
2026-04-11 16:00:00+00:00,24.9,49.0,16.4,38.0,151.8,4.9,170.0,437.0,8.1,113,16,5,4
2026-04-11 17:00:00+00:00,28.3,31.0,8.3,23.2,79.2,8.2,157.0,536.0,8.6,131,17,5,4
2026-04-11 18:00:00+00:00,25.7,41.0,10.6,24.1,68.7,13.6,141.0,836.0,8.3,142,18,5,4
2026-04-11 19:00:00+00:00,23.1,51.0,7.5,28.0,61.5,21.4,117.0,1242.0,7.9,145,19,5,4
2026-04-11 20:00:00+00:00,21.9,57.0,6.3,24.5,51.9,28.5,97.0,1553.0,7.7,138,20,5,4
2026-04-11 21:00:00+00:00,21.1,61.0,6.6,25.0,53.1,35.3,82.0,1708.0,8.1,124,21,5,4
2026-04-11 22:00:00+00:00,20.3,64.0,6.9,30.7,62.2,41.5,70.0,1768.0,8.7,105,22,5,4
2026-04-11 23:00:00+00:00,20.0,72.0,5.4,37.5,72.2,43.8,62.0,1721.0,8.9,84,23,5,4
2026-04-12 00:00:00+00:00,19.3,78.0,4.2,37.3,70.3,39.3,60.0,1507.0,8.3,86,0,6,4
2026-04-12 01:00:00+00:00,18.7,81.0,3.8,33.3,63.1,31.0,61.0,1184.0,7.3,88,1,6,4
2026-04-12 02:00:00+00:00,18.3,81.0,5.4,30.6,57.7,24.2,62.0,919.0,6.6,90,2,6,4
2026-04-12 03:00:00+00:00,17.8,81.0,5.8,29.2,54.5,20.8,59.0,729.0,6.4,91,3,6,4
2026-04-12 04:00:00+00:00,17.1,83.0,3.1,28.8,54.2,18.9,56.0,596.0,6.5,91,4,6,4
2026-04-12 05:00:00+00:00,16.8,86.0,3.7,35.2,61.0,23.0,44.0,628.0,7.1,92,5,6,4
2026-04-12 06:00:00+00:00,17.0,85.0,4.1,35.5,60.1,24.2,55.0,1012.0,7.7,93,6,6,4
2026-04-12 07:00:00+00:00,18.6,78.0,6.9,34.8,53.6,25.6,71.0,1562.0,8.6,93,7,6,4
2026-04-12 08:00:00+00:00,21.4,68.0,3.9,31.3,55.4,24.6,91.0,1824.0,9.3,93,8,6,4
2026-04-12 09:00:00+00:00,24.6,52.0,4.7,24.6,55.9,18.8,117.0,1503.0,9.8,93,9,6,4
2026-04-12 10:00:00+00:00,26.8,39.0,7.0,17.9,45.6,10.5,147.0,895.0,10.1,92,10,6,4
2026-04-12 11:00:00+00:00,27.9,37.0,8.2,15.5,41.1,4.3,168.0,430.0,10.0,91,11,6,4
2026-04-12 12:00:00+00:00,29.3,32.0,8.4,14.2,38.4,2.3,174.0,291.0,9.0,90,12,6,4
2026-04-12 13:00:00+00:00,30.3,27.0,8.6,13.8,37.1,2.4,172.0,296.0,7.5,88,13,6,4
2026-04-12 14:00:00+00:00,31.1,23.0,9.3,13.4,37.6,3.0,167.0,327.0,6.4,87,14,6,4
2026-04-12 15:00:00+00:00,31.3,22.0,10.1,13.4,38.9,2.3,164.0,333.0,6.0,102,15,6,4
2026-04-12 16:00:00+00:00,31.0,22.0,10.4,13.7,40.3,2.1,160.0,367.0,6.0,122,16,6,4
2026-04-12 17:00:00+00:00,30.3,21.0,7.4,6.8,18.7,6.1,148.0,466.0,6.2,136,17,6,4
2026-04-12 18:00:00+00:00,28.9,25.0,4.2,9.2,17.1,17.8,125.0,702.0,6.9,143,18,6,4
2026-04-12 19:00:00+00:00,26.7,31.0,5.0,15.7,22.1,34.0,92.0,1004.0,7.9,138,19,6,4
2026-04-12 20:00:00+00:00,25.1,38.0,4.5,21.6,27.8,46.9,66.0,1201.0,8.7,122,20,6,4
2026-04-12 21:00:00+00:00,23.9,42.0,4.6,26.4,33.1,53.9,53.0,1204.0,9.4,99,21,6,4
2026-04-12 22:00:00+00:00,23.5,42.0,5.6,30.6,37.5,57.6,47.0,1101.0,9.9,78,22,6,4
2026-04-12 23:00:00+00:00,23.8,44.0,6.8,31.9,38.9,57.8,44.0,990.0,10.1,78,23,6,4
2026-04-13 00:00:00+00:00,24.0,43.0,6.3,31.3,38.1,53.1,45.0,893.0,9.7,77,0,0,4
2026-04-13 01:00:00+00:00,23.3,46.0,6.4,30.5,36.8,44.9,49.0,787.0,8.8,77,1,0,4
2026-04-13 02:00:00+00:00,22.5,49.0,6.3,29.0,34.6,37.3,52.0,701.0,8.1,77,2,0,4
2026-04-13 03:00:00+00:00,21.1,54.0,5.7,27.2,31.9,30.7,50.0,592.0,7.5,77,3,0,4
2026-04-13 04:00:00+00:00,20.3,57.0,6.1,26.1,30.2,24.6,48.0,504.0,7.0,76,4,0,4
2026-04-13 05:00:00+00:00,18.8,72.0,5.2,28.8,33.2,27.7,47.0,595.0,7.3,76,5,0,4
2026-04-13 06:00:00+00:00,18.7,74.0,3.6,32.4,36.7,30.6,56.0,1095.0,7.8,76,6,0,4
2026-04-13 07:00:00+00:00,20.3,65.0,3.7,36.9,40.0,34.2,69.0,1775.0,8.5,75,7,0,4
2026-04-13 08:00:00+00:00,23.6,54.0,2.0,31.8,35.4,33.9,88.0,2101.0,9.2,76,8,0,4
2026-04-13 09:00:00+00:00,26.8,42.0,1.5,22.8,26.5,25.7,119.0,1719.0,9.8,76,9,0,4
2026-04-13 10:00:00+00:00,29.5,31.0,3.7,13.7,17.2,13.5,156.0,984.0,10.4,76,10,0,4
2026-04-13 11:00:00+00:00,30.6,24.0,5.1,11.2,17.5,4.5,183.0,425.0,10.6,75,11,0,4
2026-04-13 12:00:00+00:00,31.9,22.0,6.4,11.2,18.7,2.0,191.0,270.0,10.2,75,12,0,4
2026-04-13 13:00:00+00:00,32.8,20.0,7.3,11.2,18.6,2.7,187.0,292.0,9.5,75,13,0,4
2026-04-13 14:00:00+00:00,33.3,18.0,8.6,10.7,17.6,3.8,182.0,337.0,8.8,90,14,0,4
2026-04-13 15:00:00+00:00,33.0,17.0,8.4,9.9,16.2,3.5,178.0,335.0,8.3,116,15,0,4
2026-04-13 16:00:00+00:00,33.4,16.0,8.9,9.3,14.9,3.7,173.0,357.0,7.9,140,16,0,4
2026-04-13 17:00:00+00:00,32.7,16.0,7.8,9.8,13.2,9.5,157.0,462.0,9.0,156,17,0,4
2026-04-13 18:00:00+00:00,31.5,18.0,6.6,11.6,14.3,16.7,138.0,734.0,9.2,162,18,0,4
2026-04-13 19:00:00+00:00,29.3,22.0,5.6,16.3,18.6,26.6,112.0,1088.0,9.4,159,19,0,4
2026-04-13 20:00:00+00:00,28.1,25.0,5.9,19.2,21.3,33.3,92.0,1329.0,9.5,147,20,0,4
2026-04-13 21:00:00+00:00,27.3,28.0,6.6,20.1,22.2,34.0,85.0,1372.0,9.3,126,21,0,4
2026-04-13 22:00:00+00:00,26.0,32.0,7.5,21.0,23.1,31.5,84.0,1301.0,9.0,104,22,0,4
2026-04-13 23:00:00+00:00,24.5,42.0,5.3,22.5,24.6,28.5,84.0,1175.0,8.6,83,23,0,4
2026-04-14 00:00:00+00:00,24.5,42.0,5.8,22.8,24.9,25.3,83.0,966.0,8.0,72,0,1,4
2026-04-14 01:00:00+00:00,23.9,43.0,5.8,22.6,24.7,21.4,82.0,702.0,7.3,71,1,1,4
2026-04-14 02:00:00+00:00,23.6,43.0,7.9,22.6,24.4,18.6,80.0,519.0,6.8,71,2,1,4
2026-04-14 03:00:00+00:00,22.1,47.0,6.1,22.9,24.6,16.9,74.0,426.0,6.6,70,3,1,4
2026-04-14 04:00:00+00:00,20.4,54.0,4.3,24.4,25.9,16.2,68.0,415.0,6.7,70,4,1,4
2026-04-14 05:00:00+00:00,19.8,67.0,3.3,41.1,42.1,24.0,51.0,596.0,9.8,70,5,1,4
2026-04-14 06:00:00+00:00,19.6,71.0,0.6,46.3,48.1,28.5,61.0,1203.0,10.7,71,6,1,4
2026-04-14 07:00:00+00:00,20.8,63.0,1.1,55.2,57.0,34.4,76.0,2001.0,11.9,72,7,1,4
2026-04-14 08:00:00+00:00,24.5,51.0,0.4,48.0,50.3,35.5,97.0,2398.0,12.8,73,8,1,4
2026-04-14 09:00:00+00:00,28.0,39.0,1.4,33.6,36.1,27.3,131.0,2002.0,13.4,74,9,1,4
2026-04-14 10:00:00+00:00,31.0,29.0,3.5,20.1,21.8,14.5,172.0,1204.0,13.8,75,10,1,4
2026-04-14 11:00:00+00:00,32.9,22.0,5.0,13.1,14.7,4.9,199.0,582.0,13.5,76,11,1,4
2026-04-14 12:00:00+00:00,34.3,18.0,4.5,10.7,13.3,2.0,203.0,375.0,12.1,76,12,1,4
2026-04-14 13:00:00+00:00,35.3,16.0,5.7,9.9,13.8,2.4,194.0,345.0,10.2,77,13,1,4
2026-04-14 14:00:00+00:00,35.9,13.0,7.8,9.5,14.9,3.2,185.0,352.0,8.6,108,14,1,4
2026-04-14 15:00:00+00:00,36.2,13.0,8.9,9.3,15.9,2.7,181.0,345.0,7.8,134,15,1,4
2026-04-14 16:00:00+00:00,35.9,13.0,10.1,9.2,16.9,2.6,176.0,376.0,7.5,155,16,1,4
2026-04-14 17:00:00+00:00,34.9,13.0,9.3,3.4,6.7,5.9,166.0,465.0,7.2,167,17,1,4
2026-04-14 18:00:00+00:00,33.5,16.0,7.9,5.2,8.0,15.9,143.0,637.0,7.8,173,18,1,4
2026-04-14 19:00:00+00:00,31.6,19.0,6.5,12.0,13.3,29.5,110.0,866.0,8.7,168,19,1,4
2026-04-14 20:00:00+00:00,30.2,22.0,7.5,17.1,17.7,39.3,85.0,1096.0,9.3,154,20,1,4
2026-04-14 21:00:00+00:00,28.7,26.0,5.2,19.7,20.3,41.6,74.0,1360.0,9.4,130,21,1,4
2026-04-14 22:00:00+00:00,27.3,32.0,3.3,21.8,22.5,40.1,70.0,1625.0,9.2,105,22,1,4
2026-04-14 23:00:00+00:00,26.7,43.0,3.9,23.1,24.0,37.8,67.0,1734.0,9.1,80,23,1,4
2026-04-15 00:00:00+00:00,25.7,46.0,2.9,23.3,24.4,35.6,64.0,1567.0,9.1,74,0,2,4
2026-04-15 01:00:00+00:00,24.7,48.0,2.9,24.5,25.9,32.7,63.0,1243.0,9.1,74,1,2,4
2026-04-15 02:00:00+00:00,23.6,49.0,5.6,27.4,29.0,29.9,62.0,969.0,9.1,74,2,2,4
2026-04-15 03:00:00+00:00,23.1,50.0,8.8,29.3,31.2,26.7,59.0,767.0,9.0,75,3,2,4
2026-04-15 04:00:00+00:00,22.6,52.0,8.0,30.0,32.1,23.6,55.0,613.0,9.0,75,4,2,4
2026-04-15 05:00:00+00:00,22.1,68.0,4.4,40.3,42.5,30.6,38.0,643.0,10.0,76,5,2,4
2026-04-15 06:00:00+00:00,22.1,69.0,4.6,44.2,46.7,35.2,55.0,1070.0,10.8,76,6,2,4
2026-04-15 07:00:00+00:00,23.7,62.0,6.2,51.6,54.1,41.0,80.0,1681.0,11.8,75,7,2,4
2026-04-15 08:00:00+00:00,26.3,55.0,3.2,39.5,42.4,41.4,105.0,1971.0,12.3,75,8,2,4
2026-04-15 09:00:00+00:00,29.6,41.0,2.6,19.6,24.1,31.0,131.0,1613.0,11.9,75,9,2,4
2026-04-15 10:00:00+00:00,32.7,28.0,5.0,12.2,17.9,15.3,158.0,934.0,11.0,73,10,2,4
2026-04-15 11:00:00+00:00,34.3,22.0,8.2,8.4,15.7,3.6,175.0,416.0,10.0,73,11,2,4
2026-04-15 12:00:00+00:00,35.5,19.0,9.1,7.7,16.2,0.4,177.0,265.0,8.8,72,12,2,4
2026-04-15 13:00:00+00:00,36.4,18.0,10.1,7.7,16.8,1.4,171.0,274.0,7.4,72,13,2,4
2026-04-15 14:00:00+00:00,36.9,17.0,11.5,7.8,17.4,2.7,164.0,311.0,6.3,90,14,2,4
2026-04-15 15:00:00+00:00,36.8,16.0,12.2,7.9,18.1,2.2,162.0,320.0,5.7,113,15,2,4
2026-04-15 16:00:00+00:00,36.4,16.0,13.1,8.1,18.6,2.1,159.0,357.0,5.3,131,16,2,4
2026-04-15 17:00:00+00:00,35.8,16.0,9.6,4.8,10.0,5.4,145.0,447.0,5.2,142,17,2,4
2026-04-15 18:00:00+00:00,34.8,18.0,7.1,6.5,11.5,16.6,123.0,613.0,6.1,145,18,2,4
2026-04-15 19:00:00+00:00,32.8,21.0,5.3,13.9,17.1,32.0,92.0,832.0,7.4,138,19,2,4
2026-04-15 20:00:00+00:00,31.6,25.0,5.9,19.6,22.3,43.6,69.0,1069.0,8.5,120,20,2,4
2026-04-15 21:00:00+00:00,30.3,30.0,5.6,21.9,24.5,47.8,60.0,1370.0,9.3,97,21,2,4
2026-04-15 22:00:00+00:00,29.0,34.0,4.8,23.7,26.7,48.3,59.0,1689.0,9.9,74,22,2,4
2026-04-15 23:00:00+00:00,28.7,38.0,3.4,26.5,29.9,47.9,56.0,1848.0,10.3,73,23,2,4
2026-04-16 00:00:00+00:00,28.5,39.0,1.6,27.5,31.3,48.1,48.0,1731.0,10.4,73,0,3,4
2026-04-16 01:00:00+00:00,26.9,43.0,1.8,31.1,34.9,47.4,40.0,1454.0,10.3,73,1,3,4
2026-04-16 02:00:00+00:00,25.4,46.0,5.6,34.2,37.6,45.0,35.0,1192.0,10.2,74,2,3,4
2026-04-16 03:00:00+00:00,23.5,51.0,8.7,32.7,35.5,38.6,34.0,946.0,10.0,74,3,3,4
2026-04-16 04:00:00+00:00,21.9,56.0,5.8,31.4,33.8,30.5,36.0,716.0,9.7,74,4,3,4
2026-04-16 05:00:00+00:00,22.3,63.0,4.3,37.7,39.9,47.0,22.0,674.0,10.6,75,5,3,4
2026-04-16 06:00:00+00:00,22.6,61.0,5.1,32.2,33.8,45.6,37.0,1038.0,10.7,74,6,3,4
2026-04-16 07:00:00+00:00,24.4,54.0,7.0,29.7,30.9,43.2,60.0,1591.0,10.8,73,7,3,4
2026-04-16 08:00:00+00:00,28.1,43.0,5.0,29.5,30.5,38.1,85.0,1855.0,10.8,72,8,3,4
2026-04-16 09:00:00+00:00,31.4,35.0,4.9,18.6,19.8,27.5,115.0,1527.0,10.6,71,9,3,4
2026-04-16 10:00:00+00:00,34.0,28.0,5.1,12.4,18.5,14.1,149.0,910.0,10.2,71,10,3,4
2026-04-16 11:00:00+00:00,34.9,22.0,3.7,9.1,17.5,4.4,172.0,440.0,9.9,71,11,3,4
2026-04-16 12:00:00+00:00,36.7,18.0,2.3,9.8,26.2,1.5,179.0,306.0,9.6,71,12,3,4
2026-04-16 13:00:00+00:00,37.6,15.0,2.1,12.0,36.2,2.2,176.0,319.0,9.3,71,13,3,4
2026-04-16 14:00:00+00:00,37.7,14.0,2.3,13.4,42.6,3.4,172.0,349.0,9.1,74,14,3,4
2026-04-16 15:00:00+00:00,37.7,14.0,4.6,14.1,45.2,3.4,170.0,350.0,9.1,102,15,3,4
2026-04-16 16:00:00+00:00,37.7,14.0,8.5,14.5,45.9,3.9,166.0,368.0,9.2,126,16,3,4
2026-04-16 17:00:00+00:00,37.5,12.0,4.5,13.6,37.5,6.6,163.0,412.0,9.0,143,17,3,4
2026-04-16 18:00:00+00:00,35.6,16.0,7.2,17.5,37.4,30.2,128.0,509.0,10.4,152,18,3,4
2026-04-16 19:00:00+00:00,33.4,19.0,6.5,29.3,48.8,61.8,81.0,632.0,12.2,149,19,3,4
2026-04-16 20:00:00+00:00,31.6,21.0,9.7,36.2,52.0,79.2,51.0,712.0,13.1,129,20,3,4
2026-04-16 21:00:00+00:00,29.3,31.0,11.7,31.7,41.3,68.5,54.0,715.0,12.0,102,21,3,4
2026-04-16 22:00:00+00:00,28.2,34.0,10.9,24.3,29.0,43.4,73.0,675.0,9.9,78,22,3,4
2026-04-16 23:00:00+00:00,28.8,36.0,13.2,19.6,22.1,23.4,88.0,627.0,8.2,78,23,3,4
2026-04-17 00:00:00+00:00,28.9,35.0,11.5,16.6,19.0,15.9,91.0,574.0,7.3,77,0,4,4
2026-04-17 01:00:00+00:00,28.5,34.0,11.7,15.3,18.2,13.3,88.0,512.0,6.8,76,1,4,4
2026-04-17 02:00:00+00:00,27.8,35.0,11.5,14.9,18.6,12.3,84.0,466.0,6.4,75,2,4,4
2026-04-17 03:00:00+00:00,26.5,37.0,8.8,15.7,20.3,11.9,76.0,430.0,6.2,74,3,4,4
2026-04-17 04:00:00+00:00,25.8,39.0,7.7,16.9,20.8,13.0,65.0,410.0,6.1,72,4,4,4
2026-04-17 05:00:00+00:00,25.3,48.0,4.8,14.8,23.7,11.3,76.0,440.0,5.9,71,5,4,4
2026-04-17 06:00:00+00:00,24.6,46.0,9.6,14.5,22.5,14.2,78.0,587.0,6.2,69,6,4,4
2026-04-17 07:00:00+00:00,26.0,39.0,9.4,17.1,24.6,18.0,81.0,786.0,6.5,68,7,4,4
2026-04-17 08:00:00+00:00,27.6,34.0,11.2,17.5,27.2,19.3,88.0,874.0,6.6,67,8,4,4
2026-04-17 09:00:00+00:00,29.9,30.0,14.0,16.5,32.5,15.7,104.0,742.0,6.2,66,9,4,4
2026-04-17 10:00:00+00:00,31.7,26.0,13.3,16.4,42.8,9.7,124.0,500.0,5.6,66,10,4,4
2026-04-17 11:00:00+00:00,32.7,25.0,18.6,16.5,49.6,5.0,139.0,317.0,5.0,66,11,4,4
2026-04-17 12:00:00+00:00,33.3,23.0,19.8,15.6,51.3,3.3,144.0,265.0,4.7,67,12,4,4
2026-04-17 13:00:00+00:00,33.0,22.0,20.1,16.1,53.2,3.0,143.0,272.0,4.4,67,13,4,4
2026-04-17 14:00:00+00:00,33.5,22.0,21.4,15.8,50.4,3.1,141.0,291.0,4.2,68,14,4,4
2026-04-17 15:00:00+00:00,32.9,24.0,21.0,15.7,46.4,3.3,141.0,300.0,3.9,72,15,4,4
2026-04-17 16:00:00+00:00,32.3,25.0,19.7,15.7,43.4,3.9,141.0,321.0,3.7,84,16,4,4
2026-04-17 17:00:00+00:00,31.8,26.0,18.2,14.0,25.8,5.7,137.0,371.0,4.0,96,17,4,4
2026-04-17 18:00:00+00:00,30.3,28.0,15.0,15.1,25.8,8.7,127.0,475.0,4.3,103,18,4,4
2026-04-17 19:00:00+00:00,29.0,32.0,13.8,16.8,27.4,12.9,113.0,609.0,4.7,103,19,4,4
2026-04-17 20:00:00+00:00,27.9,35.0,11.2,17.3,29.2,16.2,100.0,709.0,5.1,98,20,4,4
2026-04-17 21:00:00+00:00,27.0,36.0,10.3,18.2,30.9,17.9,91.0,761.0,5.4,88,21,4,4
2026-04-17 22:00:00+00:00,26.1,36.0,10.8,19.7,31.8,18.8,83.0,780.0,5.6,77,22,4,4
2026-04-17 23:00:00+00:00,25.4,45.0,12.4,21.0,32.0,18.9,76.0,753.0,5.7,65,23,4,4
2026-04-18 00:00:00+00:00,25.0,49.0,11.5,20.9,31.2,18.0,71.0,646.0,5.6,64,0,5,4
2026-04-18 01:00:00+00:00,24.6,53.0,12.8,20.7,30.5,16.4,67.0,493.0,5.3,64,1,5,4
2026-04-18 02:00:00+00:00,24.5,52.0,12.6,20.2,29.3,14.9,64.0,384.0,5.0,65,2,5,4
2026-04-18 03:00:00+00:00,24.0,52.0,10.2,19.0,28.3,13.5,63.0,360.0,4.8,65,3,5,4
2026-04-18 04:00:00+00:00,23.3,52.0,8.9,17.4,28.9,12.2,63.0,380.0,4.7,65,4,5,4
2026-04-18 05:00:00+00:00,23.0,53.0,9.9,18.8,18.8,17.1,50.0,416.0,5.9,65,5,5,4
2026-04-18 06:00:00+00:00,23.1,54.0,12.8,17.6,25.5,17.3,59.0,481.0,5.9,66,6,5,4
2026-04-18 07:00:00+00:00,24.8,50.0,12.6,18.1,36.3,17.3,71.0,562.0,5.8,66,7,5,4
2026-04-18 08:00:00+00:00,27.1,43.0,14.3,19.8,43.2,16.0,86.0,591.0,5.6,66,8,5,4
2026-04-18 09:00:00+00:00,29.3,38.0,17.5,19.2,42.1,12.0,105.0,518.0,5.1,66,9,5,4
2026-04-18 10:00:00+00:00,31.7,31.0,19.0,16.4,41.2,6.7,126.0,394.0,4.4,66,10,5,4
2026-04-18 11:00:00+00:00,33.8,25.0,16.6,14.8,43.1,2.9,141.0,302.0,4.0,66,11,5,4
2026-04-18 12:00:00+00:00,35.2,21.0,15.0,13.9,43.1,1.8,146.0,275.0,3.9,66,12,5,4
2026-04-18 13:00:00+00:00,36.1,19.0,14.1,13.5,44.8,2.1,145.0,279.0,4.0,66,13,5,4
2026-04-18 14:00:00+00:00,36.6,18.0,12.1,13.7,47.7,2.9,144.0,298.0,4.2,66,14,5,4
2026-04-18 15:00:00+00:00,36.7,17.0,11.1,14.4,51.3,2.0,148.0,329.0,4.5,72,15,5,4
2026-04-18 16:00:00+00:00,36.4,18.0,10.5,15.5,55.9,1.6,153.0,375.0,5.0,88,16,5,4
2026-04-18 17:00:00+00:00,35.7,17.0,8.3,12.4,41.3,6.4,145.0,430.0,5.2,102,17,5,4
2026-04-18 18:00:00+00:00,34.4,20.0,8.8,15.3,37.1,14.7,125.0,503.0,5.6,111,18,5,4
2026-04-18 19:00:00+00:00,32.3,24.0,12.3,20.8,38.8,25.9,97.0,586.0,6.2,111,19,5,4
2026-04-18 20:00:00+00:00,30.9,26.0,12.1,21.9,38.9,32.8,77.0,645.0,6.7,101,20,5,4
2026-04-18 21:00:00+00:00,30.2,26.0,11.0,22.1,38.4,31.4,72.0,674.0,6.8,86,21,5,4
2026-04-18 22:00:00+00:00,29.1,29.0,9.4,22.4,36.7,25.8,75.0,680.0,6.8,71,22,5,4
2026-04-18 23:00:00+00:00,29.0,34.0,11.2,22.2,33.9,20.5,79.0,652.0,6.9,67,23,5,4
2026-04-19 00:00:00+00:00,27.6,40.0,13.9,21.6,31.5,16.9,82.0,564.0,7.2,67,0,6,4
2026-04-19 01:00:00+00:00,26.0,47.0,17.2,21.2,30.9,13.7,86.0,442.0,7.7,67,1,6,4
2026-04-19 02:00:00+00:00,24.9,53.0,16.2,21.0,31.4,11.5,87.0,347.0,8.1,67,2,6,4
2026-04-19 03:00:00+00:00,24.8,51.0,14.9,21.0,33.2,10.3,85.0,285.0,8.5,67,3,6,4
2026-04-19 04:00:00+00:00,24.3,49.0,12.8,21.2,36.0,10.0,80.0,250.0,8.9,67,4,6,4
2026-04-19 05:00:00+00:00,24.2,55.0,10.3,21.5,37.4,11.3,76.0,289.0,8.8,68,5,6,4
2026-04-19 06:00:00+00:00,24.1,54.0,9.4,21.6,37.3,16.5,69.0,474.0,8.4,68,6,6,4
2026-04-19 07:00:00+00:00,25.3,50.0,9.1,23.4,35.9,23.4,60.0,733.0,7.9,68,7,6,4
2026-04-19 08:00:00+00:00,26.7,44.0,8.0,23.3,36.6,26.9,62.0,895.0,7.6,68,8,6,4
2026-04-19 09:00:00+00:00,28.4,39.0,7.8,21.1,34.5,23.7,83.0,869.0,7.8,69,9,6,4
2026-04-19 10:00:00+00:00,30.8,33.0,6.8,18.7,33.4,17.0,115.0,746.0,8.2,69,10,6,4
2026-04-19 11:00:00+00:00,32.8,27.0,6.1,17.2,36.0,11.2,140.0,627.0,8.4,69,11,6,4
2026-04-19 12:00:00+00:00,33.7,24.0,9.9,14.9,43.5,7.7,152.0,531.0,8.0,69,12,6,4
2026-04-19 13:00:00+00:00,34.5,22.0,8.6,15.1,49.8,5.1,157.0,438.0,7.5,69,13,6,4
2026-04-19 14:00:00+00:00,35.5,20.0,6.3,17.1,60.1,3.9,158.0,391.0,7.3,69,14,6,4
2026-04-19 15:00:00+00:00,35.5,19.0,9.6,19.5,69.8,2.4,158.0,408.0,7.9,70,15,6,4
2026-04-19 16:00:00+00:00,34.8,20.0,6.2,22.1,76.1,2.2,154.0,471.0,8.9,85,16,6,4
2026-04-19 17:00:00+00:00,32.6,25.0,16.3,15.5,53.0,6.6,154.0,571.0,8.7,104,17,6,4
2026-04-19 18:00:00+00:00,31.2,27.0,5.0,18.3,51.1,29.1,124.0,733.0,10.1,119,18,6,4
2026-04-19 19:00:00+00:00,29.7,30.0,3.1,29.9,62.2,60.0,83.0,933.0,12.1,121,19,6,4
2026-04-19 20:00:00+00:00,28.4,35.0,2.9,41.8,75.9,82.7,50.0,1087.0,13.9,109,20,6,4
2026-04-19 21:00:00+00:00,27.4,37.0,3.6,51.3,87.1,90.7,34.0,1178.0,15.5,87,21,6,4
2026-04-19 22:00:00+00:00,27.0,37.0,5.1,59.1,95.9,90.5,27.0,1224.0,16.8,76,22,6,4
2026-04-19 23:00:00+00:00,26.7,42.0,4.9,62.4,99.2,85.1,25.0,1188.0,17.0,79,23,6,4
2026-04-20 00:00:00+00:00,26.7,40.0,5.4,57.9,93.6,72.7,29.0,1012.0,15.2,82,0,0,4
2026-04-20 01:00:00+00:00,25.2,45.0,4.5,47.8,81.7,55.1,39.0,756.0,12.3,85,1,0,4
2026-04-20 02:00:00+00:00,24.6,46.0,5.5,39.6,71.5,40.0,47.0,560.0,9.8,87,2,0,4
2026-04-20 03:00:00+00:00,24.5,44.0,9.5,35.0,63.8,29.8,49.0,462.0,8.4,88,3,0,4
2026-04-20 04:00:00+00:00,24.5,45.0,11.8,32.0,56.7,22.0,50.0,425.0,7.4,89,4,0,4
2026-04-20 05:00:00+00:00,24.0,51.0,10.7,38.0,62.4,30.2,36.0,482.0,7.5,90,5,0,4
2026-04-20 06:00:00+00:00,23.7,51.0,11.1,33.1,52.6,30.6,46.0,735.0,7.6,91,6,0,4
2026-04-20 07:00:00+00:00,25.0,46.0,11.1,32.0,45.3,30.8,62.0,1082.0,7.8,92,7,0,4
2026-04-20 08:00:00+00:00,27.3,40.0,6.4,30.3,44.7,28.4,81.0,1248.0,7.8,93,8,0,4
2026-04-20 09:00:00+00:00,30.4,32.0,5.5,24.3,43.7,21.0,107.0,1053.0,7.5,94,9,0,4
2026-04-20 10:00:00+00:00,33.4,23.0,8.0,18.7,46.1,11.1,137.0,677.0,7.1,94,10,0,4
2026-04-20 11:00:00+00:00,35.3,15.0,11.0,14.1,41.4,3.8,158.0,386.0,6.8,94,11,0,4
2026-04-20 12:00:00+00:00,36.8,12.0,10.1,12.0,35.5,1.6,164.0,289.0,6.5,94,12,0,4
2026-04-20 13:00:00+00:00,37.6,10.0,9.7,11.7,33.2,2.1,162.0,276.0,6.4,93,13,0,4
2026-04-20 14:00:00+00:00,37.8,10.0,10.4,12.0,32.1,3.0,158.0,287.0,6.3,93,14,0,4
2026-04-20 15:00:00+00:00,37.7,10.0,9.4,12.0,31.4,3.0,155.0,297.0,6.4,93,15,0,4
2026-04-20 16:00:00+00:00,37.3,11.0,9.5,12.1,30.9,3.5,151.0,330.0,6.7,105,16,0,4
2026-04-20 17:00:00+00:00,36.6,11.0,8.7,14.3,34.8,6.3,155.0,397.0,7.8,120,17,0,4
2026-04-20 18:00:00+00:00,35.5,13.0,6.2,15.7,32.6,14.3,135.0,520.0,8.4,130,18,0,4
2026-04-20 19:00:00+00:00,33.2,17.0,5.5,21.2,34.2,25.3,106.0,676.0,9.2,130,19,0,4
2026-04-20 20:00:00+00:00,32.2,20.0,7.3,23.6,35.9,32.5,85.0,807.0,9.6,119,20,0,4
2026-04-20 21:00:00+00:00,30.7,25.0,7.1,23.5,35.6,32.6,77.0,908.0,9.4,102,21,0,4
2026-04-20 22:00:00+00:00,29.6,29.0,7.3,23.4,36.1,29.0,76.0,984.0,8.9,87,22,0,4
2026-04-20 23:00:00+00:00,28.6,36.0,5.5,23.4,36.8,25.3,76.0,992.0,8.4,84,23,0,4
2026-04-21 00:00:00+00:00,28.3,38.0,5.6,22.5,36.6,22.4,76.0,883.0,7.9,81,0,1,4
2026-04-21 01:00:00+00:00,27.7,39.0,6.9,21.7,36.3,19.4,77.0,706.0,7.4,78,1,1,4
2026-04-21 02:00:00+00:00,26.7,42.0,8.0,21.5,36.3,17.1,77.0,569.0,7.1,76,2,1,4
2026-04-21 03:00:00+00:00,25.9,42.0,6.6,21.6,36.2,15.7,73.0,470.0,7.2,75,3,1,4
2026-04-21 04:00:00+00:00,25.1,42.0,6.0,22.0,35.2,15.0,67.0,410.0,7.5,73,4,1,4
2026-04-21 05:00:00+00:00,25.1,49.0,6.9,30.5,45.9,23.4,50.0,502.0,6.6,73,5,1,4
2026-04-21 06:00:00+00:00,25.2,47.0,6.9,30.2,44.5,25.9,58.0,936.0,7.0,72,6,1,4
2026-04-21 07:00:00+00:00,26.7,43.0,7.4,30.9,42.1,28.9,69.0,1522.0,7.6,72,7,1,4
2026-04-21 08:00:00+00:00,29.4,36.0,3.1,30.5,42.7,28.6,85.0,1802.0,8.2,72,8,1,4
2026-04-21 09:00:00+00:00,31.9,30.0,3.8,24.4,40.9,21.6,109.0,1470.0,8.9,72,9,1,4
2026-04-21 10:00:00+00:00,34.4,25.0,4.5,17.8,39.1,11.3,138.0,833.0,9.7,72,10,1,4
2026-04-21 11:00:00+00:00,36.1,18.0,8.5,13.6,35.4,3.7,158.0,349.0,9.8,72,11,1,4
2026-04-21 12:00:00+00:00,37.4,15.0,10.2,12.2,32.0,1.5,164.0,216.0,8.8,72,12,1,4
2026-04-21 13:00:00+00:00,38.1,14.0,11.8,11.6,29.0,2.0,162.0,237.0,7.1,72,13,1,4
2026-04-21 14:00:00+00:00,38.4,14.0,12.9,11.2,26.8,2.8,159.0,276.0,5.8,72,14,1,4
2026-04-21 15:00:00+00:00,38.3,14.0,14.1,10.8,25.1,2.3,158.0,277.0,5.1,89,15,1,4
2026-04-21 16:00:00+00:00,37.6,15.0,15.2,10.3,23.8,2.2,155.0,296.0,4.8,108,16,1,4
2026-04-21 17:00:00+00:00,36.3,16.0,12.6,10.0,20.9,5.9,153.0,374.0,5.9,122,17,1,4
2026-04-21 18:00:00+00:00,35.3,17.0,10.2,10.9,19.8,14.1,132.0,540.0,6.3,132,18,1,4
2026-04-21 19:00:00+00:00,33.9,19.0,6.5,15.7,22.4,25.5,102.0,765.0,6.9,130,19,1,4
2026-04-21 20:00:00+00:00,32.6,22.0,5.0,20.0,26.7,35.4,78.0,994.0,7.6,119,20,1,4
2026-04-21 21:00:00+00:00,32.0,23.0,5.4,23.4,30.9,42.2,64.0,1264.0,8.4,100,21,1,4
2026-04-21 22:00:00+00:00,31.1,25.0,5.2,27.8,36.8,47.3,55.0,1539.0,9.4,79,22,1,4
2026-04-21 23:00:00+00:00,29.8,30.0,4.9,32.0,42.3,50.4,48.0,1658.0,10.0,70,23,1,4
2026-04-22 00:00:00+00:00,29.3,31.0,4.9,33.4,44.7,50.5,43.0,1497.0,10.1,71,0,2,4
2026-04-22 01:00:00+00:00,28.6,32.0,5.0,34.8,46.3,48.5,40.0,1181.0,10.0,72,1,2,4
2026-04-22 02:00:00+00:00,27.7,34.0,6.1,36.7,47.8,47.0,37.0,924.0,9.9,73,2,2,4
2026-04-22 03:00:00+00:00,26.4,39.0,5.8,38.9,49.4,47.0,28.0,768.0,10.0,74,3,2,4
2026-04-22 04:00:00+00:00,25.8,41.0,5.9,41.8,51.9,47.4,19.0,672.0,10.0,75,4,2,4
2026-04-22 05:00:00+00:00,26.0,42.0,6.1,37.0,49.5,41.5,35.0,724.0,8.5,77,5,2,4
2026-04-22 06:00:00+00:00,25.8,42.0,5.4,40.5,52.9,44.4,50.0,1093.0,8.9,78,6,2,4
2026-04-22 07:00:00+00:00,27.0,40.0,6.2,45.3,53.9,47.9,72.0,1610.0,9.6,78,7,2,4
2026-04-22 08:00:00+00:00,29.2,37.0,3.7,38.5,48.1,46.3,97.0,1859.0,10.4,79,8,2,4
2026-04-22 09:00:00+00:00,32.4,29.0,1.6,26.7,38.2,34.8,129.0,1573.0,11.6,80,9,2,4
2026-04-22 10:00:00+00:00,35.4,23.0,1.8,19.6,30.5,18.2,165.0,1018.0,12.9,80,10,2,4
2026-04-22 11:00:00+00:00,37.3,18.0,5.2,16.5,28.1,5.9,190.0,576.0,13.6,80,11,2,4
2026-04-22 12:00:00+00:00,39.1,15.0,6.4,16.7,29.9,2.0,195.0,400.0,13.0,81,12,2,4
2026-04-22 13:00:00+00:00,39.9,14.0,8.6,17.9,33.9,2.3,190.0,337.0,11.7,81,13,2,4
2026-04-22 14:00:00+00:00,40.2,14.0,9.9,19.3,38.0,3.2,184.0,315.0,10.8,98,14,2,4
2026-04-22 15:00:00+00:00,40.2,14.0,10.6,20.7,40.9,2.2,184.0,291.0,10.6,126,15,2,4
2026-04-22 16:00:00+00:00,39.6,14.0,11.9,21.9,43.1,1.9,184.0,308.0,10.7,150,16,2,4
2026-04-22 17:00:00+00:00,38.6,14.0,12.4,19.8,39.1,6.6,171.0,414.0,11.1,164,17,2,4
2026-04-22 18:00:00+00:00,37.8,14.0,9.2,21.7,38.8,20.2,146.0,685.0,12.0,171,18,2,4
2026-04-22 19:00:00+00:00,36.3,16.0,6.2,30.5,45.3,39.2,111.0,1045.0,13.3,168,19,2,4
2026-04-22 20:00:00+00:00,35.1,18.0,5.6,38.5,54.6,55.5,82.0,1321.0,14.6,155,20,2,4
2026-04-22 21:00:00+00:00,33.2,22.0,4.2,44.1,61.9,66.2,65.0,1459.0,16.1,133,21,2,4
2026-04-22 22:00:00+00:00,31.7,26.0,1.5,49.7,68.7,74.1,53.0,1513.0,17.7,106,22,2,4
2026-04-22 23:00:00+00:00,31.3,28.0,1.1,56.0,76.1,79.6,44.0,1470.0,18.8,91,23,2,4
2026-04-23 00:00:00+00:00,30.4,29.0,1.1,60.8,82.0,83.0,37.0,1268.0,19.0,93,0,3,4
2026-04-23 01:00:00+00:00,28.3,33.0,5.3,65.0,86.4,83.9,33.0,970.0,18.7,95,1,3,4
2026-04-23 02:00:00+00:00,27.1,38.0,5.0,65.0,85.0,81.7,29.0,751.0,18.0,98,2,3,4
2026-04-23 03:00:00+00:00,26.3,42.0,4.5,62.2,79.6,74.2,24.0,641.0,16.5,100,3,3,4
2026-04-23 04:00:00+00:00,25.9,42.0,6.2,58.2,73.1,63.6,19.0,612.0,14.5,102,4,3,4
2026-04-23 05:00:00+00:00,25.1,54.0,1.0,58.9,74.7,42.1,35.0,750.0,13.9,104,5,3,4
2026-04-23 06:00:00+00:00,25.4,53.0,1.7,63.8,79.4,45.6,51.0,1265.0,14.6,106,6,3,4
2026-04-23 07:00:00+00:00,27.2,47.0,3.6,62.2,71.9,49.7,74.0,1948.0,15.6,109,7,3,4
2026-04-23 08:00:00+00:00,31.2,37.0,2.6,49.5,59.5,48.3,99.0,2263.0,16.1,111,8,3,4
2026-04-23 09:00:00+00:00,34.9,28.0,4.1,39.7,54.4,35.8,129.0,1846.0,15.8,112,9,3,4
2026-04-23 10:00:00+00:00,37.6,21.0,5.8,29.6,47.4,17.6,162.0,1062.0,15.0,113,10,3,4
2026-04-23 11:00:00+00:00,38.9,16.0,6.8,23.2,41.6,4.3,183.0,465.0,14.1,114,11,3,4
2026-04-23 12:00:00+00:00,40.5,12.0,5.6,21.8,41.9,0.7,186.0,296.0,13.0,115,12,3,4
2026-04-23 13:00:00+00:00,41.1,12.0,2.9,21.0,42.4,1.8,178.0,315.0,11.8,115,13,3,4
2026-04-23 14:00:00+00:00,41.4,11.0,2.7,20.5,43.4,3.5,168.0,357.0,10.9,116,14,3,4
2026-04-23 15:00:00+00:00,41.5,12.0,7.5,20.3,44.6,3.8,161.0,364.0,10.5,117,15,3,4
2026-04-23 16:00:00+00:00,40.2,13.0,13.9,20.0,45.9,4.6,152.0,394.0,10.5,136,16,3,4
2026-04-23 17:00:00+00:00,38.5,15.0,9.6,17.1,36.7,7.9,146.0,458.0,9.7,147,17,3,4
2026-04-23 18:00:00+00:00,34.4,28.0,18.9,18.9,34.6,14.7,128.0,583.0,9.8,151,18,3,4
2026-04-23 19:00:00+00:00,33.0,29.0,11.8,23.5,35.6,24.2,104.0,742.0,9.9,143,19,3,4
2026-04-23 20:00:00+00:00,32.6,28.0,8.1,26.1,38.1,31.6,84.0,862.0,10.0,127,20,3,4
2026-04-23 21:00:00+00:00,32.2,29.0,5.7,29.6,41.9,35.4,73.0,917.0,10.3,113,21,3,4
2026-04-23 22:00:00+00:00,31.0,31.0,4.9,33.9,46.7,37.1,67.0,934.0,10.6,112,22,3,4
2026-04-23 23:00:00+00:00,30.7,35.0,5.0,34.7,47.3,36.3,65.0,918.0,10.8,110,23,3,4
2026-04-24 00:00:00+00:00,30.8,35.0,4.3,33.3,45.8,31.5,68.0,854.0,10.7,108,0,4,4
2026-04-24 01:00:00+00:00,30.3,36.0,6.3,32.1,45.3,24.3,75.0,756.0,10.5,105,1,4,4
2026-04-24 02:00:00+00:00,29.0,40.0,8.1,31.7,46.1,19.2,78.0,678.0,10.3,101,2,4,4
2026-04-24 03:00:00+00:00,27.9,44.0,5.3,31.7,47.6,18.4,72.0,610.0,10.3,98,3,4,4
2026-04-24 04:00:00+00:00,27.1,49.0,2.7,32.2,49.7,19.8,63.0,561.0,10.4,96,4,4,4
2026-04-24 05:00:00+00:00,27.8,52.0,7.3,67.3,85.2,63.7,16.0,611.0,14.3,94,5,4,4
2026-04-24 06:00:00+00:00,27.8,52.0,6.5,73.1,90.3,58.0,39.0,888.0,14.5,95,6,4,4
2026-04-24 07:00:00+00:00,28.8,49.0,4.9,73.1,82.9,49.6,73.0,1264.0,14.8,95,7,4,4
2026-04-24 08:00:00+00:00,31.1,43.0,1.9,50.9,64.5,40.0,105.0,1435.0,14.9,96,8,4,4
2026-04-24 09:00:00+00:00,34.0,36.0,2.8,41.4,59.6,27.9,137.0,1199.0,14.7,96,9,4,4
2026-04-24 10:00:00+00:00,36.8,26.0,5.3,34.8,63.3,14.5,168.0,760.0,14.3,96,10,4,4
2026-04-24 11:00:00+00:00,38.4,19.0,8.8,24.6,60.5,4.8,184.0,419.0,13.2,97,11,4,4
2026-04-24 12:00:00+00:00,39.9,17.0,8.7,20.3,58.2,1.6,175.0,306.0,10.9,97,12,4,4
2026-04-24 13:00:00+00:00,40.7,15.0,9.4,19.4,64.7,2.2,151.0,293.0,8.0,97,13,4,4
2026-04-24 14:00:00+00:00,41.0,14.0,12.2,21.9,84.1,3.3,132.0,298.0,5.9,97,14,4,4
2026-04-24 15:00:00+00:00,40.3,13.0,13.3,22.6,100.1,3.6,125.0,292.0,5.3,106,15,4,4
2026-04-24 16:00:00+00:00,39.7,14.0,18.0,24.2,109.7,4.5,122.0,303.0,5.4,117,16,4,4
2026-04-24 17:00:00+00:00,40.2,12.0,13.4,27.7,120.6,6.3,116.0,337.0,5.9,120,17,4,4
2026-04-24 18:00:00+00:00,37.7,16.0,14.2,28.6,82.4,9.0,111.0,414.0,6.9,116,18,4,4
2026-04-24 19:00:00+00:00,36.2,17.0,12.0,27.1,65.0,12.9,103.0,514.0,8.3,104,19,4,4
2026-04-24 20:00:00+00:00,35.1,18.0,6.6,27.6,57.0,16.5,95.0,578.0,9.3,99,20,4,4
2026-04-24 21:00:00+00:00,34.1,20.0,6.4,28.7,54.7,19.7,86.0,579.0,9.5,99,21,4,4
2026-04-24 22:00:00+00:00,32.8,22.0,9.7,30.5,54.6,22.5,76.0,544.0,9.3,99,22,4,4
2026-04-24 23:00:00+00:00,32.3,26.0,7.1,32.4,55.6,23.9,68.0,499.0,8.9,99,23,4,4
2026-04-25 00:00:00+00:00,31.4,32.0,7.6,32.7,56.5,22.7,65.0,438.0,8.3,99,0,5,4
2026-04-25 01:00:00+00:00,30.4,35.0,4.7,32.2,58.4,19.9,64.0,368.0,7.6,99,1,5,4
2026-04-25 02:00:00+00:00,29.3,38.0,7.6,31.7,61.0,17.7,63.0,333.0,7.3,99,2,5,4
2026-04-25 03:00:00+00:00,28.5,41.0,5.6,30.9,59.5,16.5,60.0,336.0,7.7,99,3,5,4
2026-04-25 04:00:00+00:00,27.6,44.0,4.2,29.9,53.4,15.8,57.0,373.0,8.4,99,4,5,4
2026-04-25 05:00:00+00:00,27.2,51.0,8.2,25.8,48.1,13.3,71.0,481.0,9.5,99,5,5,4
2026-04-25 06:00:00+00:00,26.8,53.0,9.1,26.4,48.5,15.9,74.0,754.0,10.1,95,6,5,4
2026-04-25 07:00:00+00:00,28.1,49.0,7.8,27.6,52.6,19.2,79.0,1097.0,10.9,92,7,5,4
2026-04-25 08:00:00+00:00,30.3,43.0,6.5,30.3,71.0,20.0,87.0,1262.0,10.8,88,8,5,4
2026-04-25 09:00:00+00:00,33.5,34.0,6.5,31.5,84.5,15.6,103.0,1083.0,8.9,86,9,5,4
2026-04-25 10:00:00+00:00,35.8,28.0,4.5,30.4,101.0,8.7,122.0,726.0,6.2,86,10,5,4
2026-04-25 11:00:00+00:00,38.2,20.0,6.7,28.6,115.0,3.6,136.0,442.0,4.5,85,11,5,4
2026-04-25 12:00:00+00:00,38.7,18.0,4.4,31.2,130.9,2.2,141.0,326.0,4.7,86,12,5,4
2026-04-25 13:00:00+00:00,39.2,16.0,12.6,34.2,145.3,2.7,140.0,283.0,6.0,86,13,5,4
2026-04-25 14:00:00+00:00,39.7,16.0,6.3,37.6,158.8,3.7,138.0,273.0,7.2,88,14,5,4
2026-04-25 15:00:00+00:00,38.9,16.0,8.8,38.3,163.4,3.0,138.0,268.0,8.1,89,15,5,4
2026-04-25 16:00:00+00:00,35.4,27.0,15.5,40.5,175.1,2.8,137.0,296.0,9.0,90,16,5,4
2026-04-25 17:00:00+00:00,38.2,16.0,15.3,32.1,102.9,9.8,147.0,400.0,12.0,91,17,5,4
2026-04-25 18:00:00+00:00,37.1,18.0,11.0,31.7,104.1,16.2,127.0,612.0,12.3,100,18,5,4
2026-04-25 19:00:00+00:00,35.1,22.0,4.8,32.6,85.4,25.0,100.0,901.0,12.7,101,19,5,4
2026-04-25 20:00:00+00:00,34.2,24.0,7.1,35.2,82.7,31.7,78.0,1216.0,12.8,94,20,5,4
2026-04-25 21:00:00+00:00,33.8,25.0,8.4,38.3,86.6,34.6,66.0,1644.0,12.6,93,21,5,4
2026-04-25 22:00:00+00:00,32.9,26.0,7.7,41.0,92.0,35.5,59.0,2098.0,12.1,94,22,5,4
2026-04-25 23:00:00+00:00,32.3,29.0,10.9,41.6,95.0,34.7,55.0,2262.0,11.3,95,23,5,4
2026-04-26 00:00:00+00:00,31.4,31.0,10.0,40.4,95.9,31.6,53.0,1884.0,10.0,95,0,6,4
2026-04-26 01:00:00+00:00,30.6,33.0,8.8,39.8,97.1,26.8,53.0,1216.0,8.4,96,1,6,4
2026-04-26 02:00:00+00:00,29.8,34.0,8.8,39.6,95.7,23.1,52.0,700.0,7.2,97,2,6,4
2026-04-26 03:00:00+00:00,29.1,35.0,9.3,39.2,92.2,21.3,48.0,499.0,6.7,97,3,6,4
2026-04-26 04:00:00+00:00,28.5,36.0,7.8,38.6,89.2,20.6,44.0,450.0,6.6,98,4,6,4
2026-04-26 05:00:00+00:00,27.3,45.0,10.7,48.8,108.3,34.9,26.0,506.0,8.5,98,5,6,4
2026-04-26 06:00:00+00:00,27.0,45.0,7.8,40.9,83.8,32.6,44.0,749.0,8.6,100,6,6,4
2026-04-26 07:00:00+00:00,28.1,43.0,5.1,39.8,70.3,29.1,69.0,1097.0,8.7,102,7,6,4
2026-04-26 08:00:00+00:00,30.7,37.0,3.4,36.8,79.6,24.5,94.0,1259.0,8.8,103,8,6,4
2026-04-26 09:00:00+00:00,33.9,29.0,4.1,28.1,72.6,17.6,117.0,1044.0,8.7,104,9,6,4
2026-04-26 10:00:00+00:00,36.5,20.0,7.0,18.0,47.4,9.5,138.0,644.0,8.6,103,10,6,4
2026-04-26 11:00:00+00:00,37.4,18.0,11.9,13.6,37.1,3.6,153.0,339.0,8.3,102,11,6,4
2026-04-26 12:00:00+00:00,38.7,16.0,12.3,12.3,34.6,1.7,157.0,251.0,7.8,101,12,6,4
2026-04-26 13:00:00+00:00,39.5,14.0,13.1,12.1,33.3,2.0,155.0,259.0,7.0,99,13,6,4
2026-04-26 14:00:00+00:00,39.9,13.0,14.1,12.0,32.2,2.7,151.0,281.0,6.4,97,14,6,4
2026-04-26 15:00:00+00:00,39.9,13.0,14.6,11.8,32.0,2.3,149.0,269.0,5.8,95,15,6,4
2026-04-26 16:00:00+00:00,39.2,14.0,13.7,11.5,31.7,2.3,146.0,271.0,5.2,103,16,6,4
2026-04-26 17:00:00+00:00,38.6,14.0,12.2,5.1,13.4,5.1,141.0,348.0,4.5,115,17,6,4
2026-04-26 18:00:00+00:00,37.6,15.0,10.7,5.5,12.2,11.2,126.0,583.0,5.0,120,18,6,4
2026-04-26 19:00:00+00:00,36.4,16.0,9.2,9.2,13.7,19.5,105.0,894.0,5.7,117,19,6,4
2026-04-26 20:00:00+00:00,35.5,18.0,9.0,12.2,16.1,26.0,88.0,1096.0,6.2,107,20,6,4
2026-04-26 21:00:00+00:00,34.7,20.0,7.1,13.5,17.5,28.5,78.0,1096.0,6.4,92,21,6,4
2026-04-26 22:00:00+00:00,33.2,23.0,5.5,15.5,19.9,29.2,72.0,988.0,6.4,81,22,6,4
2026-04-26 23:00:00+00:00,32.0,26.0,6.9,18.0,23.3,29.7,67.0,869.0,6.5,79,23,6,4
2026-04-27 00:00:00+00:00,30.8,29.0,5.5,20.4,27.1,30.7,61.0,756.0,6.6,77,0,0,4
2026-04-27 01:00:00+00:00,29.8,32.0,5.6,22.8,30.3,31.7,56.0,632.0,6.8,76,1,0,4
2026-04-27 02:00:00+00:00,28.9,34.0,6.1,24.0,31.5,32.7,51.0,547.0,7.0,74,2,0,4
2026-04-27 03:00:00+00:00,27.6,37.0,4.7,25.1,32.1,34.1,41.0,486.0,7.2,73,3,0,4
2026-04-27 04:00:00+00:00,27.0,38.0,4.7,26.4,32.5,35.6,32.0,464.0,7.4,72,4,0,4
2026-04-27 05:00:00+00:00,27.5,37.0,2.0,29.7,38.9,35.1,43.0,570.0,7.4,71,5,0,4
2026-04-27 06:00:00+00:00,27.4,40.0,0.9,34.0,43.7,35.6,58.0,962.0,8.0,70,6,0,4
2026-04-27 07:00:00+00:00,28.6,34.0,5.2,38.9,45.5,36.0,80.0,1482.0,9.0,69,7,0,4
2026-04-27 08:00:00+00:00,30.9,30.0,3.4,27.0,35.0,33.3,104.0,1750.0,9.8,69,8,0,4
2026-04-27 09:00:00+00:00,33.9,24.0,2.5,18.3,27.1,24.8,131.0,1527.0,10.6,68,9,0,4
2026-04-27 10:00:00+00:00,36.5,19.0,1.3,11.3,19.6,13.2,160.0,1051.0,11.4,67,10,0,4
2026-04-27 11:00:00+00:00,37.6,18.0,2.2,10.9,22.1,4.7,179.0,653.0,11.6,67,11,0,4
2026-04-27 12:00:00+00:00,39.7,16.0,3.5,12.5,28.1,2.0,180.0,444.0,10.7,67,12,0,4
2026-04-27 13:00:00+00:00,40.6,15.0,5.1,13.8,33.6,2.2,171.0,312.0,9.2,67,13,0,4
2026-04-27 14:00:00+00:00,40.4,14.0,9.6,15.0,37.7,3.0,162.0,252.0,8.0,93,14,0,4
2026-04-27 15:00:00+00:00,39.9,16.0,11.6,16.0,40.6,3.2,157.0,284.0,7.5,115,15,0,4
2026-04-27 16:00:00+00:00,36.8,22.0,19.2,17.0,42.8,3.9,152.0,388.0,7.4,131,16,0,4
2026-04-27 17:00:00+00:00,36.3,23.0,15.4,20.7,36.8,8.1,140.0,499.0,10.5,141,17,0,4
2026-04-27 18:00:00+00:00,37.2,20.0,6.0,21.6,41.6,24.9,115.0,567.0,11.7,143,18,0,4
2026-04-27 19:00:00+00:00,35.4,23.0,3.5,29.5,47.4,47.9,80.0,643.0,13.3,134,19,0,4
2026-04-27 20:00:00+00:00,34.5,24.0,8.1,39.8,58.7,64.1,54.0,813.0,14.4,113,20,0,4
2026-04-27 21:00:00+00:00,33.2,27.0,5.4,48.0,66.8,67.0,46.0,1190.0,14.7,86,21,0,4
2026-04-27 22:00:00+00:00,32.2,30.0,4.0,50.9,69.2,63.1,46.0,1661.0,14.5,77,22,0,4
2026-04-27 23:00:00+00:00,33.1,31.0,7.2,45.3,64.0,58.4,47.0,1971.0,14.3,80,23,0,4
2026-04-28 00:00:00+00:00,32.8,30.0,10.5,42.0,62.6,55.0,47.0,2010.0,14.1,82,0,1,4
2026-04-28 01:00:00+00:00,32.5,28.0,8.6,44.0,66.6,50.8,47.0,1888.0,13.9,83,1,1,4
2026-04-28 02:00:00+00:00,32.2,26.0,6.0,45.8,69.8,45.8,48.0,1682.0,13.3,85,2,1,4
2026-04-28 03:00:00+00:00,31.1,29.0,7.3,43.8,67.3,38.8,47.0,1318.0,12.0,87,3,1,4
2026-04-28 04:00:00+00:00,30.0,34.0,6.3,40.0,62.4,30.9,46.0,869.0,10.4,88,4,1,4
2026-04-28 05:00:00+00:00,28.7,41.0,9.4,17.8,35.0,7.1,86.0,630.0,7.8,89,5,1,4
2026-04-28 06:00:00+00:00,28.4,43.0,4.1,18.5,37.5,9.9,84.0,837.0,8.6,88,6,1,4
2026-04-28 07:00:00+00:00,28.8,42.0,5.5,19.8,39.6,13.7,82.0,1255.0,9.6,87,7,1,4
2026-04-28 08:00:00+00:00,30.2,39.0,5.1,21.7,48.5,16.1,82.0,1471.0,10.5,86,8,1,4
2026-04-28 09:00:00+00:00,31.1,37.0,9.8,21.4,52.9,16.2,83.0,1244.0,11.0,85,9,1,4
2026-04-28 10:00:00+00:00,32.4,35.0,13.1,21.5,56.1,14.9,85.0,815.0,11.3,85,10,1,4
2026-04-28 11:00:00+00:00,31.9,36.0,5.7,21.9,59.4,13.1,94.0,494.0,11.4,86,11,1,4
2026-04-28 12:00:00+00:00,32.3,36.0,15.6,23.7,64.7,10.3,115.0,419.0,11.3,87,12,1,4
2026-04-28 13:00:00+00:00,33.9,28.0,20.9,24.5,69.6,7.1,143.0,451.0,11.1,88,13,1,4
2026-04-28 14:00:00+00:00,34.4,26.0,12.7,23.4,68.2,5.4,159.0,483.0,10.7,89,14,1,4
2026-04-28 15:00:00+00:00,34.9,25.0,9.4,22.1,61.7,6.5,156.0,462.0,10.3,90,15,1,4
2026-04-28 16:00:00+00:00,35.0,24.0,11.0,21.4,58.7,9.3,142.0,441.0,9.7,90,16,1,4
2026-04-28 17:00:00+00:00,33.3,27.0,13.0,23.8,55.5,9.2,141.0,467.0,9.0,90,17,1,4
2026-04-28 18:00:00+00:00,33.2,27.0,12.0,23.5,47.5,25.1,116.0,588.0,9.5,91,18,1,4
2026-04-28 19:00:00+00:00,32.1,30.0,11.4,30.6,46.9,46.9,81.0,758.0,10.3,93,19,1,4
2026-04-28 20:00:00+00:00,30.8,36.0,13.0,35.5,48.7,62.8,53.0,883.0,10.9,91,20,1,4
2026-04-28 21:00:00+00:00,29.9,39.0,11.7,38.9,51.8,68.0,39.0,936.0,11.4,90,21,1,4
2026-04-28 22:00:00+00:00,29.2,42.0,9.8,43.3,55.5,67.3,33.0,945.0,11.7,90,22,1,4
2026-04-28 23:00:00+00:00,26.9,52.0,18.2,42.0,54.0,62.8,31.0,901.0,11.8,89,23,1,4
2026-04-29 00:00:00+00:00,25.8,56.0,16.2,39.2,51.0,53.0,36.0,762.0,11.5,89,0,2,4
2026-04-29 01:00:00+00:00,25.2,55.0,11.9,37.3,48.2,39.5,45.0,571.0,10.9,89,1,2,4
2026-04-29 02:00:00+00:00,24.8,56.0,7.4,36.8,46.3,29.2,51.0,442.0,10.3,88,2,2,4
2026-04-29 03:00:00+00:00,24.6,57.0,8.1,37.4,45.6,25.3,47.0,423.0,9.7,87,3,2,4
2026-04-29 04:00:00+00:00,24.2,58.0,6.7,38.8,46.2,24.6,40.0,466.0,9.2,87,4,2,4
2026-04-29 05:00:00+00:00,22.9,76.0,5.6,41.0,51.9,26.3,48.0,549.0,12.0,87,5,2,4
2026-04-29 06:00:00+00:00,22.8,78.0,3.0,44.8,55.6,27.5,57.0,708.0,13.2,89,6,2,4
2026-04-29 07:00:00+00:00,24.0,73.0,4.3,44.9,57.2,28.9,71.0,907.0,14.9,91,7,2,4
2026-04-29 08:00:00+00:00,25.7,65.0,1.6,43.5,60.1,27.6,92.0,1012.0,16.3,93,8,2,4
2026-04-29 09:00:00+00:00,28.0,57.0,1.5,34.6,56.3,21.2,125.0,934.0,17.2,94,9,2,4
2026-04-29 10:00:00+00:00,30.0,48.0,2.7,29.9,56.5,12.1,165.0,763.0,17.8,95,10,2,4
2026-04-29 11:00:00+00:00,29.5,48.0,1.0,27.5,57.2,5.3,193.0,630.0,17.6,96,11,2,4
2026-04-29 12:00:00+00:00,30.9,43.0,2.6,25.4,52.6,3.0,200.0,590.0,15.9,97,12,2,4
2026-04-29 13:00:00+00:00,31.9,40.0,3.9,23.7,48.7,3.0,196.0,588.0,13.4,97,13,2,4
2026-04-29 14:00:00+00:00,32.8,37.0,3.5,22.8,46.9,3.6,190.0,595.0,11.4,100,14,2,4
2026-04-29 15:00:00+00:00,32.7,35.0,7.6,21.7,45.8,1.3,187.0,611.0,10.3,129,15,2,4
2026-04-29 16:00:00+00:00,30.5,39.0,5.2,20.7,45.3,0.0,183.0,637.0,9.8,152,16,2,4
2026-04-29 17:00:00+00:00,32.7,27.0,8.1,15.6,23.9,6.7,193.0,644.0,11.7,167,17,2,4
2026-04-29 18:00:00+00:00,30.9,35.0,9.6,15.9,23.7,19.4,166.0,607.0,11.7,178,18,2,4
2026-04-29 19:00:00+00:00,28.7,47.0,12.3,22.7,28.6,36.6,128.0,552.0,11.6,178,19,2,4
2026-04-29 20:00:00+00:00,26.7,57.0,10.9,25.8,31.4,46.9,98.0,525.0,11.1,168,20,2,4
2026-04-29 21:00:00+00:00,25.5,62.0,9.3,23.2,29.2,43.3,86.0,564.0,9.7,151,21,2,4
2026-04-29 22:00:00+00:00,24.9,64.0,8.1,21.3,27.6,32.7,82.0,632.0,7.8,128,22,2,4
2026-04-29 23:00:00+00:00,25.5,65.0,8.1,21.6,27.9,24.8,78.0,664.0,6.5,105,23,2,4
2026-04-30 00:00:00+00:00,25.3,65.0,6.2,22.9,29.3,23.4,70.0,619.0,6.4,89,0,3,4
2026-04-30 01:00:00+00:00,24.7,67.0,4.8,25.2,32.4,24.7,62.0,538.0,6.8,88,1,3,4
2026-04-30 02:00:00+00:00,24.2,69.0,4.1,29.0,37.3,26.5,54.0,476.0,7.3,87,2,3,4
2026-04-30 03:00:00+00:00,23.6,72.0,3.2,32.8,41.8,28.9,43.0,425.0,7.4,86,3,3,4
2026-04-30 04:00:00+00:00,23.0,76.0,3.1,35.9,44.8,31.8,32.0,392.0,7.6,86,4,3,4
2026-04-30 05:00:00+00:00,22.8,70.0,5.2,33.9,40.3,33.9,41.0,455.0,7.7,86,5,3,4
2026-04-30 06:00:00+00:00,23.0,70.0,3.8,29.7,34.9,29.9,56.0,735.0,8.0,85,6,3,4
2026-04-30 07:00:00+00:00,24.3,65.0,2.9,26.8,32.1,24.1,78.0,1112.0,8.4,84,7,3,4
2026-04-30 08:00:00+00:00,27.1,54.0,5.7,22.9,33.8,18.6,102.0,1300.0,8.9,83,8,3,4
2026-04-30 09:00:00+00:00,30.2,41.0,6.6,20.8,36.4,13.5,130.0,1113.0,9.5,81,9,3,4
2026-04-30 10:00:00+00:00,32.2,34.0,5.5,19.8,36.6,8.6,160.0,738.0,10.0,80,10,3,4
2026-04-30 11:00:00+00:00,32.9,31.0,1.8,19.1,34.2,5.1,182.0,452.0,10.2,79,11,3,4
2026-04-30 12:00:00+00:00,34.2,28.0,3.1,17.5,31.3,3.6,191.0,371.0,9.7,79,12,3,4
2026-04-30 13:00:00+00:00,34.7,25.0,3.0,16.2,29.5,3.5,191.0,380.0,8.7,78,13,3,4
2026-04-30 14:00:00+00:00,29.7,40.0,17.5,16.2,29.8,3.8,188.0,410.0,8.0,98,14,3,4
2026-04-30 15:00:00+00:00,26.1,54.0,1.6,15.8,28.9,2.9,184.0,428.0,7.5,126,15,3,4
2026-04-30 16:00:00+00:00,28.0,47.0,2.0,14.4,28.4,2.5,177.0,467.0,7.3,149,16,3,4
2026-04-30 17:00:00+00:00,33.7,25.0,10.5,15.3,25.1,7.9,187.0,563.0,10.6,161,17,3,4
2026-04-30 18:00:00+00:00,31.9,29.0,9.5,15.5,26.1,38.1,146.0,777.0,12.3,170,18,3,4
2026-04-30 19:00:00+00:00,30.1,37.0,8.1,30.2,39.0,78.9,90.0,1047.0,14.6,168,19,3,4
2026-04-30 20:00:00+00:00,28.6,41.0,4.7,43.8,52.6,103.6,51.0,1220.0,16.0,153,20,3,4
2026-04-30 21:00:00+00:00,27.5,43.0,6.2,41.3,49.5,96.5,46.0,1221.0,15.7,125,21,3,4
2026-04-30 22:00:00+00:00,26.5,46.0,4.1,36.1,44.9,73.3,57.0,1125.0,14.5,94,22,3,4
2026-04-30 23:00:00+00:00,28.0,43.0,8.7,35.3,46.3,53.6,66.0,1005.0,13.2,80,23,3,4
2026-05-01 00:00:00+00:00,27.6,43.0,8.8,36.7,52.6,45.2,63.0,865.0,12.1,81,0,4,5
2026-05-01 01:00:00+00:00,26.5,46.0,7.5,39.7,67.8,40.3,57.0,702.0,11.0,83,1,4,5
2026-05-01 02:00:00+00:00,25.3,49.0,5.7,42.7,90.6,35.6,53.0,576.0,10.2,84,2,4,5
2026-05-01 03:00:00+00:00,24.1,55.0,7.2,45.9,124.3,29.4,52.0,503.0,9.8,85,3,4,5
2026-05-01 04:00:00+00:00,23.5,58.0,2.7,52.0,174.6,23.3,52.0,468.0,9.7,86,4,4,5
2026-05-01 05:00:00+00:00,23.0,62.0,8.3,53.9,101.7,49.6,21.0,486.0,9.7,87,5,4,5
2026-05-01 06:00:00+00:00,23.7,58.0,7.7,52.3,103.8,45.5,40.0,609.0,11.3,89,6,4,5
2026-05-01 07:00:00+00:00,25.3,55.0,8.7,60.1,147.1,39.6,68.0,786.0,13.4,90,7,4,5
2026-05-01 08:00:00+00:00,27.4,52.0,8.9,80.3,314.8,32.4,98.0,881.0,14.7,93,8,4,5
2026-05-01 09:00:00+00:00,29.8,45.0,7.7,82.0,351.1,22.9,133.0,812.0,14.6,98,9,4,5
2026-05-01 10:00:00+00:00,32.0,39.0,6.4,53.1,203.0,12.1,171.0,660.0,13.6,103,10,4,5
2026-05-01 11:00:00+00:00,32.8,34.0,3.3,35.0,119.2,4.4,198.0,536.0,12.5,107,11,4,5
2026-05-01 12:00:00+00:00,35.0,28.0,0.6,26.8,86.4,1.9,207.0,476.0,11.3,108,12,4,5
2026-05-01 13:00:00+00:00,35.8,25.0,2.4,21.1,61.2,2.5,204.0,443.0,9.8,109,13,4,5
2026-05-01 14:00:00+00:00,36.3,23.0,4.7,17.8,41.8,3.4,199.0,435.0,8.7,110,14,4,5
2026-05-01 15:00:00+00:00,36.5,23.0,5.7,15.7,29.3,2.9,195.0,425.0,8.0,138,15,4,5
2026-05-01 16:00:00+00:00,36.3,21.0,6.6,14.5,24.3,2.9,188.0,440.0,7.7,162,16,4,5
2026-05-01 17:00:00+00:00,36.2,19.0,6.2,16.5,39.3,6.5,202.0,556.0,9.1,176,17,4,5
2026-05-01 18:00:00+00:00,34.7,23.0,10.7,15.4,28.5,18.0,171.0,887.0,9.6,187,18,4,5
2026-05-01 19:00:00+00:00,32.8,26.0,7.6,22.1,28.5,33.9,128.0,1320.0,10.3,187,19,4,5
2026-05-01 20:00:00+00:00,31.9,25.0,4.2,26.2,30.4,46.2,93.0,1586.0,10.8,176,20,4,5
2026-05-01 21:00:00+00:00,31.0,27.0,3.6,27.9,31.9,52.3,73.0,1544.0,11.0,158,21,4,5
2026-05-01 22:00:00+00:00,29.7,29.0,4.2,31.4,35.9,54.7,61.0,1335.0,10.9,132,22,4,5
2026-05-01 23:00:00+00:00,28.6,37.0,5.6,34.7,39.7,53.7,54.0,1122.0,10.6,105,23,4,5
2026-05-02 00:00:00+00:00,28.2,42.0,7.1,35.9,41.9,47.5,52.0,937.0,9.8,105,0,5,5
2026-05-02 01:00:00+00:00,27.5,45.0,6.5,34.9,42.0,37.7,54.0,746.0,8.8,105,1,5,5
2026-05-02 02:00:00+00:00,26.4,49.0,4.4,33.8,41.2,29.5,57.0,611.0,7.9,105,2,5,5
2026-05-02 03:00:00+00:00,25.4,53.0,3.8,32.2,40.0,24.4,57.0,535.0,7.4,104,3,5,5
2026-05-02 04:00:00+00:00,24.7,56.0,4.2,30.6,38.3,20.8,58.0,514.0,7.0,102,4,5,5
2026-05-02 05:00:00+00:00,25.0,49.0,2.7,44.6,51.0,35.2,38.0,600.0,9.9,100,5,5,5
2026-05-02 06:00:00+00:00,25.4,49.0,6.6,44.4,54.1,34.5,59.0,920.0,11.0,99,6,5,5
2026-05-02 07:00:00+00:00,27.1,46.0,3.8,45.1,55.8,33.1,89.0,1347.0,12.5,99,7,5,5
2026-05-02 08:00:00+00:00,30.3,39.0,2.4,43.9,68.7,29.5,119.0,1550.0,13.2,98,8,5,5
2026-05-02 09:00:00+00:00,33.5,31.0,2.4,32.4,63.6,21.5,149.0,1310.0,12.5,95,9,5,5
2026-05-02 10:00:00+00:00,35.6,23.0,1.8,19.7,37.7,11.3,180.0,845.0,11.0,91,10,5,5
2026-05-02 11:00:00+00:00,35.4,23.0,2.0,17.9,32.2,3.9,202.0,485.0,9.9,88,11,5,5
2026-05-02 12:00:00+00:00,37.1,20.0,3.1,17.5,31.0,1.7,210.0,357.0,9.6,87,12,5,5
2026-05-02 13:00:00+00:00,37.9,19.0,5.0,17.8,31.8,2.4,209.0,333.0,9.7,89,13,5,5
2026-05-02 14:00:00+00:00,38.2,19.0,6.5,18.3,34.0,3.4,206.0,357.0,10.0,125,14,5,5
2026-05-02 15:00:00+00:00,38.4,18.0,5.1,19.0,36.0,3.2,204.0,424.0,10.4,155,15,5,5
2026-05-02 16:00:00+00:00,38.2,18.0,3.8,19.6,37.3,3.4,200.0,538.0,10.9,173,16,5,5
2026-05-02 17:00:00+00:00,37.9,13.0,2.8,21.1,40.5,6.8,212.0,654.0,9.7,186,17,5,5
2026-05-02 18:00:00+00:00,36.4,18.0,6.9,21.2,38.0,28.7,174.0,778.0,11.4,196,18,5,5
2026-05-02 19:00:00+00:00,34.1,23.0,5.9,31.2,44.8,58.4,122.0,905.0,13.6,195,19,5,5
2026-05-02 20:00:00+00:00,33.2,23.0,4.8,42.1,55.6,76.5,84.0,969.0,14.7,183,20,5,5
2026-05-02 21:00:00+00:00,32.3,24.0,7.4,50.1,62.9,72.5,73.0,929.0,13.8,162,21,5,5
2026-05-02 22:00:00+00:00,30.7,27.0,10.8,46.3,56.0,56.8,76.0,826.0,11.9,138,22,5,5
2026-05-02 23:00:00+00:00,29.6,33.0,9.7,34.2,41.4,41.7,81.0,724.0,10.0,110,23,5,5
2026-05-03 00:00:00+00:00,29.0,37.0,10.7,26.7,33.6,30.3,85.0,632.0,8.2,92,0,6,5
2026-05-03 01:00:00+00:00,28.6,38.0,10.5,24.0,31.1,19.4,91.0,540.0,6.5,92,1,6,5
2026-05-03 02:00:00+00:00,27.3,42.0,2.4,24.0,30.9,12.0,94.0,485.0,5.6,91,2,6,5
2026-05-03 03:00:00+00:00,26.7,43.0,6.3,25.3,31.8,10.0,90.0,491.0,6.1,90,3,6,5
2026-05-03 04:00:00+00:00,26.0,46.0,6.1,26.9,33.3,11.4,82.0,533.0,7.5,89,4,6,5
2026-05-03 05:00:00+00:00,23.8,57.0,21.0,24.4,27.2,16.4,66.0,575.0,5.4,89,5,6,5
2026-05-03 06:00:00+00:00,23.5,59.0,15.9,24.9,30.3,18.5,74.0,621.0,6.8,88,6,6,5
2026-05-03 07:00:00+00:00,24.8,55.0,13.5,28.0,32.7,21.2,87.0,667.0,8.8,86,7,6,5
2026-05-03 08:00:00+00:00,27.0,48.0,16.5,29.5,36.7,21.4,105.0,665.0,10.8,85,8,6,5
2026-05-03 09:00:00+00:00,29.3,41.0,17.6,32.6,52.2,16.8,135.0,568.0,12.8,83,9,6,5
2026-05-03 10:00:00+00:00,31.9,34.0,19.5,34.2,78.9,9.9,171.0,423.0,14.8,84,10,6,5
2026-05-03 11:00:00+00:00,31.4,33.0,18.6,36.3,107.3,4.6,196.0,317.0,15.6,85,11,6,5
2026-05-03 12:00:00+00:00,32.7,32.0,17.4,39.1,127.1,2.7,201.0,286.0,14.4,86,12,6,5
2026-05-03 13:00:00+00:00,34.0,30.0,13.9,42.3,152.3,2.6,195.0,294.0,12.1,88,13,6,5
2026-05-03 14:00:00+00:00,33.4,28.0,5.7,45.6,180.2,3.1,188.0,320.0,10.3,114,14,6,5
2026-05-03 15:00:00+00:00,33.5,28.0,7.0,48.1,198.4,3.6,185.0,368.0,9.7,138,15,6,5
2026-05-03 16:00:00+00:00,33.3,28.0,10.2,49.4,207.7,4.8,181.0,434.0,9.6,157,16,6,5
2026-05-03 17:00:00+00:00,31.4,34.0,4.2,40.0,202.6,8.4,163.0,488.0,9.7,169,17,6,5
2026-05-03 18:00:00+00:00,31.0,34.0,15.3,43.8,194.6,15.6,143.0,510.0,9.5,173,18,6,5
2026-05-03 19:00:00+00:00,29.2,39.0,8.9,47.5,161.6,25.4,115.0,519.0,9.3,169,19,6,5
2026-05-03 20:00:00+00:00,28.5,42.0,7.8,48.8,154.1,31.3,96.0,544.0,9.0,156,20,6,5
2026-05-03 21:00:00+00:00,28.3,42.0,8.9,51.6,188.1,29.6,93.0,619.0,8.6,136,21,6,5
2026-05-03 22:00:00+00:00,28.0,42.0,8.8,56.1,231.9,23.9,98.0,709.0,8.1,114,22,6,5
2026-05-03 23:00:00+00:00,26.7,47.0,12.0,59.8,255.2,19.0,103.0,744.0,7.7,103,23,6,5
2026-05-04 00:00:00+00:00,27.0,43.0,7.4,60.8,254.3,16.5,104.0,669.0,7.5,106,0,0,5
2026-05-04 01:00:00+00:00,23.3,62.0,14.3,58.2,236.6,14.7,104.0,537.0,7.3,109,1,0,5
2026-05-04 02:00:00+00:00,23.3,63.0,13.5,55.5,218.9,12.9,106.0,438.0,7.1,113,2,0,5
2026-05-04 03:00:00+00:00,23.8,62.0,6.6,52.6,199.8,10.2,111.0,404.0,6.7,116,3,0,5
2026-05-04 04:00:00+00:00,23.3,64.0,5.1,47.4,168.6,7.5,117.0,401.0,6.3,119,4,0,5
2026-05-04 05:00:00+00:00,24.5,65.0,2.9,21.2,34.0,6.6,124.0,424.0,4.4,121,5,0,5
2026-05-04 06:00:00+00:00,25.6,53.0,12.6,17.5,20.0,8.1,123.0,492.0,6.3,121,6,0,5
2026-05-04 07:00:00+00:00,25.9,59.0,13.2,23.3,40.9,10.1,121.0,584.0,8.9,120,7,0,5
2026-05-04 08:00:00+00:00,27.1,53.0,9.9,70.8,317.6,10.8,124.0,631.0,10.6,120,8,0,5
2026-05-04 09:00:00+00:00,29.1,45.0,10.7,78.0,344.6,9.0,134.0,589.0,10.5,124,9,0,5
2026-05-04 10:00:00+00:00,30.8,39.0,15.0,61.2,252.4,5.9,147.0,502.0,9.6,129,10,0,5
2026-05-04 11:00:00+00:00,31.7,34.0,14.6,51.2,207.7,3.8,158.0,432.0,8.8,132,11,0,5
2026-05-04 12:00:00+00:00,32.7,30.0,14.8,48.8,213.3,3.6,164.0,401.0,8.7,133,12,0,5
2026-05-04 13:00:00+00:00,33.8,26.0,14.1,47.8,205.4,4.3,168.0,388.0,8.8,134,13,0,5
2026-05-04 14:00:00+00:00,30.1,32.0,20.5,46.4,191.4,5.1,168.0,393.0,8.7,135,14,0,5
2026-05-04 15:00:00+00:00,25.2,58.0,10.4,43.0,175.1,5.6,164.0,423.0,8.1,135,15,0,5
2026-05-04 16:00:00+00:00,24.6,67.0,14.6,39.8,163.4,6.3,156.0,471.0,7.2,134,16,0,5
2026-05-04 17:00:00+00:00,28.6,43.0,9.4,29.2,111.8,6.7,159.0,517.0,6.8,134,17,0,5
2026-05-04 18:00:00+00:00,25.0,53.0,25.8,28.9,102.0,18.3,139.0,562.0,7.6,140,18,0,5
2026-05-04 19:00:00+00:00,23.1,62.0,14.6,30.0,92.4,33.9,111.0,606.0,8.7,138,19,0,5
2026-05-04 20:00:00+00:00,22.9,61.0,9.7,39.6,97.8,43.5,90.0,625.0,9.6,129,20,0,5
2026-05-04 21:00:00+00:00,23.0,60.0,9.5,52.4,107.3,41.5,84.0,602.0,9.8,128,21,0,5
2026-05-04 22:00:00+00:00,22.8,59.0,9.8,53.9,110.1,33.3,85.0,554.0,9.8,128,22,0,5
2026-05-04 23:00:00+00:00,20.0,89.0,3.1,42.8,116.6,25.4,88.0,509.0,10.1,128,23,0,5
2026-05-05 00:00:00+00:00,19.9,85.0,5.5,39.8,116.9,19.2,94.0,473.0,11.3,126,0,1,5
2026-05-05 01:00:00+00:00,19.9,83.0,5.1,36.3,100.8,13.3,102.0,441.0,12.9,124,1,1,5
2026-05-05 02:00:00+00:00,19.9,82.0,5.4,32.8,80.3,9.5,106.0,421.0,14.1,121,2,1,5
2026-05-05 03:00:00+00:00,19.9,81.0,8.3,30.4,65.2,9.1,99.0,414.0,14.4,119,3,1,5
2026-05-05 04:00:00+00:00,19.9,79.0,5.6,30.7,60.8,10.8,87.0,419.0,14.2,117,4,1,5
2026-05-05 05:00:00+00:00,20.6,77.0,8.0,21.2,21.6,6.1,117.0,446.0,9.1,115,5,1,5
2026-05-05 06:00:00+00:00,20.7,76.0,10.8,23.5,30.7,8.3,118.0,523.0,10.3,115,6,1,5
2026-05-05 07:00:00+00:00,21.4,71.0,12.2,25.1,42.5,11.1,119.0,622.0,11.9,116,7,1,5
2026-05-05 08:00:00+00:00,22.7,69.0,7.4,25.7,60.5,12.3,125.0,671.0,12.6,116,8,1,5
2026-05-05 09:00:00+00:00,24.7,67.0,6.7,29.9,95.9,10.1,140.0,625.0,11.7,111,9,1,5
2026-05-05 10:00:00+00:00,26.8,62.0,6.3,34.1,132.2,6.2,159.0,529.0,9.9,106,10,1,5
2026-05-05 11:00:00+00:00,28.3,51.0,3.2,36.6,147.1,3.3,174.0,450.0,8.4,103,11,1,5
2026-05-05 12:00:00+00:00,29.7,44.0,1.1,36.3,144.8,2.5,180.0,398.0,7.7,102,12,1,5
2026-05-05 13:00:00+00:00,30.7,38.0,0.2,35.9,142.0,2.6,180.0,363.0,7.2,107,13,1,5
2026-05-05 14:00:00+00:00,31.1,36.0,1.0,35.5,138.8,3.1,180.0,385.0,6.9,121,14,1,5
2026-05-05 15:00:00+00:00,31.2,35.0,2.5,34.8,135.0,2.2,182.0,394.0,6.6,134,15,1,5
2026-05-05 16:00:00+00:00,30.9,36.0,4.0,33.2,127.1,1.8,183.0,460.0,6.5,147,16,1,5
2026-05-05 17:00:00+00:00,29.9,38.0,9.5,18.8,71.5,6.0,170.0,829.0,4.6,157,17,1,5
2026-05-05 18:00:00+00:00,28.0,46.0,9.4,18.5,63.3,30.7,137.0,1820.0,6.6,162,18,1,5
2026-05-05 19:00:00+00:00,26.3,54.0,5.8,27.3,62.2,64.5,90.0,3114.0,9.3,158,19,1,5
2026-05-05 20:00:00+00:00,26.2,57.0,3.3,42.7,77.3,88.2,55.0,4005.0,11.5,143,20,1,5
2026-05-05 21:00:00+00:00,25.6,57.0,2.0,52.5,85.7,91.8,42.0,4197.0,12.6,117,21,1,5
2026-05-05 22:00:00+00:00,24.9,58.0,2.2,55.8,86.8,85.3,40.0,3985.0,13.1,96,22,1,5
2026-05-05 23:00:00+00:00,24.4,61.0,6.1,53.6,82.7,79.4,38.0,3547.0,13.1,96,23,1,5
2026-05-06 00:00:00+00:00,24.5,62.0,5.7,51.5,80.3,78.0,33.0,2780.0,12.5,97,0,2,5
2026-05-06 01:00:00+00:00,23.7,64.0,5.5,51.7,82.0,77.3,28.0,1787.0,11.4,98,1,2,5
2026-05-06 02:00:00+00:00,23.2,65.0,4.4,52.7,84.1,76.5,24.0,1060.0,10.5,99,2,2,5
2026-05-06 03:00:00+00:00,22.5,66.0,2.4,52.9,83.4,76.3,16.0,810.0,9.8,101,3,2,5
2026-05-06 04:00:00+00:00,21.7,70.0,0.8,52.7,82.2,76.0,8.0,827.0,9.4,103,4,2,5
2026-05-06 05:00:00+00:00,20.9,80.0,3.6,44.5,62.6,45.3,31.0,968.0,7.1,105,5,2,5
2026-05-06 06:00:00+00:00,21.9,76.0,3.5,49.5,68.7,42.3,50.0,1321.0,8.3,108,6,2,5
2026-05-06 07:00:00+00:00,23.5,71.0,3.2,50.2,69.8,37.7,78.0,1799.0,9.8,110,7,2,5
2026-05-06 08:00:00+00:00,26.3,59.0,1.9,44.6,73.6,31.6,108.0,2002.0,10.9,113,8,2,5
2026-05-06 09:00:00+00:00,28.5,49.0,0.3,31.0,61.5,22.5,141.0,1656.0,10.9,115,9,2,5
2026-05-06 10:00:00+00:00,30.1,39.0,2.5,22.7,55.4,11.8,175.0,1035.0,10.4,115,10,2,5
2026-05-06 11:00:00+00:00,31.0,34.0,3.3,21.0,52.9,4.1,199.0,558.0,9.9,114,11,2,5
2026-05-06 12:00:00+00:00,31.9,33.0,3.9,20.4,50.4,1.8,208.0,391.0,9.5,112,12,2,5
2026-05-06 13:00:00+00:00,32.3,31.0,4.6,19.9,47.7,2.4,207.0,369.0,9.2,111,13,2,5
2026-05-06 14:00:00+00:00,32.6,31.0,3.3,19.4,45.5,3.4,203.0,409.0,8.8,115,14,2,5
2026-05-06 15:00:00+00:00,33.0,30.0,2.8,18.7,43.8,2.6,201.0,433.0,8.4,147,15,2,5
2026-05-06 16:00:00+00:00,32.6,30.0,6.4,18.2,42.3,2.1,197.0,519.0,7.9,167,16,2,5
2026-05-06 17:00:00+00:00,31.9,32.0,11.0,15.6,32.0,6.3,203.0,827.0,9.5,182,17,2,5
2026-05-06 18:00:00+00:00,29.6,37.0,8.9,15.7,32.0,18.3,176.0,1666.0,10.1,191,18,2,5
2026-05-06 19:00:00+00:00,27.1,46.0,6.6,21.2,33.6,35.4,139.0,2726.0,10.9,192,19,2,5
2026-05-06 20:00:00+00:00,26.6,50.0,5.8,30.9,43.9,51.7,104.0,3233.0,11.9,182,20,2,5
2026-05-06 21:00:00+00:00,26.0,53.0,5.4,40.2,53.7,68.4,75.0,2658.0,13.6,165,21,2,5
2026-05-06 22:00:00+00:00,25.8,56.0,1.4,52.0,65.2,84.4,50.0,1531.0,15.4,143,22,2,5
2026-05-06 23:00:00+00:00,26.9,50.0,0.7,59.4,70.8,90.3,34.0,664.0,16.1,110,23,2,5
2026-05-07 00:00:00+00:00,24.5,57.0,5.4,52.4,60.3,78.5,35.0,405.0,14.7,100,0,3,5
2026-05-07 01:00:00+00:00,23.3,61.0,8.3,42.1,47.0,56.7,45.0,406.0,12.1,101,1,3,5
2026-05-07 02:00:00+00:00,22.8,66.0,8.1,35.2,38.9,38.6,55.0,439.0,9.9,100,2,3,5
2026-05-07 03:00:00+00:00,22.4,70.0,7.3,31.8,35.4,29.3,58.0,404.0,8.6,98,3,3,5
2026-05-07 04:00:00+00:00,21.9,72.0,6.9,30.4,34.6,23.6,59.0,402.0,7.8,97,4,3,5
2026-05-07 05:00:00+00:00,20.9,75.0,6.1,19.4,19.6,13.9,81.0,505.0,7.0,95,5,3,5
2026-05-07 06:00:00+00:00,21.5,73.0,6.8,23.5,30.2,15.4,88.0,849.0,8.8,93,6,3,5
2026-05-07 07:00:00+00:00,23.3,68.0,7.4,31.9,67.8,17.2,100.0,1299.0,11.2,91,7,3,5
2026-05-07 08:00:00+00:00,26.0,59.0,6.0,52.6,197.0,17.1,116.0,1518.0,12.8,89,8,3,5
2026-05-07 09:00:00+00:00,29.0,48.0,6.8,61.9,259.8,13.3,142.0,1280.0,12.9,90,9,3,5
2026-05-07 10:00:00+00:00,31.2,38.0,9.7,51.6,202.1,7.6,173.0,812.0,12.2,92,10,3,5
2026-05-07 11:00:00+00:00,32.1,35.0,9.7,43.0,155.5,3.4,195.0,459.0,11.4,95,11,3,5
2026-05-07 12:00:00+00:00,32.9,32.0,9.1,39.3,143.0,2.1,201.0,362.0,10.6,96,12,3,5
2026-05-07 13:00:00+00:00,33.7,30.0,7.8,38.2,142.5,2.4,198.0,380.0,9.6,100,13,3,5
2026-05-07 14:00:00+00:00,34.2,27.0,6.6,38.2,148.1,3.0,194.0,439.0,9.0,125,14,3,5
2026-05-07 15:00:00+00:00,34.0,27.0,8.4,38.6,155.5,3.7,194.0,519.0,8.9,147,15,3,5
2026-05-07 16:00:00+00:00,33.7,27.0,8.3,39.3,162.1,4.8,193.0,639.0,9.0,163,16,3,5
2026-05-07 17:00:00+00:00,34.4,18.0,0.6,51.0,232.8,6.2,194.0,782.0,9.0,175,17,3,5
2026-05-07 18:00:00+00:00,31.6,32.0,4.9,53.8,258.9,9.3,181.0,995.0,9.4,183,18,3,5
2026-05-07 19:00:00+00:00,28.9,36.0,11.2,57.3,241.2,13.5,162.0,1231.0,9.9,185,19,3,5
2026-05-07 20:00:00+00:00,27.7,39.0,11.0,61.7,248.7,16.0,149.0,1330.0,10.7,179,20,3,5
2026-05-07 21:00:00+00:00,26.6,42.0,10.4,61.0,235.6,15.3,147.0,1175.0,12.1,171,21,3,5
2026-05-07 22:00:00+00:00,25.6,48.0,10.6,57.3,214.7,13.0,149.0,883.0,13.7,163,22,3,5
2026-05-07 23:00:00+00:00,25.5,54.0,10.3,54.6,207.7,11.0,149.0,643.0,14.8,156,23,3,5
2026-05-08 00:00:00+00:00,25.6,56.0,9.9,54.1,211.4,10.0,143.0,525.0,14.8,148,0,4,5
2026-05-08 01:00:00+00:00,25.1,60.0,10.4,57.0,225.4,9.3,134.0,460.0,14.3,138,1,4,5
2026-05-08 02:00:00+00:00,24.6,64.0,9.7,61.9,243.1,9.0,125.0,421.0,13.7,125,2,4,5
2026-05-08 03:00:00+00:00,24.0,67.0,8.7,66.6,259.8,9.0,116.0,399.0,13.1,127,3,4,5
2026-05-08 04:00:00+00:00,23.5,69.0,8.0,70.5,271.9,9.4,108.0,405.0,12.4,130,4,4,5
2026-05-08 05:00:00+00:00,22.7,73.0,6.8,79.6,368.8,10.5,106.0,444.0,13.8,135,5,4,5
2026-05-08 06:00:00+00:00,22.9,73.0,8.5,80.8,340.9,11.4,111.0,556.0,14.1,141,6,4,5
2026-05-08 07:00:00+00:00,24.1,68.0,8.3,82.9,379.0,12.4,120.0,702.0,14.5,147,7,4,5
2026-05-08 08:00:00+00:00,26.0,62.0,9.2,75.0,339.0,12.3,132.0,773.0,14.6,151,8,4,5
2026-05-08 09:00:00+00:00,28.3,54.0,9.5,68.0,324.1,9.9,152.0,694.0,14.3,151,9,4,5
2026-05-08 10:00:00+00:00,30.6,44.0,9.8,71.7,398.6,6.2,176.0,541.0,13.7,151,10,4,5
2026-05-08 11:00:00+00:00,31.6,41.0,8.0,66.4,366.0,3.6,194.0,428.0,13.0,152,11,4,5
2026-05-08 12:00:00+00:00,32.9,37.0,6.6,58.7,309.2,2.9,200.0,402.0,12.1,153,12,4,5
2026-05-08 13:00:00+00:00,33.8,34.0,5.0,53.7,271.0,3.1,200.0,416.0,11.1,153,13,4,5
2026-05-08 14:00:00+00:00,34.3,32.0,2.6,50.3,242.1,3.7,198.0,452.0,10.4,156,14,4,5
2026-05-08 15:00:00+00:00,34.0,32.0,3.7,47.8,219.8,4.2,197.0,486.0,10.1,158,15,4,5
2026-05-08 16:00:00+00:00,33.1,34.0,4.2,46.0,204.9,5.1,195.0,542.0,10.0,169,16,4,5
2026-05-08 17:00:00+00:00,34.0,28.0,4.8,60.3,271.9,7.3,200.0,669.0,9.6,179,17,4,5
2026-05-08 18:00:00+00:00,33.3,30.0,5.2,58.3,250.5,16.3,173.0,961.0,9.6,186,18,4,5
2026-05-08 19:00:00+00:00,31.2,36.0,8.1,57.6,198.8,28.4,137.0,1323.0,9.7,186,19,4,5
2026-05-08 20:00:00+00:00,29.9,40.0,11.3,59.1,175.1,35.4,111.0,1525.0,10.0,177,20,4,5
2026-05-08 21:00:00+00:00,28.7,43.0,9.4,53.6,130.4,32.2,108.0,1424.0,10.6,162,21,4,5
2026-05-08 22:00:00+00:00,27.8,46.0,7.2,50.4,103.4,23.8,115.0,1161.0,11.4,156,22,4,5
2026-05-08 23:00:00+00:00,27.7,50.0,6.3,49.2,93.6,16.9,121.0,932.0,12.5,155,23,4,5
2026-05-09 00:00:00+00:00,26.9,52.0,5.8,48.5,92.4,13.9,121.0,802.0,14.2,154,0,5,5
2026-05-09 01:00:00+00:00,25.9,60.0,3.6,48.0,92.4,12.3,120.0,705.0,16.1,154,1,5,5
2026-05-09 02:00:00+00:00,25.5,58.0,3.5,47.0,89.9,11.5,117.0,634.0,17.6,154,2,5,5
2026-05-09 03:00:00+00:00,24.8,61.0,4.1,46.2,86.1,11.2,109.0,566.0,18.3,154,3,5,5
2026-05-09 04:00:00+00:00,24.3,63.0,4.6,45.8,82.7,11.7,98.0,523.0,18.6,153,4,5,5
2026-05-09 05:00:00+00:00,24.5,65.0,6.4,43.3,43.3,12.8,92.0,566.0,17.9,152,5,5,5
2026-05-09 06:00:00+00:00,24.8,64.0,6.6,44.1,46.1,14.4,100.0,799.0,18.6,151,6,5,5
2026-05-09 07:00:00+00:00,26.3,60.0,5.5,43.9,59.4,16.4,113.0,1118.0,19.5,150,7,5,5
2026-05-09 08:00:00+00:00,28.9,53.0,4.8,43.4,113.9,16.6,131.0,1273.0,20.0,146,8,5,5
2026-05-09 09:00:00+00:00,31.6,45.0,5.1,64.0,327.8,13.1,158.0,1097.0,19.6,143,9,5,5
2026-05-09 10:00:00+00:00,33.8,36.0,5.3,86.4,525.3,7.8,190.0,756.0,18.8,142,10,5,5
2026-05-09 11:00:00+00:00,34.0,36.0,4.8,85.2,478.7,3.9,214.0,503.0,17.9,144,11,5,5
2026-05-09 12:00:00+00:00,35.7,32.0,3.1,83.1,436.8,2.7,223.0,450.0,16.9,146,12,5,5
2026-05-09 13:00:00+00:00,36.4,30.0,3.3,79.4,392.1,2.8,224.0,485.0,15.9,148,13,5,5
2026-05-09 14:00:00+00:00,36.9,28.0,3.6,74.3,343.7,3.3,223.0,518.0,15.2,153,14,5,5
2026-05-09 15:00:00+00:00,37.1,27.0,5.1,69.2,302.7,1.2,225.0,463.0,14.8,173,15,5,5
2026-05-09 16:00:00+00:00,37.1,28.0,7.2,65.9,273.8,0.0,224.0,407.0,14.7,191,16,5,5
2026-05-09 17:00:00+00:00,36.7,27.0,6.7,76.8,322.2,7.2,216.0,525.0,13.3,202,17,5,5
2026-05-09 18:00:00+00:00,35.7,29.0,6.6,75.9,303.6,30.2,182.0,1013.0,15.3,206,18,5,5
2026-05-09 19:00:00+00:00,33.9,33.0,5.2,86.1,303.6,61.3,135.0,1677.0,17.9,206,19,5,5
2026-05-09 20:00:00+00:00,33.0,36.0,7.3,101.0,315.7,81.1,98.0,2104.0,19.1,200,20,5,5
2026-05-09 21:00:00+00:00,32.1,38.0,6.7,101.5,299.0,79.1,79.0,2091.0,17.7,181,21,5,5
2026-05-09 22:00:00+00:00,30.3,43.0,7.5,93.8,253.3,65.8,69.0,1842.0,14.9,158,22,5,5
2026-05-09 23:00:00+00:00,29.7,48.0,4.6,82.0,197.4,52.4,65.0,1561.0,12.4,158,23,5,5
2026-05-10 00:00:00+00:00,29.3,49.0,6.4,72.6,162.1,42.1,67.0,1277.0,10.5,159,0,6,5
2026-05-10 01:00:00+00:00,28.6,51.0,5.8,66.4,146.7,31.9,74.0,960.0,8.8,160,1,6,5
2026-05-10 02:00:00+00:00,28.0,53.0,4.1,64.0,154.6,23.8,79.0,726.0,7.7,160,2,6,5
2026-05-10 03:00:00+00:00,27.6,54.0,5.9,64.7,176.0,18.9,79.0,620.0,7.4,161,3,6,5
2026-05-10 04:00:00+00:00,27.3,55.0,5.9,66.1,201.2,16.2,78.0,596.0,7.7,161,4,6,5
2026-05-10 05:00:00+00:00,27.1,59.0,3.7,76.4,248.7,16.3,75.0,639.0,8.2,162,5,6,5
2026-05-10 06:00:00+00:00,27.4,57.0,6.9,79.9,260.8,17.1,85.0,806.0,10.4,163,6,6,5
2026-05-10 07:00:00+00:00,28.7,53.0,7.2,91.3,354.8,18.0,100.0,1040.0,13.4,164,7,6,5
2026-05-10 08:00:00+00:00,30.9,47.0,7.5,99.7,421.0,17.3,121.0,1146.0,16.1,166,8,6,5
2026-05-10 09:00:00+00:00,33.4,41.0,6.9,102.4,465.7,13.5,153.0,996.0,18.2,173,9,6,5
2026-05-10 10:00:00+00:00,35.7,33.0,6.9,101.5,488.0,8.1,190.0,719.0,19.9,175,10,6,5
2026-05-10 11:00:00+00:00,36.3,32.0,5.4,94.5,420.0,4.2,217.0,512.0,20.7,175,11,6,5
2026-05-10 12:00:00+00:00,37.9,29.0,4.4,87.5,363.2,3.0,225.0,460.0,20.0,173,12,6,5
2026-05-10 13:00:00+00:00,38.6,27.0,4.9,82.7,326.9,3.3,223.0,478.0,18.3,172,13,6,5
2026-05-10 14:00:00+00:00,38.9,26.0,7.3,78.5,299.0,3.9,219.0,507.0,16.9,171,14,6,5
2026-05-10 15:00:00+00:00,38.5,26.0,11.0,74.0,274.7,3.2,221.0,527.0,16.2,170,15,6,5
2026-05-10 16:00:00+00:00,37.4,27.0,10.8,69.4,250.5,2.9,221.0,559.0,15.8,188,16,6,5
2026-05-10 17:00:00+00:00,38.4,23.0,9.7,66.6,237.0,7.3,210.0,601.0,15.7,202,17,6,5
2026-05-10 18:00:00+00:00,37.2,25.0,10.6,65.0,220.3,22.1,176.0,664.0,16.1,205,18,6,5
2026-05-10 19:00:00+00:00,35.5,28.0,7.8,70.5,203.5,41.5,130.0,738.0,16.8,204,19,6,5
2026-05-10 20:00:00+00:00,33.9,36.0,8.3,77.5,204.4,53.0,97.0,793.0,16.9,197,20,6,5
2026-05-10 21:00:00+00:00,32.4,43.0,7.7,76.4,186.7,49.3,87.0,821.0,15.9,176,21,6,5
2026-05-10 22:00:00+00:00,31.5,46.0,8.7,76.8,188.6,37.6,89.0,829.0,14.4,167,22,6,5
2026-05-10 23:00:00+00:00,31.0,47.0,10.0,77.1,194.2,27.1,93.0,809.0,13.0,167,23,6,5
2026-05-11 00:00:00+00:00,30.3,53.0,4.5,75.9,202.6,20.8,96.0,737.0,11.9,166,0,0,5
2026-05-11 01:00:00+00:00,27.5,66.0,12.6,75.0,216.5,15.7,101.0,636.0,10.9,166,1,0,5
2026-05-11 02:00:00+00:00,25.6,79.0,8.6,74.7,224.0,12.1,104.0,575.0,10.5,167,2,0,5
2026-05-11 03:00:00+00:00,25.8,77.0,9.2,74.5,224.4,10.4,102.0,587.0,11.1,167,3,0,5
2026-05-11 04:00:00+00:00,25.8,76.0,9.3,75.4,231.0,10.1,99.0,639.0,12.3,167,4,0,5
2026-05-11 05:00:00+00:00,24.1,73.0,16.6,68.9,116.6,12.9,99.0,689.0,10.4,168,5,0,5
2026-05-11 06:00:00+00:00,24.5,70.0,12.0,70.3,122.9,14.6,106.0,740.0,12.0,167,6,0,5
2026-05-11 07:00:00+00:00,25.6,66.0,11.4,71.2,137.8,16.7,117.0,789.0,14.1,167,7,0,5
2026-05-11 08:00:00+00:00,27.5,59.0,10.6,71.0,167.2,16.9,134.0,796.0,15.9,166,8,0,5
2026-05-11 09:00:00+00:00,30.5,49.0,10.7,70.8,244.9,13.3,161.0,718.0,16.9,166,9,0,5
2026-05-11 10:00:00+00:00,32.9,42.0,9.1,77.8,334.3,7.9,194.0,597.0,17.5,165,10,0,5
2026-05-11 11:00:00+00:00,32.8,45.0,3.1,84.8,418.2,3.9,217.0,513.0,17.6,164,11,0,5
2026-05-11 12:00:00+00:00,30.9,51.0,13.7,87.3,432.1,2.8,223.0,501.0,16.9,164,12,0,5
2026-05-11 13:00:00+00:00,29.2,59.0,14.7,84.8,406.1,3.1,219.0,526.0,15.8,164,13,0,5
2026-05-11 14:00:00+00:00,30.7,54.0,9.9,82.2,380.0,3.8,214.0,558.0,14.9,164,14,0,5
2026-05-11 15:00:00+00:00,32.1,49.0,9.9,78.9,350.2,3.1,213.0,580.0,14.6,173,15,0,5
2026-05-11 16:00:00+00:00,32.2,48.0,6.8,75.2,319.4,2.8,210.0,609.0,14.5,189,16,0,5
2026-05-11 17:00:00+00:00,33.7,41.0,4.7,60.5,224.0,7.1,195.0,664.0,12.2,200,17,0,5
2026-05-11 18:00:00+00:00,32.6,47.0,6.5,60.3,208.2,16.7,171.0,770.0,12.8,203,18,0,5
2026-05-11 19:00:00+00:00,31.4,54.0,6.3,64.5,174.2,30.3,137.0,902.0,13.7,201,19,0,5
2026-05-11 20:00:00+00:00,30.5,55.0,8.3,71.5,180.2,42.5,106.0,1006.0,14.3,190,20,0,5
2026-05-11 21:00:00+00:00,29.5,58.0,7.9,76.8,185.3,52.2,83.0,1070.0,14.6,171,21,0,5
2026-05-11 22:00:00+00:00,28.6,62.0,6.5,82.0,189.5,60.5,65.0,1107.0,14.7,164,22,0,5
2026-05-11 23:00:00+00:00,28.3,68.0,8.3,90.3,200.7,66.1,50.0,1092.0,14.6,164,23,0,5
2026-05-12 00:00:00+00:00,27.2,72.0,9.6,96.9,205.8,68.7,40.0,992.0,14.2,164,0,1,5
2026-05-12 01:00:00+00:00,26.8,69.0,9.2,100.4,201.6,68.5,34.0,841.0,13.5,165,1,1,5
2026-05-12 02:00:00+00:00,26.3,69.0,8.8,98.0,184.9,64.4,33.0,723.0,12.8,165,2,1,5
2026-05-12 03:00:00+00:00,25.6,72.0,5.2,93.1,163.9,53.5,37.0,652.0,11.9,166,3,1,5
2026-05-12 04:00:00+00:00,24.9,78.0,3.1,88.5,148.1,38.6,46.0,614.0,10.9,167,4,1,5
2026-05-12 05:00:00+00:00,24.9,71.0,7.3,78.7,119.7,26.9,61.0,653.0,10.6,167,5,1,5
2026-05-12 06:00:00+00:00,25.5,68.0,7.2,79.6,115.5,26.5,78.0,861.0,13.0,167,6,1,5
2026-05-12 07:00:00+00:00,27.1,65.0,5.6,79.2,114.6,25.8,102.0,1147.0,16.1,168,7,1,5
2026-05-12 08:00:00+00:00,29.9,54.0,5.1,68.7,105.5,23.2,125.0,1281.0,17.4,168,8,1,5
2026-05-12 09:00:00+00:00,32.3,43.0,6.7,52.7,80.3,17.1,144.0,1109.0,15.1,168,9,1,5
2026-05-12 10:00:00+00:00,34.3,36.0,7.1,46.6,82.9,9.2,162.0,786.0,11.0,167,10,1,5
2026-05-12 11:00:00+00:00,35.6,33.0,5.6,46.7,95.7,3.5,174.0,542.0,7.8,166,11,1,5
2026-05-12 12:00:00+00:00,36.3,31.0,3.9,44.8,97.6,1.9,176.0,475.0,6.6,165,12,1,5
2026-05-12 13:00:00+00:00,36.9,29.0,4.6,46.3,112.9,2.4,172.0,488.0,6.3,164,13,1,5
2026-05-12 14:00:00+00:00,36.7,28.0,6.6,48.2,125.3,3.5,168.0,523.0,6.4,163,14,1,5
2026-05-12 15:00:00+00:00,36.7,27.0,7.7,49.9,141.1,4.3,168.0,560.0,6.8,162,15,1,5
2026-05-12 16:00:00+00:00,36.8,26.0,7.3,50.5,132.2,5.6,167.0,619.0,7.5,161,16,1,5
2026-05-12 17:00:00+00:00,37.5,23.0,10.8,51.0,130.4,8.2,161.0,696.0,8.0,160,17,1,5
2026-05-12 18:00:00+00:00,36.3,26.0,11.6,52.2,132.7,13.6,144.0,812.0,8.2,160,18,1,5
2026-05-12 19:00:00+00:00,34.3,30.0,12.6,54.8,112.9,20.4,122.0,946.0,8.2,160,19,1,5
2026-05-12 20:00:00+00:00,33.1,31.0,7.3,55.4,103.1,25.1,104.0,1035.0,8.2,159,20,1,5
2026-05-12 21:00:00+00:00,31.7,35.0,7.2,56.2,104.3,25.7,96.0,1045.0,8.2,159,21,1,5
2026-05-12 22:00:00+00:00,30.5,39.0,6.3,58.8,109.2,24.2,93.0,1009.0,8.3,158,22,1,5
2026-05-12 23:00:00+00:00,31.0,44.0,6.6,61.2,111.3,23.0,90.0,962.0,8.3,158,23,1,5
2026-05-13 00:00:00+00:00,30.1,48.0,7.2,63.3,111.5,23.1,85.0,909.0,8.3,157,0,2,5
2026-05-13 01:00:00+00:00,29.4,52.0,5.9,64.7,112.2,23.5,79.0,844.0,8.4,156,1,2,5
2026-05-13 02:00:00+00:00,28.8,54.0,5.5,67.8,117.6,24.2,73.0,783.0,8.5,155,2,2,5
2026-05-13 03:00:00+00:00,28.0,58.0,4.3,73.3,123.9,25.3,65.0,702.0,8.6,154,3,2,5
2026-05-13 04:00:00+00:00,27.4,60.0,2.7,75.0,119.7,26.5,57.0,624.0,8.8,153,4,2,5
2026-05-13 05:00:00+00:00,28.0,58.0,5.8,56.5,57.7,26.1,41.0,637.0,9.9,153,5,2,5
2026-05-13 06:00:00+00:00,27.7,60.0,8.5,57.6,62.9,27.3,48.0,856.0,10.8,152,6,2,5
2026-05-13 07:00:00+00:00,29.1,58.0,6.3,58.7,67.3,28.7,59.0,1166.0,12.0,151,7,2,5
2026-05-13 08:00:00+00:00,31.2,54.0,7.6,54.9,80.6,27.5,79.0,1309.0,13.1,151,8,2,5
2026-05-13 09:00:00+00:00,33.7,47.0,8.6,57.3,131.8,21.2,115.0,1115.0,14.0,150,9,2,5
2026-05-13 10:00:00+00:00,36.0,34.0,8.2,67.8,199.3,12.3,160.0,755.0,14.6,151,10,2,5
2026-05-13 11:00:00+00:00,37.3,24.0,5.7,78.9,244.0,5.7,192.0,484.0,14.7,151,11,2,5
2026-05-13 12:00:00+00:00,37.7,22.0,3.4,82.7,257.0,3.3,199.0,416.0,13.6,152,12,2,5
2026-05-13 13:00:00+00:00,38.3,19.0,5.9,78.2,240.3,3.2,193.0,437.0,12.0,153,13,2,5
2026-05-13 14:00:00+00:00,38.2,20.0,7.2,74.3,227.7,3.9,187.0,467.0,10.9,154,14,2,5
2026-05-13 15:00:00+00:00,38.0,19.0,9.7,72.6,224.4,3.8,187.0,463.0,11.1,155,15,2,5
2026-05-13 16:00:00+00:00,37.8,19.0,9.5,71.2,214.2,4.6,187.0,467.0,11.9,156,16,2,5
2026-05-13 17:00:00+00:00,38.0,18.0,8.6,64.7,179.3,8.6,169.0,524.0,10.3,164,17,2,5
2026-05-13 18:00:00+00:00,36.3,21.0,11.5,64.5,131.8,19.0,142.0,669.0,10.6,173,18,2,5
2026-05-13 19:00:00+00:00,34.5,25.0,9.7,67.3,115.7,33.0,104.0,867.0,11.1,170,19,2,5
2026-05-13 20:00:00+00:00,32.1,34.0,9.9,63.1,97.6,41.0,78.0,1063.0,11.0,157,20,2,5
2026-05-13 21:00:00+00:00,31.0,38.0,11.6,55.2,82.2,36.9,76.0,1248.0,9.9,158,21,2,5
2026-05-13 22:00:00+00:00,29.5,41.0,10.6,49.1,74.3,26.9,85.0,1430.0,8.4,158,22,2,5
2026-05-13 23:00:00+00:00,27.3,52.0,10.1,45.8,71.0,20.0,90.0,1575.0,7.3,157,23,2,5
2026-05-14 00:00:00+00:00,26.6,54.0,7.1,43.9,69.2,20.7,85.0,1714.0,7.1,157,0,3,5
2026-05-14 01:00:00+00:00,26.3,53.0,7.9,44.2,71.0,24.6,75.0,1817.0,7.4,156,1,3,5
2026-05-14 02:00:00+00:00,25.8,54.0,6.6,47.3,75.9,27.6,67.0,1757.0,7.7,156,2,3,5
2026-05-14 03:00:00+00:00,25.1,56.0,6.2,51.6,79.9,27.9,60.0,1369.0,7.7,155,3,3,5
2026-05-14 04:00:00+00:00,24.5,58.0,5.5,49.0,70.3,27.2,53.0,819.0,7.7,154,4,3,5
2026-05-14 05:00:00+00:00,23.7,62.0,8.4,51.0,103.1,23.5,48.0,476.0,7.5,154,5,3,5
2026-05-14 06:00:00+00:00,23.5,66.0,7.3,50.1,86.8,24.2,55.0,565.0,8.4,154,6,3,5
2026-05-14 07:00:00+00:00,25.1,62.0,5.5,50.6,81.3,25.0,66.0,860.0,9.8,153,7,3,5
2026-05-14 08:00:00+00:00,27.9,52.0,4.2,48.0,83.6,23.9,85.0,1056.0,11.0,153,8,3,5
2026-05-14 09:00:00+00:00,30.7,42.0,2.3,43.1,74.3,19.3,119.0,1015.0,12.2,153,9,3,5
2026-05-14 10:00:00+00:00,33.3,33.0,1.5,42.4,69.8,12.8,161.0,875.0,13.3,152,10,3,5
2026-05-14 11:00:00+00:00,35.1,28.0,1.2,44.6,77.1,7.8,192.0,742.0,13.8,152,11,3,5
2026-05-14 12:00:00+00:00,37.1,25.0,3.4,46.2,83.6,5.4,205.0,646.0,13.3,151,12,3,5
2026-05-14 13:00:00+00:00,37.6,24.0,7.7,43.7,80.3,4.5,209.0,557.0,12.3,149,13,3,5
2026-05-14 14:00:00+00:00,38.1,23.0,7.4,39.9,73.8,4.6,207.0,490.0,11.6,145,14,3,5
2026-05-14 15:00:00+00:00,38.2,21.0,7.0,38.8,75.7,4.3,204.0,416.0,11.7,141,15,3,5
2026-05-14 16:00:00+00:00,36.9,21.0,10.5,39.2,79.9,5.1,196.0,364.0,12.3,158,16,3,5
2026-05-14 17:00:00+00:00,37.4,18.0,3.1,41.1,83.4,12.4,152.0,431.0,10.5,176,17,3,5
2026-05-14 18:00:00+00:00,36.4,21.0,9.1,54.9,83.6,35.6,116.0,717.0,13.0,181,18,3,5
2026-05-14 19:00:00+00:00,34.7,25.0,9.5,67.5,99.4,67.1,67.0,1123.0,16.4,174,19,3,5
2026-05-14 20:00:00+00:00,32.6,30.0,15.1,74.0,106.2,87.9,30.0,1447.0,18.5,154,20,3,5
2026-05-14 21:00:00+00:00,30.9,36.0,19.1,71.9,98.7,87.8,20.0,1636.0,18.0,132,21,3,5
2026-05-14 22:00:00+00:00,26.9,59.0,8.5,69.2,94.1,76.8,22.0,1744.0,16.1,134,22,3,5
2026-05-14 23:00:00+00:00,26.3,59.0,8.0,68.2,91.7,66.3,25.0,1729.0,14.3,136,23,3,5
2026-05-15 00:00:00+00:00,26.6,53.0,11.7,67.3,88.9,59.7,24.0,1514.0,12.8,138,0,4,5
2026-05-15 01:00:00+00:00,25.6,54.0,10.9,66.8,86.4,53.4,23.0,1176.0,11.3,141,1,4,5
2026-05-15 02:00:00+00:00,25.3,57.0,0.9,66.1,83.4,48.1,23.0,902.0,10.2,143,2,4,5
2026-05-15 03:00:00+00:00,24.8,61.0,0.5,65.0,80.8,44.1,21.0,756.0,9.4,145,3,4,5
2026-05-15 04:00:00+00:00,24.5,61.0,3.2,63.8,78.5,41.1,19.0,674.0,8.9,147,4,4,5
2026-05-15 05:00:00+00:00,25.4,58.0,2.5,56.7,80.3,26.3,49.0,649.0,9.4,148,5,4,5
2026-05-15 06:00:00+00:00,25.6,58.0,3.0,56.7,74.7,25.3,57.0,724.0,10.5,149,6,4,5
2026-05-15 07:00:00+00:00,26.8,54.0,3.6,56.8,76.1,23.7,70.0,857.0,12.1,149,7,4,5
2026-05-15 08:00:00+00:00,28.7,50.0,5.4,53.0,77.3,21.2,88.0,912.0,13.8,150,8,4,5
2026-05-15 09:00:00+00:00,30.9,44.0,5.6,49.7,75.9,17.1,118.0,804.0,15.8,150,9,4,5
2026-05-15 10:00:00+00:00,32.8,38.0,4.3,48.3,76.1,12.2,153.0,618.0,18.0,150,10,4,5
2026-05-15 11:00:00+00:00,33.4,35.0,8.6,46.6,81.7,8.2,178.0,472.0,18.7,151,11,4,5
2026-05-15 12:00:00+00:00,33.8,33.0,11.5,43.9,83.4,5.8,185.0,410.0,17.0,151,12,4,5
2026-05-15 13:00:00+00:00,35.0,29.0,10.6,37.4,78.9,4.4,181.0,388.0,13.9,151,13,4,5
2026-05-15 14:00:00+00:00,35.4,27.0,9.6,34.1,75.4,4.2,174.0,386.0,11.4,150,14,4,5
2026-05-15 15:00:00+00:00,35.6,27.0,9.7,32.1,72.6,4.4,166.0,404.0,10.3,150,15,4,5
2026-05-15 16:00:00+00:00,35.5,26.0,9.2,32.1,68.0,5.8,154.0,443.0,9.9,150,16,4,5
2026-05-15 17:00:00+00:00,35.5,25.0,6.6,36.1,73.6,7.8,157.0,483.0,10.8,149,17,4,5
2026-05-15 18:00:00+00:00,34.7,27.0,5.1,41.0,64.0,30.9,121.0,498.0,12.8,152,18,4,5
2026-05-15 19:00:00+00:00,33.4,30.0,3.3,53.3,75.2,62.2,73.0,513.0,15.5,147,19,4,5
2026-05-15 20:00:00+00:00,32.7,32.0,4.9,62.9,82.4,82.0,38.0,592.0,17.0,146,20,4,5
2026-05-15 21:00:00+00:00,32.4,33.0,9.1,60.5,75.4,79.2,32.0,821.0,16.2,144,21,4,5
2026-05-15 22:00:00+00:00,31.5,36.0,8.5,52.0,61.9,64.8,40.0,1113.0,14.3,143,22,4,5
2026-05-15 23:00:00+00:00,30.6,42.0,8.7,46.3,53.7,51.9,47.0,1265.0,12.5,142,23,4,5
2026-05-16 00:00:00+00:00,29.5,45.0,7.7,41.9,48.0,44.7,48.0,1149.0,11.3,139,0,5,5
2026-05-16 01:00:00+00:00,28.5,49.0,7.9,38.6,44.0,39.0,48.0,895.0,10.2,137,1,5,5
2026-05-16 02:00:00+00:00,27.7,51.0,6.3,35.6,40.5,34.9,47.0,686.0,9.4,134,2,5,5
2026-05-16 03:00:00+00:00,27.1,52.0,6.2,33.4,38.1,32.8,44.0,575.0,8.9,130,3,5,5
2026-05-16 04:00:00+00:00,26.4,55.0,4.9,32.6,37.4,32.3,41.0,511.0,8.7,127,4,5,5
2026-05-16 05:00:00+00:00,26.7,54.0,6.7,30.3,43.3,26.5,56.0,523.0,7.3,124,5,5,5
2026-05-16 06:00:00+00:00,26.3,58.0,6.8,31.5,45.6,26.5,59.0,688.0,7.7,121,6,5,5
2026-05-16 07:00:00+00:00,27.4,55.0,5.4,33.3,47.1,26.3,65.0,929.0,8.4,119,7,5,5
2026-05-16 08:00:00+00:00,29.4,49.0,5.7,32.9,52.0,24.3,79.0,1047.0,9.4,116,8,5,5
2026-05-16 09:00:00+00:00,31.9,40.0,7.2,29.8,48.7,19.0,112.0,916.0,11.3,114,9,5,5
2026-05-16 10:00:00+00:00,34.0,33.0,3.9,27.2,42.1,12.0,153.0,662.0,13.5,112,10,5,5
2026-05-16 11:00:00+00:00,35.8,27.0,2.6,24.2,37.0,6.6,182.0,467.0,14.5,110,11,5,5
2026-05-16 12:00:00+00:00,36.8,25.0,5.3,23.2,44.0,4.2,187.0,408.0,13.3,107,12,5,5
2026-05-16 13:00:00+00:00,37.5,24.0,7.4,23.2,53.1,3.4,180.0,407.0,10.9,105,13,5,5
2026-05-16 14:00:00+00:00,37.9,22.0,9.7,24.2,60.5,3.4,172.0,417.0,9.0,104,14,5,5
2026-05-16 15:00:00+00:00,37.9,21.0,10.6,25.5,65.7,1.5,169.0,384.0,8.1,107,15,5,5
2026-05-16 16:00:00+00:00,37.5,21.0,10.5,26.8,69.4,0.4,164.0,361.0,7.8,129,16,5,5
2026-05-16 17:00:00+00:00,37.5,20.0,11.5,25.8,68.7,6.7,147.0,462.0,7.4,147,17,5,5
2026-05-16 18:00:00+00:00,36.8,21.0,9.2,28.6,57.6,27.3,114.0,818.0,9.1,153,18,5,5
2026-05-16 19:00:00+00:00,35.3,23.0,7.0,39.9,68.5,55.6,69.0,1297.0,11.4,146,19,5,5
2026-05-16 20:00:00+00:00,34.5,25.0,5.7,50.8,79.9,76.6,34.0,1620.0,13.1,122,20,5,5
2026-05-16 21:00:00+00:00,33.5,29.0,4.6,56.1,84.8,84.1,19.0,1653.0,13.6,97,21,5,5
2026-05-16 22:00:00+00:00,32.4,33.0,4.5,58.8,86.6,84.2,15.0,1529.0,13.5,97,22,5,5
2026-05-16 23:00:00+00:00,32.1,41.0,4.0,60.5,88.0,80.6,14.0,1368.0,13.0,98,23,5,5
2026-05-17 00:00:00+00:00,30.4,46.0,5.2,58.7,85.4,72.3,17.0,1180.0,11.8,99,0,6,5
2026-05-17 01:00:00+00:00,29.4,50.0,6.2,54.6,80.1,60.2,24.0,954.0,10.2,100,1,6,5
2026-05-17 02:00:00+00:00,28.8,50.0,7.7,51.6,76.6,50.9,29.0,776.0,8.9,102,2,6,5
2026-05-17 03:00:00+00:00,28.3,49.0,7.9,50.3,75.4,47.8,25.0,668.0,8.3,103,3,6,5
2026-05-17 04:00:00+00:00,27.4,50.0,6.5,49.5,73.6,47.5,20.0,609.0,8.1,105,4,6,5
2026-05-17 05:00:00+00:00,28.3,52.0,7.4,43.1,69.6,36.3,38.0,617.0,8.2,107,5,6,5
2026-05-17 06:00:00+00:00,27.6,60.0,3.5,46.6,76.1,33.0,53.0,764.0,9.3,108,6,6,5
2026-05-17 07:00:00+00:00,28.8,57.0,1.8,45.4,68.9,28.1,75.0,979.0,10.8,110,7,6,5
2026-05-17 08:00:00+00:00,30.9,49.0,1.3,40.7,76.1,22.6,98.0,1071.0,11.8,111,8,6,5
2026-05-17 09:00:00+00:00,33.3,41.0,2.6,36.4,75.0,15.9,124.0,915.0,12.1,112,9,6,5
2026-05-17 10:00:00+00:00,35.4,34.0,3.3,29.2,62.4,8.7,150.0,637.0,11.9,112,10,6,5
2026-05-17 11:00:00+00:00,37.6,24.0,7.9,21.9,49.4,3.4,168.0,420.0,11.3,113,11,6,5
2026-05-17 12:00:00+00:00,38.4,22.0,10.1,20.7,48.7,1.6,170.0,340.0,10.2,112,12,6,5
2026-05-17 13:00:00+00:00,39.1,20.0,12.9,20.7,48.8,1.8,163.0,321.0,8.7,112,13,6,5
2026-05-17 14:00:00+00:00,39.5,20.0,13.1,20.7,47.7,2.4,157.0,320.0,7.6,112,14,6,5
2026-05-17 15:00:00+00:00,39.5,20.0,13.8,20.5,45.8,1.7,157.0,320.0,7.0,112,15,6,5
2026-05-17 16:00:00+00:00,39.1,20.0,13.8,20.3,43.8,1.3,158.0,337.0,6.8,119,16,6,5
2026-05-17 17:00:00+00:00,38.7,20.0,13.1,18.9,40.4,4.5,150.0,377.0,6.3,132,17,6,5
2026-05-17 18:00:00+00:00,37.6,22.0,12.3,20.0,35.3,13.8,127.0,461.0,7.3,137,18,6,5
2026-05-17 19:00:00+00:00,36.0,27.0,9.0,25.8,38.1,26.5,96.0,569.0,8.7,132,19,6,5
2026-05-17 20:00:00+00:00,34.8,31.0,8.8,31.2,43.1,35.4,72.0,645.0,9.7,117,20,6,5
2026-05-17 21:00:00+00:00,33.7,35.0,7.4,34.3,46.3,37.1,63.0,662.0,10.0,105,21,6,5
2026-05-17 22:00:00+00:00,32.9,37.0,6.4,35.3,47.0,35.1,62.0,646.0,9.8,103,22,6,5
2026-05-17 23:00:00+00:00,32.8,39.0,6.8,34.1,45.6,32.0,63.0,626.0,9.6,101,23,6,5
2026-05-18 00:00:00+00:00,31.8,42.0,7.9,31.8,43.2,28.0,65.0,601.0,9.3,98,0,0,5
2026-05-18 01:00:00+00:00,31.2,43.0,8.4,30.2,41.3,23.0,69.0,572.0,8.9,96,1,0,5
2026-05-18 02:00:00+00:00,30.5,44.0,8.5,29.2,40.0,19.5,71.0,561.0,8.7,94,2,0,5
2026-05-18 03:00:00+00:00,30.0,45.0,8.8,28.9,39.1,18.7,67.0,570.0,8.6,93,3,0,5
2026-05-18 04:00:00+00:00,29.5,46.0,8.5,28.8,38.8,19.5,62.0,598.0,8.6,91,4,0,5
2026-05-18 05:00:00+00:00,29.3,49.0,7.1,29.7,41.6,22.5,55.0,667.0,8.7,89,5,0,5
2026-05-18 06:00:00+00:00,29.1,51.0,7.1,30.6,42.3,24.1,61.0,843.0,9.5,88,6,0,5
2026-05-18 07:00:00+00:00,30.7,47.0,5.6,34.0,42.7,26.0,71.0,1060.0,10.6,87,7,0,5
2026-05-18 08:00:00+00:00,33.2,41.0,2.2,31.9,44.9,25.3,87.0,1147.0,11.5,86,8,0,5
2026-05-18 09:00:00+00:00,35.9,34.0,3.1,27.8,41.6,19.6,116.0,977.0,12.0,85,9,0,5
2026-05-18 10:00:00+00:00,38.4,26.0,3.7,22.3,34.8,11.3,151.0,675.0,12.2,85,10,0,5
2026-05-18 11:00:00+00:00,40.0,23.0,7.2,18.5,31.1,5.1,176.0,451.0,12.2,84,11,0,5
2026-05-18 12:00:00+00:00,40.9,23.0,7.8,18.2,33.4,3.1,184.0,396.0,11.7,84,12,0,5
2026-05-18 13:00:00+00:00,41.7,23.0,6.7,19.0,39.5,3.1,182.0,418.0,10.8,84,13,0,5
2026-05-18 14:00:00+00:00,42.3,22.0,5.6,20.8,48.2,3.7,177.0,445.0,10.3,85,14,0,5
2026-05-18 15:00:00+00:00,42.6,21.0,6.2,23.2,58.8,3.2,174.0,415.0,10.2,110,15,0,5
2026-05-18 16:00:00+00:00,42.5,20.0,7.9,25.4,66.4,3.2,168.0,389.0,10.5,132,16,0,5
2026-05-18 17:00:00+00:00,41.8,22.0,12.1,22.0,56.9,7.1,147.0,485.0,9.4,149,17,0,5
2026-05-18 18:00:00+00:00,40.8,24.0,11.4,24.2,46.3,18.9,124.0,837.0,10.6,154,18,0,5
2026-05-18 19:00:00+00:00,39.6,25.0,7.5,31.4,49.4,35.1,93.0,1310.0,12.4,150,19,0,5
2026-05-18 20:00:00+00:00,38.4,29.0,8.3,34.6,49.9,47.1,69.0,1612.0,13.8,132,20,0,5
2026-05-18 21:00:00+00:00,36.8,32.0,5.9,35.4,50.3,50.5,60.0,1590.0,14.6,108,21,0,5
2026-05-18 22:00:00+00:00,36.0,34.0,5.4,37.4,52.4,49.7,58.0,1398.0,15.1,85,22,0,5
2026-05-18 23:00:00+00:00,35.6,36.0,3.5,39.1,55.1,49.0,56.0,1204.0,15.5,86,23,0,5
2026-05-19 00:00:00+00:00,34.9,35.0,2.4,39.7,57.3,49.5,53.0,1055.0,15.7,86,0,1,5
2026-05-19 01:00:00+00:00,33.9,38.0,1.2,41.4,61.0,50.0,51.0,904.0,15.7,87,1,1,5
2026-05-19 02:00:00+00:00,32.8,40.0,1.3,44.5,65.7,51.3,47.0,783.0,15.7,88,2,1,5
2026-05-19 03:00:00+00:00,31.4,43.0,1.0,51.8,74.0,55.0,37.0,685.0,15.6,89,3,1,5
2026-05-19 04:00:00+00:00,30.0,50.0,2.4,58.3,80.3,59.4,25.0,617.0,15.5,91,4,1,5
2026-05-19 05:00:00+00:00,30.1,50.0,1.5,53.8,69.8,54.2,22.0,633.0,15.1,93,5,1,5
2026-05-19 06:00:00+00:00,29.6,50.0,4.8,53.8,66.6,49.8,39.0,832.0,16.0,95,6,1,5
2026-05-19 07:00:00+00:00,31.7,43.0,4.8,52.6,63.1,43.3,64.0,1114.0,17.2,97,7,1,5
2026-05-19 08:00:00+00:00,34.6,33.0,5.0,47.5,68.9,35.8,93.0,1237.0,17.8,98,8,1,5
2026-05-19 09:00:00+00:00,36.8,25.0,5.1,41.6,72.4,26.5,130.0,1039.0,17.3,99,9,1,5
2026-05-19 10:00:00+00:00,38.8,21.0,5.4,34.2,59.6,16.2,170.0,681.0,16.1,100,10,1,5
2026-05-19 11:00:00+00:00,40.9,15.0,9.1,27.4,48.1,8.4,196.0,407.0,14.6,102,11,1,5
2026-05-19 12:00:00+00:00,41.8,13.0,10.1,29.6,75.9,4.9,196.0,318.0,12.4,103,12,1,5
2026-05-19 13:00:00+00:00,42.5,11.0,10.0,29.8,101.3,4.0,182.0,312.0,9.9,104,13,1,5
2026-05-19 14:00:00+00:00,42.8,9.0,11.0,25.8,86.4,3.9,168.0,325.0,7.9,105,14,1,5
2026-05-19 15:00:00+00:00,42.4,10.0,11.3,22.0,68.5,2.1,162.0,311.0,6.6,122,15,1,5
2026-05-19 16:00:00+00:00,41.8,10.0,11.2,18.9,53.3,1.1,157.0,315.0,5.9,142,16,1,5
2026-05-19 17:00:00+00:00,41.8,10.0,12.2,10.6,19.9,7.3,135.0,408.0,4.9,154,17,1,5
2026-05-19 18:00:00+00:00,40.6,11.0,11.8,14.5,19.4,27.1,106.0,668.0,7.1,155,18,1,5
2026-05-19 19:00:00+00:00,38.6,17.0,9.1,26.9,30.9,54.4,67.0,1018.0,10.1,143,19,1,5
2026-05-19 20:00:00+00:00,36.6,21.0,5.0,33.4,36.4,74.0,37.0,1297.0,12.5,116,20,1,5
2026-05-19 21:00:00+00:00,34.6,24.0,4.8,34.0,37.3,78.6,28.0,1425.0,13.6,102,21,1,5
2026-05-19 22:00:00+00:00,33.9,27.0,4.6,36.1,40.2,75.6,28.0,1482.0,14.0,102,22,1,5
2026-05-19 23:00:00+00:00,34.0,34.0,0.9,42.6,47.8,72.3,28.0,1554.0,14.2,102,23,1,5
2026-05-20 00:00:00+00:00,33.1,31.0,0.8,50.3,57.2,71.1,23.0,1728.0,14.2,102,0,2,5
2026-05-20 01:00:00+00:00,30.9,33.0,4.3,53.9,62.4,69.6,17.0,1917.0,14.0,103,1,2,5
2026-05-20 02:00:00+00:00,29.3,37.0,4.6,55.2,66.4,67.6,12.0,1939.0,13.7,104,2,2,5
2026-05-20 03:00:00+00:00,28.2,40.0,4.8,56.3,70.5,65.5,7.0,1611.0,13.4,105,3,2,5
2026-05-20 04:00:00+00:00,27.4,43.0,4.4,57.7,74.7,62.9,4.0,1118.0,13.0,106,4,2,5
2026-05-20 05:00:00+00:00,28.5,43.0,5.1,54.7,73.1,47.3,20.0,827.0,12.5,106,5,2,5
2026-05-20 06:00:00+00:00,28.1,45.0,6.5,54.5,75.2,44.9,37.0,1000.0,13.0,106,6,2,5
2026-05-20 07:00:00+00:00,30.0,42.0,5.0,56.9,73.6,41.2,62.0,1377.0,13.7,106,7,2,5
2026-05-20 08:00:00+00:00,33.0,36.0,2.9,57.7,83.4,35.8,93.0,1544.0,14.6,107,8,2,5
2026-05-20 09:00:00+00:00,36.9,28.0,1.8,53.0,85.0,27.3,139.0,1252.0,16.1,108,9,2,5
2026-05-20 10:00:00+00:00,40.2,17.0,3.6,44.2,75.7,17.1,191.0,749.0,17.8,109,10,2,5
2026-05-20 11:00:00+00:00,41.8,13.0,7.6,40.9,82.9,9.3,225.0,372.0,18.2,110,11,2,5
2026-05-20 12:00:00+00:00,42.6,12.0,8.7,35.3,89.4,5.6,226.0,268.0,16.3,111,12,2,5
2026-05-20 13:00:00+00:00,43.0,12.0,9.5,31.5,80.8,4.4,209.0,290.0,13.1,112,13,2,5
2026-05-20 14:00:00+00:00,43.1,12.0,10.5,30.4,78.7,4.1,192.0,325.0,10.8,118,14,2,5
2026-05-20 15:00:00+00:00,42.8,13.0,9.8,29.8,78.0,3.2,185.0,317.0,10.3,151,15,2,5
2026-05-20 16:00:00+00:00,42.2,14.0,10.8,29.3,76.4,3.4,178.0,322.0,10.7,170,16,2,5
2026-05-20 17:00:00+00:00,42.4,13.0,10.0,18.5,51.2,8.2,143.0,403.0,8.9,184,17,2,5
2026-05-20 18:00:00+00:00,41.2,15.0,9.9,21.1,43.0,22.0,115.0,655.0,10.1,184,18,2,5
2026-05-20 19:00:00+00:00,40.1,18.0,8.3,26.8,44.0,40.7,77.0,982.0,11.6,172,19,2,5
2026-05-20 20:00:00+00:00,39.1,20.0,7.1,30.2,43.9,52.8,51.0,1157.0,12.6,148,20,2,5
2026-05-20 21:00:00+00:00,37.9,22.0,5.2,31.4,43.9,52.0,47.0,1037.0,12.4,116,21,2,5
2026-05-20 22:00:00+00:00,36.7,26.0,3.8,31.8,44.7,44.5,55.0,766.0,11.7,115,22,2,5
2026-05-20 23:00:00+00:00,36.5,29.0,4.8,31.2,45.1,37.4,62.0,547.0,11.1,115,23,2,5
2026-05-21 00:00:00+00:00,35.2,32.0,8.0,29.8,44.1,32.5,66.0,462.0,10.8,114,0,3,5
2026-05-21 01:00:00+00:00,33.6,34.0,10.4,28.8,43.0,28.1,70.0,428.0,10.7,111,1,3,5
2026-05-21 02:00:00+00:00,32.7,30.0,8.6,28.6,42.7,25.8,70.0,406.0,10.6,109,2,3,5
2026-05-21 03:00:00+00:00,31.6,30.0,12.0,29.8,44.8,27.6,61.0,375.0,10.7,106,3,3,5
2026-05-21 04:00:00+00:00,29.7,33.0,16.0,32.1,47.6,31.5,48.0,354.0,11.0,103,4,3,5
2026-05-21 05:00:00+00:00,31.6,31.0,15.7,24.9,37.1,19.8,62.0,362.0,9.4,101,5,3,5
2026-05-21 06:00:00+00:00,31.2,30.0,14.8,25.5,39.7,20.9,67.0,432.0,9.4,98,6,3,5
2026-05-21 07:00:00+00:00,32.0,31.0,10.8,28.0,42.8,22.1,75.0,530.0,9.4,96,7,3,5
2026-05-21 08:00:00+00:00,33.8,25.0,13.5,29.0,48.9,21.3,88.0,574.0,9.2,94,8,3,5
2026-05-21 09:00:00+00:00,35.8,23.0,11.4,26.3,49.2,16.3,112.0,507.0,8.7,91,9,3,5
2026-05-21 10:00:00+00:00,38.4,20.0,11.4,23.4,47.5,9.2,141.0,386.0,7.9,89,10,3,5
2026-05-21 11:00:00+00:00,39.0,18.0,17.8,23.9,53.6,4.0,159.0,294.0,7.1,88,11,3,5
2026-05-21 12:00:00+00:00,39.7,18.0,15.4,23.5,54.0,2.4,156.0,268.0,6.2,86,12,3,5
2026-05-21 13:00:00+00:00,40.5,17.0,13.1,21.4,49.5,2.8,142.0,271.0,5.2,85,13,3,5
2026-05-21 14:00:00+00:00,41.3,15.0,13.9,19.2,44.6,3.5,130.0,282.0,4.5,85,14,3,5
2026-05-21 15:00:00+00:00,40.4,16.0,13.7,18.5,43.5,2.2,127.0,293.0,4.0,84,15,3,5
2026-05-21 16:00:00+00:00,40.7,15.0,11.1,18.6,46.6,1.2,126.0,310.0,3.9,91,16,3,5
2026-05-21 17:00:00+00:00,41.6,12.0,7.6,19.0,47.5,6.9,118.0,334.0,4.9,99,17,3,5
2026-05-21 18:00:00+00:00,40.5,13.0,9.2,25.4,48.1,24.5,92.0,368.0,6.6,100,18,3,5
2026-05-21 19:00:00+00:00,38.8,15.0,8.3,34.7,56.1,48.1,57.0,407.0,8.9,90,19,3,5
2026-05-21 20:00:00+00:00,37.8,16.0,7.0,34.6,54.7,60.4,37.0,440.0,10.4,83,20,3,5
2026-05-21 21:00:00+00:00,36.7,20.0,12.5,28.2,49.7,50.1,47.0,468.0,10.2,83,21,3,5
2026-05-21 22:00:00+00:00,35.5,22.0,12.4,25.6,48.3,28.6,72.0,489.0,9.1,83,22,3,5
2026-05-21 23:00:00+00:00,34.0,30.0,17.2,25.3,47.1,12.2,91.0,483.0,8.3,83,23,3,5
2026-05-22 00:00:00+00:00,32.0,38.0,21.2,25.4,46.8,8.1,96.0,429.0,8.1,82,0,4,5
2026-05-22 01:00:00+00:00,29.6,41.0,18.9,25.9,48.2,9.2,95.0,349.0,8.2,82,1,4,5
2026-05-22 02:00:00+00:00,28.2,46.0,12.6,26.9,51.7,10.7,92.0,289.0,8.3,82,2,4,5
2026-05-22 03:00:00+00:00,28.0,48.0,14.0,28.3,56.7,11.0,88.0,257.0,8.4,81,3,4,5
2026-05-22 04:00:00+00:00,27.9,47.0,12.8,29.7,61.5,11.8,83.0,245.0,8.6,81,4,4,5
2026-05-22 05:00:00+00:00,27.8,51.0,9.2,29.0,65.7,14.2,73.0,273.0,7.6,81,5,4,5
2026-05-22 06:00:00+00:00,28.0,50.0,8.9,26.7,54.7,15.7,75.0,383.0,7.6,81,6,4,5
2026-05-22 07:00:00+00:00,29.0,47.0,10.3,26.1,55.4,17.6,78.0,533.0,7.6,81,7,4,5
2026-05-22 08:00:00+00:00,31.0,43.0,7.7,27.1,59.6,17.6,86.0,612.0,7.4,81,8,4,5
2026-05-22 09:00:00+00:00,34.2,32.0,8.4,28.2,68.7,13.9,105.0,548.0,7.0,81,9,4,5
2026-05-22 10:00:00+00:00,36.6,25.0,8.1,28.1,71.2,8.4,130.0,414.0,6.5,81,10,4,5
2026-05-22 11:00:00+00:00,37.8,20.0,8.8,26.1,70.5,4.2,148.0,314.0,6.0,82,11,4,5
2026-05-22 12:00:00+00:00,38.9,19.0,4.8,26.6,81.5,2.8,154.0,294.0,5.6,82,12,4,5
2026-05-22 13:00:00+00:00,39.4,18.0,3.6,28.9,96.2,2.8,154.0,309.0,5.3,82,13,4,5
2026-05-22 14:00:00+00:00,39.4,19.0,4.0,30.3,102.0,3.3,153.0,327.0,5.4,83,14,4,5
2026-05-22 15:00:00+00:00,39.3,19.0,5.2,31.2,104.1,2.4,156.0,311.0,5.9,84,15,4,5
2026-05-22 16:00:00+00:00,38.8,19.0,6.3,31.7,103.6,2.1,157.0,297.0,6.8,98,16,4,5
2026-05-22 17:00:00+00:00,38.6,18.0,7.3,24.2,64.3,6.5,149.0,363.0,8.3,113,17,4,5
2026-05-22 18:00:00+00:00,38.0,19.0,5.7,26.3,69.4,18.4,126.0,555.0,9.4,122,18,4,5
2026-05-22 19:00:00+00:00,36.3,27.0,1.9,30.7,59.6,34.9,95.0,827.0,10.8,121,19,4,5
2026-05-22 20:00:00+00:00,35.5,31.0,0.6,36.2,61.0,48.8,68.0,1116.0,12.0,110,20,4,5
2026-05-22 21:00:00+00:00,35.0,32.0,0.2,39.0,60.8,58.0,51.0,1475.0,12.7,92,21,4,5
2026-05-22 22:00:00+00:00,34.2,30.0,1.9,43.7,64.7,64.5,39.0,1851.0,13.1,87,22,4,5
2026-05-22 23:00:00+00:00,33.9,30.0,6.7,46.3,67.1,66.7,31.0,2022.0,13.0,88,23,4,5
2026-05-23 00:00:00+00:00,32.4,32.0,6.9,43.4,63.3,61.6,30.0,1835.0,11.9,90,0,5,5
2026-05-23 01:00:00+00:00,31.4,35.0,7.2,40.9,60.8,52.3,33.0,1444.0,10.4,91,1,5,5
2026-05-23 02:00:00+00:00,30.7,36.0,6.8,41.0,61.0,46.4,33.0,1087.0,9.3,92,2,5,5
2026-05-23 03:00:00+00:00,30.2,38.0,5.2,42.7,63.6,49.1,24.0,814.0,9.4,94,3,5,5
2026-05-23 04:00:00+00:00,30.1,38.0,10.4,46.9,69.6,55.1,12.0,576.0,10.0,95,4,5,5
2026-05-23 05:00:00+00:00,29.6,46.0,4.1,43.4,64.7,40.3,29.0,464.0,9.5,96,5,5,5
2026-05-23 06:00:00+00:00,29.4,47.0,6.5,47.7,71.9,36.9,47.0,587.0,10.5,97,6,5,5
2026-05-23 07:00:00+00:00,30.7,45.0,4.6,50.8,78.9,32.0,73.0,836.0,11.9,99,7,5,5
2026-05-23 08:00:00+00:00,33.8,35.0,2.2,48.4,93.1,26.3,100.0,977.0,12.9,101,8,5,5
2026-05-23 09:00:00+00:00,36.0,28.0,4.0,45.9,98.0,19.1,131.0,886.0,13.1,103,9,5,5
2026-05-23 10:00:00+00:00,36.6,29.0,5.9,41.9,99.7,11.1,163.0,687.0,12.8,105,10,5,5
2026-05-23 11:00:00+00:00,38.6,19.0,2.2,38.3,102.4,5.2,184.0,517.0,12.2,106,11,5,5
2026-05-23 12:00:00+00:00,39.9,15.0,2.9,35.2,96.2,2.9,186.0,425.0,11.2,108,12,5,5
2026-05-23 13:00:00+00:00,40.4,15.0,3.8,32.7,89.2,2.7,176.0,362.0,10.0,109,13,5,5
2026-05-23 14:00:00+00:00,40.6,15.0,7.9,29.7,80.3,3.1,167.0,324.0,9.0,109,14,5,5
2026-05-23 15:00:00+00:00,40.3,16.0,13.5,27.5,72.6,3.2,162.0,309.0,8.5,118,15,5,5
2026-05-23 16:00:00+00:00,39.5,17.0,15.0,25.8,66.1,3.8,158.0,317.0,8.2,136,16,5,5
2026-05-23 17:00:00+00:00,40.0,12.0,10.0,23.5,60.8,6.1,154.0,347.0,9.1,149,17,5,5
2026-05-23 18:00:00+00:00,39.0,14.0,7.8,23.7,49.6,14.8,134.0,394.0,9.6,153,18,5,5
2026-05-23 19:00:00+00:00,37.4,17.0,8.0,27.4,47.0,27.0,105.0,461.0,10.3,147,19,5,5
2026-05-23 20:00:00+00:00,35.7,22.0,5.1,29.9,48.2,36.8,81.0,559.0,10.8,131,20,5,5
2026-05-23 21:00:00+00:00,34.1,25.0,3.6,29.6,47.1,42.5,65.0,736.0,10.9,108,21,5,5
2026-05-23 22:00:00+00:00,33.2,27.0,3.7,31.8,48.7,45.8,53.0,943.0,10.8,106,22,5,5
2026-05-23 23:00:00+00:00,34.1,27.0,5.6,36.1,52.5,46.3,45.0,1044.0,10.5,104,23,5,5
2026-05-24 00:00:00+00:00,32.9,30.0,6.7,37.3,52.9,42.7,44.0,941.0,9.8,103,0,6,5
2026-05-24 01:00:00+00:00,31.7,33.0,4.3,35.0,49.1,36.4,47.0,732.0,8.8,103,1,6,5
2026-05-24 02:00:00+00:00,30.6,35.0,8.1,32.2,45.5,30.9,50.0,572.0,8.0,102,2,6,5
2026-05-24 03:00:00+00:00,30.3,34.0,7.5,30.5,43.1,27.7,49.0,530.0,7.4,101,3,6,5
2026-05-24 04:00:00+00:00,29.7,34.0,7.6,29.3,41.4,25.4,48.0,537.0,6.9,100,4,6,5
2026-05-24 05:00:00+00:00,29.9,40.0,5.5,27.0,46.2,12.9,89.0,540.0,6.8,99,5,6,5
2026-05-24 06:00:00+00:00,29.3,41.0,8.0,27.2,45.1,14.4,91.0,524.0,7.3,97,6,6,5
2026-05-24 07:00:00+00:00,30.8,38.0,7.9,29.1,44.7,16.4,95.0,503.0,7.9,96,7,6,5
2026-05-24 08:00:00+00:00,31.9,34.0,13.3,29.2,50.4,16.4,102.0,466.0,8.1,94,8,6,5
2026-05-24 09:00:00+00:00,35.3,26.0,4.0,27.6,53.4,12.7,117.0,396.0,7.4,92,9,6,5
2026-05-24 10:00:00+00:00,37.5,20.0,9.3,24.5,55.1,7.2,135.0,311.0,6.3,91,10,6,5
2026-05-24 11:00:00+00:00,38.3,19.0,9.0,22.5,59.1,3.0,149.0,249.0,5.4,90,11,6,5
2026-05-24 12:00:00+00:00,39.5,16.0,8.4,21.7,59.4,1.7,153.0,229.0,4.9,88,12,6,5
2026-05-24 13:00:00+00:00,39.2,19.0,15.6,21.8,60.3,1.8,152.0,233.0,4.7,87,13,6,5
2026-05-24 14:00:00+00:00,38.6,20.0,15.2,22.3,61.2,2.3,151.0,245.0,4.7,86,14,6,5
2026-05-24 15:00:00+00:00,38.9,19.0,11.4,23.2,62.9,0.5,155.0,259.0,4.8,91,15,6,5
2026-05-24 16:00:00+00:00,38.9,19.0,9.8,24.3,65.2,0.0,159.0,280.0,5.1,103,16,6,5
2026-05-24 17:00:00+00:00,37.7,19.0,10.5,19.4,46.9,4.8,139.0,309.0,6.2,116,17,6,5
2026-05-24 18:00:00+00:00,36.8,20.0,10.2,22.2,42.3,13.6,119.0,349.0,7.2,120,18,6,5
2026-05-24 19:00:00+00:00,35.6,22.0,9.6,28.9,45.9,25.5,91.0,397.0,8.5,117,19,6,5
2026-05-24 20:00:00+00:00,34.3,25.0,11.2,29.7,45.9,33.7,69.0,438.0,9.4,105,20,6,5
2026-05-24 21:00:00+00:00,33.1,27.0,9.4,29.6,46.7,34.3,60.0,474.0,9.4,87,21,6,5
2026-05-24 22:00:00+00:00,32.3,29.0,7.2,31.1,48.3,31.0,56.0,504.0,8.9,85,22,6,5
2026-05-24 23:00:00+00:00,32.5,31.0,3.7,33.1,49.7,28.4,53.0,509.0,8.3,85,23,6,5
2026-05-25 00:00:00+00:00,31.5,33.0,3.7,34.2,49.8,27.8,48.0,466.0,7.7,85,0,0,5
2026-05-25 01:00:00+00:00,31.0,33.0,4.8,34.8,49.5,27.8,43.0,398.0,6.9,85,1,0,5
2026-05-25 02:00:00+00:00,30.7,33.0,9.0,34.7,49.6,28.3,39.0,355.0,6.5,85,2,0,5
2026-05-25 03:00:00+00:00,30.2,34.0,7.5,34.8,51.0,29.7,35.0,353.0,6.5,85,3,0,5
2026-05-25 04:00:00+00:00,29.5,42.0,0.7,36.2,54.5,31.5,31.0,375.0,6.7,85,4,0,5
2026-05-25 05:00:00+00:00,30.0,39.0,4.1,43.2,67.5,37.0,34.0,422.0,8.6,86,5,0,5
2026-05-25 06:00:00+00:00,30.0,38.0,8.1,42.6,65.4,34.4,50.0,527.0,9.3,87,6,0,5
2026-05-25 07:00:00+00:00,31.6,35.0,9.6,42.3,63.3,30.4,74.0,656.0,10.2,88,7,0,5
2026-05-25 08:00:00+00:00,33.6,31.0,7.9,38.9,65.7,25.4,97.0,711.0,10.3,89,8,0,5
2026-05-25 09:00:00+00:00,35.3,26.0,6.0,32.5,63.3,18.2,121.0,620.0,9.0,90,9,0,5
2026-05-25 10:00:00+00:00,37.3,22.0,5.5,27.8,59.8,9.8,145.0,453.0,6.9,90,10,0,5
2026-05-25 11:00:00+00:00,39.4,15.0,9.7,23.7,53.7,3.8,162.0,325.0,5.4,91,11,0,5
2026-05-25 12:00:00+00:00,39.9,14.0,9.3,21.0,47.8,2.0,168.0,283.0,5.0,91,12,0,5
2026-05-25 13:00:00+00:00,40.6,13.0,8.3,19.6,44.8,2.5,168.0,279.0,5.1,91,13,0,5
2026-05-25 14:00:00+00:00,40.8,14.0,8.3,19.0,43.3,3.5,167.0,285.0,5.5,90,14,0,5
2026-05-25 15:00:00+00:00,40.8,14.0,11.0,18.6,42.0,3.1,169.0,280.0,6.2,101,15,0,5
2026-05-25 16:00:00+00:00,40.1,14.0,15.0,18.7,41.4,3.0,171.0,285.0,7.1,121,16,0,5
2026-05-25 17:00:00+00:00,40.8,10.0,14.4,18.0,35.6,6.3,158.0,329.0,8.0,137,17,0,5
2026-05-25 18:00:00+00:00,39.3,13.0,14.5,21.4,35.2,15.6,138.0,437.0,8.7,145,18,0,5
2026-05-25 19:00:00+00:00,37.5,17.0,11.7,27.3,38.2,28.2,109.0,583.0,9.7,143,19,0,5
2026-05-25 20:00:00+00:00,36.0,19.0,10.0,28.9,38.9,36.5,88.0,724.0,10.4,132,20,0,5
2026-05-25 21:00:00+00:00,34.5,22.0,9.8,27.2,36.6,36.3,81.0,875.0,10.5,115,21,0,5
2026-05-25 22:00:00+00:00,33.4,22.0,8.7,26.0,35.0,31.8,82.0,1021.0,10.2,96,22,0,5
2026-05-25 23:00:00+00:00,33.2,25.0,5.1,25.6,34.3,28.1,80.0,1067.0,9.9,88,23,0,5
2026-05-26 00:00:00+00:00,31.5,28.0,4.3,26.5,34.0,27.0,72.0,923.0,9.5,88,0,1,5
2026-05-26 01:00:00+00:00,30.9,29.0,4.3,28.1,34.1,26.8,62.0,679.0,9.1,87,1,1,5
2026-05-26 02:00:00+00:00,30.2,28.0,5.9,29.3,34.8,27.4,53.0,512.0,8.7,87,2,1,5
2026-05-26 03:00:00+00:00,29.1,29.0,5.3,30.4,36.4,29.5,43.0,488.0,8.4,86,3,1,5
2026-05-26 04:00:00+00:00,27.8,33.0,4.1,31.9,38.6,32.5,33.0,542.0,8.2,86,4,1,5
2026-05-26 05:00:00+00:00,27.9,36.0,3.6,36.3,43.2,34.2,36.0,648.0,8.5,86,5,1,5
2026-05-26 06:00:00+00:00,27.7,38.0,6.7,41.7,49.1,33.0,56.0,871.0,9.6,85,6,1,5
2026-05-26 07:00:00+00:00,29.4,36.0,6.4,44.2,51.1,31.0,83.0,1147.0,11.1,85,7,1,5
2026-05-26 08:00:00+00:00,32.2,31.0,5.6,33.1,43.4,27.3,110.0,1261.0,11.6,85,8,1,5
2026-05-26 09:00:00+00:00,35.6,23.0,6.4,24.0,32.5,20.0,134.0,1062.0,10.3,85,9,1,5
2026-05-26 10:00:00+00:00,38.3,17.0,7.4,17.2,24.3,11.0,157.0,701.0,8.2,84,10,1,5
2026-05-26 11:00:00+00:00,40.2,12.0,9.8,11.1,20.7,4.4,173.0,418.0,6.6,83,11,1,5
2026-05-26 12:00:00+00:00,41.0,11.0,11.6,10.4,20.7,2.4,180.0,312.0,6.3,82,12,1,5
2026-05-26 13:00:00+00:00,41.4,10.0,13.0,10.5,19.7,2.9,181.0,284.0,6.6,81,13,1,5
2026-05-26 14:00:00+00:00,41.6,10.0,13.1,11.1,19.4,3.7,180.0,278.0,6.9,95,14,1,5
2026-05-26 15:00:00+00:00,41.3,11.0,13.8,11.9,20.6,2.1,180.0,267.0,6.9,121,15,1,5
2026-05-26 16:00:00+00:00,40.8,12.0,12.3,12.7,22.1,0.8,179.0,278.0,7.0,142,16,1,5
2026-05-26 17:00:00+00:00,41.2,11.0,11.1,15.7,26.3,6.4,158.0,341.0,6.1,155,17,1,5
2026-05-26 18:00:00+00:00,39.9,13.0,8.7,17.2,26.7,17.0,137.0,480.0,7.3,159,18,1,5
2026-05-26 19:00:00+00:00,37.8,17.0,5.9,24.4,31.4,31.7,107.0,670.0,8.9,156,19,1,5
2026-05-26 20:00:00+00:00,36.3,20.0,3.5,29.2,36.4,43.4,83.0,868.0,10.4,143,20,1,5
2026-05-26 21:00:00+00:00,35.1,22.0,3.5,31.4,38.9,49.3,72.0,1093.0,11.6,123,21,1,5
2026-05-26 22:00:00+00:00,33.8,23.0,4.8,33.4,40.7,52.2,68.0,1325.0,12.7,100,22,1,5
2026-05-26 23:00:00+00:00,33.7,25.0,4.4,34.8,42.0,54.0,63.0,1463.0,13.3,79,23,1,5
2026-05-27 00:00:00+00:00,32.8,25.0,5.8,35.7,42.5,55.0,56.0,1449.0,13.0,80,0,2,5
2026-05-27 01:00:00+00:00,32.5,26.0,7.1,37.4,43.7,54.9,48.0,1341.0,12.1,81,1,2,5
2026-05-27 02:00:00+00:00,31.4,28.0,5.4,38.2,43.8,54.5,42.0,1211.0,11.4,81,2,2,5
2026-05-27 03:00:00+00:00,30.7,30.0,6.1,38.8,43.5,54.5,34.0,1037.0,10.9,82,3,2,5
2026-05-27 04:00:00+00:00,30.1,31.0,5.7,39.1,43.5,54.1,27.0,841.0,10.5,83,4,2,5
2026-05-27 05:00:00+00:00,29.8,36.0,5.0,37.3,41.3,51.9,35.0,758.0,11.2,83,5,2,5
2026-05-27 06:00:00+00:00,30.2,35.0,6.5,40.0,44.2,47.3,59.0,926.0,12.0,83,6,2,5
2026-05-27 07:00:00+00:00,32.0,32.0,4.4,35.9,38.8,40.7,93.0,1207.0,13.0,83,7,2,5
2026-05-27 08:00:00+00:00,34.7,28.0,4.9,28.2,31.0,33.0,124.0,1325.0,13.6,83,8,2,5
2026-05-27 09:00:00+00:00,37.8,21.0,6.1,21.0,25.1,23.4,151.0,1101.0,13.5,82,9,2,5
2026-05-27 10:00:00+00:00,40.3,16.0,8.9,16.4,24.5,12.8,176.0,714.0,12.9,82,10,2,5
2026-05-27 11:00:00+00:00,41.9,13.0,10.3,14.4,29.9,5.1,191.0,420.0,12.0,82,11,2,5
2026-05-27 12:00:00+00:00,42.9,12.0,11.3,16.4,38.8,2.4,190.0,332.0,10.6,82,12,2,5
2026-05-27 13:00:00+00:00,43.2,12.0,10.9,17.6,42.4,2.7,180.0,336.0,9.0,83,13,2,5
2026-05-27 14:00:00+00:00,43.5,12.0,11.8,16.5,38.6,3.5,172.0,354.0,7.8,114,14,2,5
2026-05-27 15:00:00+00:00,43.2,12.0,12.8,16.0,36.0,2.4,174.0,304.0,7.4,138,15,2,5
2026-05-27 16:00:00+00:00,42.5,12.0,13.1,16.1,35.4,1.8,179.0,266.0,7.5,154,16,2,5
2026-05-27 17:00:00+00:00,42.3,12.0,14.4,18.7,42.4,6.9,165.0,404.0,7.4,163,17,2,5
2026-05-27 18:00:00+00:00,41.3,13.0,14.6,20.2,38.0,22.3,139.0,882.0,8.8,165,18,2,5
2026-05-27 19:00:00+00:00,40.2,14.0,8.8,29.2,44.4,44.0,103.0,1536.0,10.9,159,19,2,5
2026-05-27 20:00:00+00:00,39.0,16.0,5.2,39.0,55.2,64.0,71.0,2031.0,13.1,143,20,2,5
2026-05-27 21:00:00+00:00,37.9,18.0,3.0,47.6,65.7,81.8,48.0,2213.0,15.7,118,21,2,5
2026-05-27 22:00:00+00:00,36.3,20.0,1.6,58.4,78.0,97.9,30.0,2236.0,18.4,90,22,2,5
2026-05-27 23:00:00+00:00,36.3,23.0,0.9,68.2,88.9,105.9,19.0,2234.0,19.8,89,23,2,5
2026-05-28 00:00:00+00:00,34.8,23.0,4.2,68.5,89.6,100.3,19.0,2280.0,19.0,92,0,3,5
2026-05-28 01:00:00+00:00,34.1,26.0,4.5,62.6,82.9,86.6,27.0,2301.0,17.0,94,1,3,5
2026-05-28 02:00:00+00:00,33.4,28.0,4.7,59.1,78.2,75.5,31.0,2203.0,15.3,96,2,3,5
2026-05-28 03:00:00+00:00,32.9,30.0,2.7,59.0,75.7,71.7,23.0,1868.0,14.3,98,3,3,5
2026-05-28 04:00:00+00:00,31.9,32.0,2.3,59.0,73.6,70.3,13.0,1415.0,13.7,99,4,3,5
2026-05-28 05:00:00+00:00,30.1,36.0,6.2,75.4,97.1,98.6,8.0,1112.0,19.7,101,5,3,5
2026-05-28 06:00:00+00:00,29.2,40.0,7.4,71.2,92.4,85.0,39.0,1141.0,20.3,105,6,3,5
2026-05-28 07:00:00+00:00,30.3,41.0,2.8,67.3,82.7,65.6,83.0,1321.0,21.0,109,7,3,5
2026-05-28 08:00:00+00:00,33.3,33.0,2.7,52.2,69.4,47.3,121.0,1373.0,20.4,112,8,3,5
2026-05-28 09:00:00+00:00,36.8,26.0,5.8,39.1,56.9,31.0,150.0,1136.0,17.2,114,9,3,5
2026-05-28 10:00:00+00:00,39.1,23.0,7.9,31.5,50.1,15.8,174.0,772.0,12.6,116,10,3,5
2026-05-28 11:00:00+00:00,40.1,18.0,14.3,21.9,48.0,5.0,188.0,483.0,8.9,118,11,3,5
2026-05-28 12:00:00+00:00,41.7,14.0,13.1,19.4,45.4,1.3,188.0,348.0,7.0,119,12,3,5
2026-05-28 13:00:00+00:00,40.3,15.0,13.5,19.4,46.7,2.0,179.0,289.0,6.0,119,13,3,5
2026-05-28 14:00:00+00:00,40.3,15.0,14.7,20.0,49.0,3.4,169.0,273.0,5.3,119,14,3,5
2026-05-28 15:00:00+00:00,39.1,19.0,13.6,20.4,51.1,2.3,166.0,298.0,4.7,133,15,3,5
2026-05-28 16:00:00+00:00,39.3,16.0,13.8,20.3,51.6,1.7,162.0,365.0,4.5,150,16,3,5
2026-05-28 17:00:00+00:00,41.0,10.0,11.7,16.5,48.8,6.8,146.0,446.0,4.1,157,17,3,5
2026-05-28 18:00:00+00:00,38.7,13.0,13.4,18.1,39.5,14.5,126.0,543.0,5.0,156,18,3,5
2026-05-28 19:00:00+00:00,36.5,16.0,13.5,23.0,37.8,25.3,98.0,655.0,6.2,148,19,3,5
2026-05-28 20:00:00+00:00,35.4,17.0,9.2,25.7,37.7,34.2,76.0,748.0,7.3,129,20,3,5
2026-05-28 21:00:00+00:00,34.0,21.0,3.3,27.0,37.4,39.9,64.0,824.0,8.1,118,21,3,5
2026-05-28 22:00:00+00:00,33.1,25.0,0.8,30.9,40.9,43.7,58.0,883.0,8.8,116,22,3,5
2026-05-28 23:00:00+00:00,34.4,21.0,3.7,36.0,46.4,44.7,55.0,888.0,9.1,113,23,3,5
2026-05-29 00:00:00+00:00,32.9,27.0,1.3,38.4,48.2,41.4,54.0,800.0,8.8,110,0,4,5
2026-05-29 01:00:00+00:00,32.5,31.0,0.6,38.0,49.4,35.2,56.0,660.0,8.2,106,1,4,5
2026-05-29 02:00:00+00:00,30.8,27.0,5.0,48.7,107.1,29.6,60.0,551.0,8.2,104,2,4,5
2026-05-29 03:00:00+00:00,30.0,29.0,8.1,71.2,201.6,25.7,67.0,505.0,9.4,103,3,4,5
2026-05-29 04:00:00+00:00,29.3,33.0,5.3,89.6,262.6,22.4,76.0,492.0,11.2,104,4,4,5
2026-05-29 05:00:00+00:00,29.0,34.0,7.9,94.1,353.0,31.4,63.0,500.0,11.0,107,5,4,5
2026-05-29 06:00:00+00:00,28.2,40.0,11.9,106.2,372.5,27.6,76.0,548.0,12.9,109,6,4,5
2026-05-29 07:00:00+00:00,29.3,45.0,12.9,120.6,444.2,22.2,96.0,618.0,15.4,113,7,4,5
2026-05-29 08:00:00+00:00,30.8,46.0,11.8,143.9,506.6,17.0,118.0,649.0,17.2,118,8,4,5
2026-05-29 09:00:00+00:00,32.5,44.0,11.9,152.7,521.5,12.3,146.0,601.0,17.5,128,9,4,5
2026-05-29 10:00:00+00:00,34.5,40.0,14.1,143.9,478.7,7.8,176.0,513.0,17.1,140,10,4,5
2026-05-29 11:00:00+00:00,35.9,33.0,15.1,131.3,432.1,4.7,198.0,442.0,16.4,150,11,4,5
2026-05-29 12:00:00+00:00,37.4,29.0,13.9,123.4,419.1,3.6,204.0,401.0,15.5,154,12,4,5
2026-05-29 13:00:00+00:00,38.8,24.0,12.1,117.6,425.6,3.9,201.0,376.0,14.4,157,13,4,5
2026-05-29 14:00:00+00:00,39.5,21.0,9.7,109.2,412.6,4.6,198.0,381.0,13.6,160,14,4,5
2026-05-29 15:00:00+00:00,39.7,20.0,7.9,101.0,377.2,2.9,201.0,428.0,13.1,162,15,4,5
2026-05-29 16:00:00+00:00,35.3,27.0,22.9,94.8,342.7,1.6,204.0,505.0,12.8,167,16,4,5
2026-05-29 17:00:00+00:00,39.5,15.0,6.2,105.0,417.2,9.3,189.0,594.0,14.4,181,17,4,5
2026-05-29 18:00:00+00:00,36.9,22.0,10.9,98.7,355.8,17.9,164.0,719.0,14.8,188,18,4,5
2026-05-29 19:00:00+00:00,34.5,29.0,10.7,101.0,324.1,29.5,131.0,856.0,15.3,186,19,4,5
2026-05-29 20:00:00+00:00,33.3,31.0,13.1,106.4,330.6,35.8,108.0,915.0,15.4,175,20,4,5
2026-05-29 21:00:00+00:00,32.7,31.0,15.9,107.1,352.0,31.7,108.0,834.0,14.9,177,21,4,5
2026-05-29 22:00:00+00:00,31.5,35.0,12.4,106.2,363.2,22.4,119.0,676.0,14.0,181,22,4,5
2026-05-29 23:00:00+00:00,28.2,50.0,13.6,109.4,383.7,15.1,127.0,540.0,13.4,188,23,4,5
2026-05-30 00:00:00+00:00,27.3,53.0,12.8,112.9,399.5,13.0,126.0,460.0,13.4,195,0,5,5
2026-05-30 01:00:00+00:00,27.6,55.0,12.0,111.3,388.4,12.9,122.0,403.0,13.8,207,1,5,5
2026-05-30 02:00:00+00:00,28.5,57.0,11.4,103.8,357.6,12.6,118.0,365.0,14.1,227,2,5,5
2026-05-30 03:00:00+00:00,28.5,58.0,9.6,96.6,332.5,11.1,116.0,321.0,14.3,242,3,5,5
2026-05-30 04:00:00+00:00,28.0,59.0,10.3,106.9,391.2,9.4,114.0,297.0,14.5,250,4,5,5
2026-05-30 05:00:00+00:00,22.8,80.0,22.6,154.1,571.8,9.0,112.0,366.0,15.6,257,5,5,5
2026-05-30 06:00:00+00:00,22.9,89.0,9.5,186.3,713.4,9.5,112.0,644.0,15.5,270,6,5,5
2026-05-30 07:00:00+00:00,23.2,89.0,7.5,187.7,709.7,10.1,112.0,1016.0,15.4,291,7,5,5
2026-05-30 08:00:00+00:00,23.6,91.0,11.9,134.6,454.5,10.1,117.0,1208.0,14.7,306,8,5,5
2026-05-30 09:00:00+00:00,24.6,87.0,16.7,57.2,145.3,9.1,129.0,1043.0,13.0,303,9,5,5
2026-05-30 10:00:00+00:00,27.8,67.0,15.0,23.3,41.2,7.4,145.0,697.0,10.9,281,10,5,5
2026-05-30 11:00:00+00:00,24.0,75.0,24.0,22.9,55.8,6.0,158.0,432.0,9.2,255,11,5,5
2026-05-30 12:00:00+00:00,25.4,66.0,16.3,31.0,96.9,4.9,166.0,347.0,8.5,232,12,5,5
2026-05-30 13:00:00+00:00,27.6,54.0,13.2,34.5,112.0,4.0,172.0,341.0,8.3,213,13,5,5
2026-05-30 14:00:00+00:00,27.5,52.0,17.4,34.9,112.2,3.7,175.0,374.0,8.2,198,14,5,5
2026-05-30 15:00:00+00:00,27.8,47.0,13.5,36.4,119.0,3.7,177.0,398.0,8.1,192,15,5,5
2026-05-30 16:00:00+00:00,27.8,46.0,13.2,39.2,136.4,4.4,176.0,459.0,8.1,186,16,5,5
2026-05-30 17:00:00+00:00,28.5,60.0,11.2,9.8,9.8,7.5,163.0,657.0,4.2,182,17,5,5
2026-05-30 18:00:00+00:00,27.3,64.0,10.3,11.1,14.0,13.3,147.0,1167.0,4.8,174,18,5,5
2026-05-30 19:00:00+00:00,26.7,64.0,8.6,14.8,17.9,21.3,124.0,1813.0,5.5,171,19,5,5
2026-05-30 20:00:00+00:00,26.0,67.0,7.0,17.9,20.8,26.9,106.0,2164.0,6.3,168,20,5,5
2026-05-30 21:00:00+00:00,25.6,68.0,5.2,18.9,21.7,27.9,99.0,1941.0,6.9,165,21,5,5
2026-05-30 22:00:00+00:00,25.2,71.0,4.5,19.6,21.8,26.6,97.0,1424.0,7.6,163,22,5,5
2026-05-30 23:00:00+00:00,24.2,73.0,8.9,20.0,21.7,25.3,94.0,1015.0,8.1,160,23,5,5
2026-05-31 00:00:00+00:00,23.4,77.0,6.8,19.7,20.8,24.7,89.0,885.0,8.5,158,0,6,5
2026-05-31 01:00:00+00:00,23.0,80.0,4.5,19.0,20.2,24.0,84.0,864.0,8.9,155,1,6,5
2026-05-31 02:00:00+00:00,22.7,83.0,4.8,19.8,21.4,23.7,79.0,845.0,9.2,152,2,6,5
2026-05-31 03:00:00+00:00,22.4,84.0,7.2,22.1,24.2,24.3,73.0,790.0,9.4,148,3,6,5
2026-05-31 04:00:00+00:00,22.2,85.0,7.6,23.2,26.5,25.3,67.0,737.0,9.6,141,4,6,5
2026-05-31 05:00:00+00:00,22.8,85.0,8.3,20.1,47.6,14.9,95.0,689.0,13.2,132,5,6,5
2026-05-31 06:00:00+00:00,22.9,81.0,8.6,21.8,59.4,13.9,101.0,653.0,13.8,118,6,6,5
2026-05-31 07:00:00+00:00,24.1,76.0,9.0,28.9,99.2,12.4,111.0,621.0,14.6,101,7,6,5
2026-05-31 08:00:00+00:00,26.2,66.0,11.2,39.8,157.9,10.6,123.0,575.0,15.0,88,8,6,5
2026-05-31 09:00:00+00:00,28.1,57.0,12.3,49.0,201.2,8.1,142.0,495.0,14.7,81,9,6,5
2026-05-31 10:00:00+00:00,29.9,51.0,12.2,55.9,236.1,5.2,164.0,400.0,14.0,80,10,6,5
2026-05-31 11:00:00+00:00,31.4,43.0,15.6,57.9,244.9,3.1,179.0,332.0,13.1,83,11,6,5
2026-05-31 12:00:00+00:00,32.3,39.0,14.2,56.8,239.3,2.3,182.0,309.0,11.8,85,12,6,5
2026-05-31 13:00:00+00:00,33.1,37.0,12.0,56.2,239.3,2.3,178.0,312.0,10.3,100,13,6,5
2026-05-31 14:00:00+00:00,33.6,34.0,10.7,56.5,245.9,2.7,173.0,327.0,9.1,118,14,6,5
2026-05-31 15:00:00+00:00,33.6,35.0,10.7,56.9,251.5,2.6,171.0,345.0,8.5,133,15,6,5
2026-05-31 16:00:00+00:00,33.3,35.0,11.2,57.5,257.0,2.8,168.0,375.0,8.2,146,16,6,5
2026-05-31 17:00:00+00:00,32.6,35.0,7.5,43.5,191.9,5.3,163.0,423.0,7.5,154,17,6,5
2026-05-31 18:00:00+00:00,31.5,40.0,7.6,44.4,169.5,13.3,141.0,509.0,8.3,157,18,6,5
2026-05-31 19:00:00+00:00,30.0,44.0,8.0,47.0,139.7,24.1,111.0,614.0,9.4,154,19,6,5
2026-05-31 20:00:00+00:00,29.3,47.0,9.7,47.7,129.0,31.1,89.0,688.0,10.1,140,20,6,5
2026-05-31 21:00:00+00:00,28.5,51.0,7.6,46.9,127.1,30.5,83.0,711.0,10.1,120,21,6,5
2026-05-31 22:00:00+00:00,27.8,54.0,7.0,46.9,128.5,26.0,85.0,704.0,9.7,108,22,6,5
2026-05-31 23:00:00+00:00,27.9,58.0,6.8,49.2,139.7,22.4,85.0,672.0,9.3,111,23,6,5
2026-06-01 00:00:00+00:00,27.0,63.0,4.4,52.9,158.3,21.2,81.0,603.0,9.0,114,0,0,6
2026-06-01 01:00:00+00:00,26.5,66.0,4.1,57.6,177.4,20.8,75.0,510.0,8.6,117,1,0,6
2026-06-01 02:00:00+00:00,25.9,67.0,5.2,61.9,192.3,21.2,68.0,441.0,8.4,122,2,0,6
2026-06-01 03:00:00+00:00,25.5,68.0,6.5,66.6,213.3,23.2,57.0,403.0,8.2,126,3,0,6
2026-06-01 04:00:00+00:00,25.2,68.0,6.4,70.5,229.6,26.1,46.0,390.0,8.2,131,4,0,6
2026-06-01 05:00:00+00:00,25.5,63.0,6.7,41.6,98.0,21.3,64.0,428.0,9.1,135,5,0,6
2026-06-01 06:00:00+00:00,25.6,63.0,6.8,43.5,95.9,21.1,76.0,580.0,10.4,138,6,0,6
2026-06-01 07:00:00+00:00,27.2,60.0,6.0,48.8,135.0,20.6,95.0,785.0,12.0,140,7,0,6
2026-06-01 08:00:00+00:00,29.2,54.0,6.2,61.5,248.7,18.8,114.0,882.0,12.8,142,8,0,6
2026-06-01 09:00:00+00:00,31.3,46.0,9.5,58.8,239.3,14.2,136.0,763.0,11.8,144,9,0,6
2026-06-01 10:00:00+00:00,32.9,41.0,8.7,48.1,164.4,8.2,160.0,538.0,10.0,145,10,0,6
2026-06-01 11:00:00+00:00,34.1,34.0,5.3,39.8,123.4,3.9,177.0,375.0,8.4,145,11,0,6
2026-06-01 12:00:00+00:00,34.7,33.0,4.0,36.4,105.0,2.6,182.0,349.0,7.5,143,12,0,6
2026-06-01 13:00:00+00:00,35.6,31.0,5.4,34.7,94.8,2.9,180.0,386.0,7.0,140,13,0,6
2026-06-01 14:00:00+00:00,34.6,34.0,7.3,32.6,85.0,3.8,178.0,430.0,6.7,138,14,0,6
2026-06-01 15:00:00+00:00,35.1,31.0,7.4,31.3,79.2,1.6,182.0,446.0,6.6,136,15,0,6
2026-06-01 16:00:00+00:00,35.0,31.0,8.3,31.4,77.8,0.0,186.0,469.0,6.7,145,16,0,6
2026-06-01 17:00:00+00:00,35.2,29.0,9.1,27.2,39.2,7.2,161.0,552.0,5.8,158,17,0,6
2026-06-01 18:00:00+00:00,34.2,33.0,7.2,31.4,42.6,30.6,127.0,739.0,8.4,162,18,0,6
2026-06-01 19:00:00+00:00,32.7,41.0,4.0,44.2,53.6,62.6,80.0,986.0,12.1,156,19,0,6
2026-06-01 20:00:00+00:00,32.3,42.0,4.2,59.3,70.1,84.8,45.0,1210.0,15.0,138,20,0,6
2026-06-01 21:00:00+00:00,31.8,46.0,4.0,69.8,82.4,87.7,33.0,1428.0,16.6,128,21,0,6
2026-06-01 22:00:00+00:00,30.9,51.0,3.1,73.1,87.1,80.7,33.0,1624.0,17.3,131,22,0,6
2026-06-01 23:00:00+00:00,30.8,56.0,1.3,73.8,87.8,73.8,34.0,1657.0,17.3,133,23,0,6
2026-06-02 00:00:00+00:00,29.3,55.0,4.6,72.6,85.0,70.6,31.0,1396.0,16.0,136,0,1,6
2026-06-02 01:00:00+00:00,28.9,53.0,5.9,67.3,78.5,67.4,28.0,974.0,13.9,138,1,1,6
2026-06-02 02:00:00+00:00,28.5,51.0,7.8,61.2,88.7,63.1,27.0,650.0,12.2,139,2,1,6
2026-06-02 03:00:00+00:00,28.0,51.0,8.0,63.8,139.2,56.5,28.0,526.0,11.3,139,3,1,6
2026-06-02 04:00:00+00:00,27.5,52.0,5.1,75.7,215.6,48.8,32.0,501.0,11.0,139,4,1,6
2026-06-02 05:00:00+00:00,27.3,60.0,4.8,106.4,347.4,22.4,76.0,526.0,12.0,139,5,1,6
2026-06-02 06:00:00+00:00,27.3,61.0,4.4,105.2,312.9,21.6,83.0,632.0,13.9,146,6,1,6
2026-06-02 07:00:00+00:00,28.9,55.0,5.0,106.9,339.0,20.3,93.0,790.0,16.4,151,7,1,6
2026-06-02 08:00:00+00:00,31.0,49.0,5.9,102.4,338.1,18.0,109.0,862.0,17.9,152,8,1,6
2026-06-02 09:00:00+00:00,33.1,42.0,7.6,88.9,280.3,13.9,136.0,759.0,17.7,154,9,1,6
2026-06-02 10:00:00+00:00,34.8,35.0,5.2,75.9,272.9,8.8,169.0,571.0,16.6,155,10,1,6
2026-06-02 11:00:00+00:00,36.0,31.0,6.1,72.9,300.8,5.0,192.0,433.0,15.1,155,11,1,6
2026-06-02 12:00:00+00:00,36.8,29.0,4.9,61.0,252.4,3.5,196.0,402.0,13.0,156,12,1,6
2026-06-02 13:00:00+00:00,37.3,28.0,3.5,53.9,211.4,3.3,191.0,421.0,10.5,157,13,1,6
2026-06-02 14:00:00+00:00,37.5,28.0,4.2,49.7,182.1,3.8,186.0,454.0,8.9,158,14,1,6
2026-06-02 15:00:00+00:00,37.5,27.0,5.7,48.0,168.1,2.1,190.0,472.0,8.6,158,15,1,6
2026-06-02 16:00:00+00:00,37.1,28.0,7.7,48.4,163.9,1.0,196.0,503.0,9.1,159,16,1,6
2026-06-02 17:00:00+00:00,38.3,24.0,4.0,58.0,207.2,8.5,190.0,597.0,10.3,170,17,1,6
2026-06-02 18:00:00+00:00,37.3,25.0,4.7,59.3,203.5,40.4,150.0,828.0,13.2,178,18,1,6
2026-06-02 19:00:00+00:00,35.8,28.0,6.9,76.6,209.1,84.1,94.0,1122.0,17.3,175,19,1,6
2026-06-02 20:00:00+00:00,34.6,31.0,7.3,96.9,231.4,115.4,51.0,1303.0,21.1,162,20,1,6
2026-06-02 21:00:00+00:00,34.0,34.0,2.5,111.3,241.2,122.2,34.0,1271.0,24.3,163,21,1,6
2026-06-02 22:00:00+00:00,33.0,34.0,4.3,121.1,242.1,116.6,29.0,1125.0,27.1,164,22,1,6
2026-06-02 23:00:00+00:00,31.7,39.0,7.9,126.7,239.3,110.6,25.0,991.0,28.6,166,23,1,6
2026-06-03 00:00:00+00:00,30.5,43.0,7.4,125.3,229.1,108.0,18.0,908.0,27.9,167,0,2,6
2026-06-03 01:00:00+00:00,29.7,46.0,7.8,122.9,220.7,105.0,11.0,837.0,25.9,169,1,2,6
2026-06-03 02:00:00+00:00,28.8,50.0,8.3,120.1,206.8,101.6,7.0,779.0,23.9,170,2,2,6
2026-06-03 03:00:00+00:00,28.3,53.0,7.8,114.1,189.5,98.5,3.0,733.0,22.2,172,3,2,6
2026-06-03 04:00:00+00:00,28.1,54.0,8.1,103.4,164.4,95.1,1.0,700.0,20.6,174,4,2,6
2026-06-03 05:00:00+00:00,27.5,61.0,4.9,64.5,107.3,46.6,43.0,693.0,12.1,175,5,2,6
2026-06-03 06:00:00+00:00,27.2,64.0,6.9,60.5,94.5,40.4,61.0,739.0,12.0,173,6,2,6
2026-06-03 07:00:00+00:00,27.5,63.0,12.2,58.4,92.4,31.6,87.0,809.0,11.8,172,7,2,6
2026-06-03 08:00:00+00:00,28.3,62.0,7.5,52.6,97.3,23.3,114.0,830.0,11.7,170,8,2,6
2026-06-03 09:00:00+00:00,30.9,52.0,7.9,50.8,115.3,16.0,145.0,750.0,11.7,169,9,2,6
2026-06-03 10:00:00+00:00,33.2,42.0,7.9,53.3,136.0,9.1,178.0,620.0,11.8,168,10,2,6
2026-06-03 11:00:00+00:00,32.5,43.0,5.3,50.4,128.5,4.3,201.0,523.0,11.7,167,11,2,6
2026-06-03 12:00:00+00:00,34.5,37.0,2.8,48.5,122.0,2.6,209.0,498.0,11.3,167,12,2,6
2026-06-03 13:00:00+00:00,35.7,34.0,2.7,47.1,112.5,3.0,208.0,506.0,10.8,166,13,2,6
2026-06-03 14:00:00+00:00,36.5,31.0,7.0,46.1,104.3,3.9,205.0,512.0,10.6,166,14,2,6
2026-06-03 15:00:00+00:00,37.0,31.0,9.0,45.6,98.5,3.8,203.0,494.0,10.7,166,15,2,6
2026-06-03 16:00:00+00:00,36.9,31.0,9.9,45.2,93.4,4.1,199.0,474.0,11.1,171,16,2,6
2026-06-03 17:00:00+00:00,37.8,27.0,8.5,34.9,68.5,7.2,176.0,486.0,10.4,184,17,2,6
2026-06-03 18:00:00+00:00,36.9,29.0,9.3,34.3,63.8,25.7,145.0,515.0,12.0,189,18,2,6
2026-06-03 19:00:00+00:00,36.1,31.0,8.3,44.8,69.4,51.5,101.0,576.0,14.2,184,19,2,6
2026-06-03 20:00:00+00:00,35.2,38.0,1.9,56.1,80.1,73.8,64.0,747.0,16.3,168,20,2,6
2026-06-03 21:00:00+00:00,34.4,36.0,3.1,62.2,86.1,89.1,41.0,1141.0,18.3,162,21,2,6
2026-06-03 22:00:00+00:00,33.5,40.0,3.4,69.4,94.8,100.8,25.0,1646.0,20.3,161,22,2,6
2026-06-03 23:00:00+00:00,33.8,41.0,3.4,79.4,106.2,108.3,13.0,2005.0,21.5,159,23,2,6
2026-06-04 00:00:00+00:00,33.0,43.0,1.5,84.8,112.2,111.7,4.0,2118.0,21.4,158,0,3,6
2026-06-04 01:00:00+00:00,32.4,46.0,0.3,88.9,116.2,111.0,0.0,2085.0,20.6,156,1,3,6
2026-06-04 02:00:00+00:00,30.7,50.0,2.1,92.4,116.9,105.5,0.0,1951.0,19.6,155,2,3,6
2026-06-04 03:00:00+00:00,29.5,55.0,3.2,88.5,109.7,92.3,5.0,1662.0,18.5,155,3,3,6
2026-06-04 04:00:00+00:00,28.9,58.0,2.7,79.9,97.1,74.4,15.0,1272.0,17.3,154,4,3,6
2026-06-04 05:00:00+00:00,30.1,52.0,5.1,86.4,106.6,76.1,14.0,989.0,18.0,153,5,3,6
2026-06-04 06:00:00+00:00,29.9,52.0,7.5,86.1,103.6,65.8,40.0,920.0,19.4,154,6,3,6
2026-06-04 07:00:00+00:00,31.4,49.0,5.4,76.6,95.0,51.1,76.0,959.0,21.3,155,7,3,6
2026-06-04 08:00:00+00:00,33.7,42.0,7.8,61.5,87.8,37.3,114.0,996.0,22.4,155,8,3,6
2026-06-04 09:00:00+00:00,36.0,34.0,5.7,55.8,85.9,25.1,154.0,1003.0,22.2,155,9,3,6
2026-06-04 10:00:00+00:00,26.5,75.0,18.7,53.2,83.8,13.7,194.0,1008.0,21.2,156,10,3,6
2026-06-04 11:00:00+00:00,31.1,48.0,5.6,49.1,86.1,5.6,221.0,992.0,19.8,156,11,3,6
2026-06-04 12:00:00+00:00,35.7,36.0,4.7,46.1,92.4,2.5,226.0,928.0,17.8,156,12,3,6
2026-06-04 13:00:00+00:00,35.3,34.0,8.4,54.0,114.1,2.7,218.0,841.0,15.5,155,13,3,6
2026-06-04 14:00:00+00:00,34.9,36.0,5.0,46.4,97.1,4.0,208.0,790.0,13.9,156,14,3,6
2026-06-04 15:00:00+00:00,35.9,32.0,7.0,47.1,97.8,5.8,200.0,681.0,13.7,162,15,3,6
2026-06-04 16:00:00+00:00,36.1,31.0,5.0,46.7,88.7,8.6,189.0,607.0,14.2,182,16,3,6
2026-06-04 17:00:00+00:00,31.1,46.0,20.8,56.2,99.9,11.5,180.0,903.0,13.8,194,17,3,6
2026-06-04 18:00:00+00:00,28.8,53.0,13.6,54.0,93.1,14.9,162.0,1952.0,12.8,198,18,3,6
2026-06-04 19:00:00+00:00,27.8,57.0,8.4,52.4,83.8,19.8,136.0,3371.0,11.4,193,19,3,6
2026-06-04 20:00:00+00:00,27.2,59.0,7.6,52.3,77.5,23.8,113.0,4350.0,10.3,180,20,3,6
2026-06-04 21:00:00+00:00,26.5,62.0,5.8,51.8,75.2,26.2,97.0,4495.0,9.9,162,21,3,6
2026-06-04 22:00:00+00:00,26.2,66.0,3.6,52.0,73.1,27.9,84.0,4199.0,9.8,157,22,3,6
2026-06-04 23:00:00+00:00,25.7,58.0,5.9,51.8,71.0,29.2,74.0,3830.0,9.8,156,23,3,6
2026-06-05 00:00:00+00:00,24.9,60.0,6.4,51.0,68.5,29.9,68.0,3480.0,9.8,155,0,4,6
2026-06-05 01:00:00+00:00,25.2,57.0,8.8,50.4,66.8,30.2,64.0,3056.0,10.0,154,1,4,6
2026-06-05 02:00:00+00:00,24.6,62.0,4.8,51.1,66.6,31.5,60.0,2652.0,10.2,153,2,4,6
2026-06-05 03:00:00+00:00,24.1,66.0,4.3,54.1,70.1,35.6,50.0,2292.0,10.3,152,3,4,6
2026-06-05 04:00:00+00:00,23.7,68.0,4.5,57.2,73.6,40.7,39.0,1952.0,10.6,151,4,4,6
2026-06-05 05:00:00+00:00,24.2,71.0,6.3,48.4,59.1,28.2,52.0,1651.0,10.2,150,5,4,6
2026-06-05 06:00:00+00:00,24.0,73.0,6.5,48.8,61.2,25.5,65.0,1400.0,11.5,147,6,4,6
2026-06-05 07:00:00+00:00,25.3,68.0,6.3,48.7,72.6,21.6,85.0,1189.0,13.2,143,7,4,6
2026-06-05 08:00:00+00:00,27.5,58.0,6.7,46.3,75.4,17.5,109.0,1006.0,14.3,140,8,4,6
2026-06-05 09:00:00+00:00,29.4,52.0,7.7,44.8,75.2,13.0,140.0,846.0,14.4,139,9,4,6
2026-06-05 10:00:00+00:00,31.0,49.0,7.3,44.0,75.2,8.4,176.0,714.0,13.9,138,10,4,6
2026-06-05 11:00:00+00:00,32.6,44.0,5.0,43.9,76.4,5.0,201.0,616.0,13.2,137,11,4,6
2026-06-05 12:00:00+00:00,34.0,41.0,4.3,43.7,77.8,3.6,209.0,562.0,12.1,136,12,4,6
2026-06-05 13:00:00+00:00,34.9,38.0,3.5,43.0,77.8,3.5,208.0,542.0,10.8,136,13,4,6
2026-06-05 14:00:00+00:00,35.5,35.0,2.8,41.4,75.0,3.9,205.0,536.0,9.9,135,14,4,6
2026-06-05 15:00:00+00:00,35.9,33.0,4.4,40.6,72.4,2.9,207.0,511.0,9.6,150,15,4,6
2026-06-05 16:00:00+00:00,35.9,31.0,6.0,39.6,69.4,2.4,207.0,501.0,9.7,169,16,4,6
2026-06-05 17:00:00+00:00,35.9,29.0,2.6,24.7,32.8,8.1,222.0,584.0,13.1,185,17,4,6
2026-06-05 18:00:00+00:00,35.2,32.0,2.9,25.4,33.9,18.5,202.0,842.0,14.7,198,18,4,6
2026-06-05 19:00:00+00:00,33.3,44.0,3.0,30.5,39.0,33.6,172.0,1194.0,17.1,201,19,4,6
2026-06-05 20:00:00+00:00,32.2,46.0,3.9,41.9,50.2,49.4,141.0,1477.0,19.3,198,20,4,6
2026-06-05 21:00:00+00:00,31.4,47.0,4.4,53.8,61.7,67.9,107.0,1649.0,21.6,187,21,4,6
2026-06-05 22:00:00+00:00,31.3,49.0,0.6,65.9,73.6,87.2,72.0,1752.0,23.7,171,22,4,6
2026-06-05 23:00:00+00:00,30.4,49.0,2.9,76.8,84.5,98.0,46.0,1756.0,24.5,149,23,4,6
2026-06-06 00:00:00+00:00,29.9,47.0,4.0,79.2,86.8,93.8,36.0,1598.0,22.8,128,0,5,6
2026-06-06 01:00:00+00:00,29.3,46.0,4.5,77.3,85.2,81.1,37.0,1340.0,19.8,130,1,5,6
2026-06-06 02:00:00+00:00,28.9,44.0,5.5,74.0,82.4,70.0,37.0,1134.0,17.3,133,2,5,6
2026-06-06 03:00:00+00:00,28.3,45.0,5.3,71.2,79.9,64.5,32.0,1023.0,15.9,136,3,5,6
2026-06-06 04:00:00+00:00,27.7,47.0,4.5,70.1,77.8,60.6,27.0,963.0,15.1,137,4,5,6
2026-06-06 05:00:00+00:00,27.4,62.0,3.9,100.4,109.7,100.3,8.0,978.0,22.3,139,5,5,6
2026-06-06 06:00:00+00:00,27.5,58.0,5.1,97.3,104.8,80.5,40.0,1154.0,21.6,144,6,5,6
2026-06-06 07:00:00+00:00,29.4,54.0,2.8,71.9,78.0,52.9,86.0,1404.0,20.7,149,7,5,6
2026-06-06 08:00:00+00:00,32.2,44.0,3.2,41.3,48.1,30.3,128.0,1494.0,19.8,150,8,5,6
2026-06-06 09:00:00+00:00,34.9,34.0,4.8,35.5,43.5,17.6,165.0,1259.0,19.2,150,9,5,6
2026-06-06 10:00:00+00:00,36.6,29.0,5.0,33.3,43.4,9.9,198.0,864.0,18.7,150,10,5,6
2026-06-06 11:00:00+00:00,37.8,23.0,3.1,31.0,41.2,4.9,221.0,564.0,17.8,149,11,5,6
2026-06-06 12:00:00+00:00,38.6,21.0,4.0,29.2,39.3,2.6,227.0,469.0,16.0,148,12,5,6
2026-06-06 13:00:00+00:00,39.3,20.0,4.7,28.6,40.3,3.0,223.0,469.0,13.8,146,13,5,6
2026-06-06 14:00:00+00:00,39.8,19.0,4.4,28.5,41.8,3.9,218.0,488.0,12.3,145,14,5,6
2026-06-06 15:00:00+00:00,40.0,19.0,2.4,28.5,44.0,2.1,220.0,484.0,11.7,171,15,5,6
2026-06-06 16:00:00+00:00,39.8,19.0,4.3,28.8,46.1,0.9,222.0,500.0,11.8,193,16,5,6
2026-06-06 17:00:00+00:00,39.4,17.0,7.7,31.8,44.8,7.8,217.0,589.0,13.1,203,17,5,6
2026-06-06 18:00:00+00:00,38.3,18.0,3.7,32.2,44.6,23.0,186.0,815.0,14.4,207,18,5,6
2026-06-06 19:00:00+00:00,37.1,28.0,0.8,42.6,53.3,44.3,142.0,1113.0,16.2,206,19,5,6
2026-06-06 20:00:00+00:00,35.7,26.0,3.0,50.4,61.0,63.1,103.0,1346.0,17.7,201,20,5,6
2026-06-06 21:00:00+00:00,34.6,26.0,4.6,55.1,65.2,76.6,73.0,1476.0,18.6,182,21,5,6
2026-06-06 22:00:00+00:00,34.1,27.0,3.9,61.5,71.5,87.6,47.0,1541.0,19.2,158,22,5,6
2026-06-06 23:00:00+00:00,34.0,29.0,3.8,67.5,77.1,95.5,27.0,1515.0,19.4,144,23,5,6
2026-06-07 00:00:00+00:00,32.9,30.0,4.0,70.3,79.6,99.8,15.0,1342.0,19.0,143,0,6,6
2026-06-07 01:00:00+00:00,31.9,32.0,2.3,73.8,82.9,101.1,9.0,1078.0,18.1,142,1,6,6
2026-06-07 02:00:00+00:00,30.9,34.0,3.4,77.1,85.9,100.0,5.0,863.0,17.2,142,2,6,6
2026-06-07 03:00:00+00:00,30.0,36.0,6.5,81.3,89.9,97.4,0.0,741.0,16.4,142,3,6,6
2026-06-07 04:00:00+00:00,28.7,41.0,4.1,85.0,93.1,92.5,0.0,667.0,15.5,143,4,6,6
2026-06-07 05:00:00+00:00,29.0,42.0,2.3,55.2,61.9,51.6,32.0,650.0,10.3,145,5,6,6
2026-06-07 06:00:00+00:00,29.0,42.0,3.1,62.4,68.9,44.1,56.0,740.0,11.5,140,6,6,6
2026-06-07 07:00:00+00:00,30.9,36.0,1.8,49.2,56.2,33.6,89.0,886.0,13.1,137,7,6,6
2026-06-07 08:00:00+00:00,33.7,30.0,2.2,40.0,48.2,23.9,123.0,943.0,14.2,134,8,6,6
2026-06-07 09:00:00+00:00,36.2,25.0,2.8,32.9,41.3,15.9,156.0,818.0,14.5,134,9,6,6
2026-06-07 10:00:00+00:00,38.3,20.0,1.3,28.2,37.6,8.6,188.0,605.0,14.4,134,10,6,6
2026-06-07 11:00:00+00:00,38.9,19.0,1.3,30.6,45.3,3.6,212.0,437.0,14.1,133,11,6,6
2026-06-07 12:00:00+00:00,40.3,17.0,2.6,31.2,47.3,1.9,222.0,372.0,13.5,133,12,6,6
2026-06-07 13:00:00+00:00,41.0,16.0,5.3,30.6,46.3,2.3,222.0,352.0,12.6,133,13,6,6
2026-06-07 14:00:00+00:00,41.3,16.0,7.4,29.9,45.2,3.1,220.0,345.0,12.0,136,14,6,6
2026-06-07 15:00:00+00:00,41.2,16.0,8.1,28.8,43.3,2.8,219.0,332.0,11.7,166,15,6,6
2026-06-07 16:00:00+00:00,40.9,16.0,10.9,27.8,41.7,2.8,215.0,332.0,11.6,187,16,6,6
2026-06-07 17:00:00+00:00,40.6,16.0,9.2,30.3,49.0,5.1,193.0,361.0,10.7,201,17,6,6
2026-06-07 18:00:00+00:00,39.5,17.0,10.5,29.6,45.2,11.3,169.0,439.0,11.1,203,18,6,6
2026-06-07 19:00:00+00:00,38.1,20.0,7.0,34.0,45.6,20.0,135.0,546.0,11.6,202,19,6,6
2026-06-07 20:00:00+00:00,36.7,24.0,8.0,36.7,46.3,27.4,106.0,645.0,11.8,192,20,6,6
2026-06-07 21:00:00+00:00,35.7,24.0,6.6,38.0,46.1,31.6,87.0,734.0,11.5,173,21,6,6
2026-06-07 22:00:00+00:00,34.8,25.0,5.2,39.9,46.9,34.5,72.0,815.0,10.9,152,22,6,6
2026-06-07 23:00:00+00:00,34.5,29.0,3.6,42.7,49.2,38.7,58.0,854.0,10.6,127,23,6,6
2026-06-08 00:00:00+00:00,33.4,32.0,3.7,46.0,52.4,45.9,44.0,829.0,10.7,124,0,0,6
2026-06-08 01:00:00+00:00,32.8,32.0,4.3,49.6,56.1,54.4,32.0,762.0,11.1,122,1,0,6
2026-06-08 02:00:00+00:00,32.1,33.0,4.6,53.2,59.8,61.3,22.0,692.0,11.4,119,2,0,6
2026-06-08 03:00:00+00:00,31.2,36.0,4.2,56.8,63.6,66.8,11.0,596.0,11.6,117,3,0,6
2026-06-08 04:00:00+00:00,30.5,37.0,4.2,61.2,68.0,70.8,3.0,497.0,11.7,114,4,0,6
2026-06-08 05:00:00+00:00,31.2,38.0,3.6,56.7,63.6,62.9,14.0,497.0,11.5,112,5,0,6
2026-06-08 06:00:00+00:00,31.4,39.0,3.5,64.7,71.9,53.6,46.0,717.0,13.3,112,6,0,6
2026-06-08 07:00:00+00:00,33.0,35.0,2.0,53.6,59.6,40.4,92.0,1036.0,15.8,112,7,0,6
2026-06-08 08:00:00+00:00,35.5,29.0,1.6,38.4,46.9,28.5,133.0,1194.0,17.1,113,8,0,6
2026-06-08 09:00:00+00:00,37.7,26.0,2.2,32.8,42.8,19.1,167.0,1026.0,16.5,112,9,0,6
2026-06-08 10:00:00+00:00,39.3,23.0,2.7,30.0,41.0,11.0,196.0,696.0,14.7,112,10,0,6
2026-06-08 11:00:00+00:00,40.5,19.0,6.0,25.1,37.0,5.2,213.0,435.0,12.9,113,11,0,6
2026-06-08 12:00:00+00:00,41.5,16.0,7.3,20.4,32.6,2.8,211.0,335.0,11.1,112,12,0,6
2026-06-08 13:00:00+00:00,41.8,15.0,8.5,18.3,31.0,2.8,198.0,305.0,9.2,111,13,0,6
2026-06-08 14:00:00+00:00,42.0,15.0,9.9,17.3,29.9,3.3,185.0,300.0,7.9,134,14,0,6
2026-06-08 15:00:00+00:00,41.9,15.0,10.6,16.6,28.9,2.6,181.0,294.0,7.3,160,15,0,6
2026-06-08 16:00:00+00:00,41.5,16.0,11.1,16.3,28.3,2.5,177.0,313.0,7.2,174,16,0,6
2026-06-08 17:00:00+00:00,41.5,15.0,12.8,21.8,37.1,6.2,170.0,391.0,7.3,181,17,0,6
2026-06-08 18:00:00+00:00,40.7,16.0,11.4,23.3,37.6,15.0,149.0,562.0,8.3,182,18,0,6
2026-06-08 19:00:00+00:00,39.5,18.0,8.1,29.7,41.1,27.2,120.0,791.0,9.7,174,19,0,6
2026-06-08 20:00:00+00:00,38.1,21.0,6.5,35.6,46.9,36.1,97.0,1008.0,10.8,159,20,0,6
2026-06-08 21:00:00+00:00,37.2,23.0,5.5,39.2,51.8,38.9,87.0,1242.0,11.2,138,21,0,6
2026-06-08 22:00:00+00:00,36.2,25.0,4.2,42.3,56.3,38.5,84.0,1463.0,11.2,115,22,0,6
2026-06-08 23:00:00+00:00,36.2,29.0,3.7,44.9,60.8,37.2,84.0,1520.0,11.1,104,23,0,6
2026-06-09 00:00:00+00:00,34.8,32.0,3.6,46.0,64.3,34.3,88.0,1270.0,11.0,104,0,1,6
2026-06-09 01:00:00+00:00,34.0,34.0,4.5,46.3,67.3,30.5,95.0,855.0,10.9,104,1,1,6
2026-06-09 02:00:00+00:00,33.6,35.0,6.2,47.0,71.0,30.6,94.0,545.0,10.9,104,2,1,6
2026-06-09 03:00:00+00:00,33.1,36.0,6.1,51.0,75.0,39.4,74.0,434.0,11.0,103,3,1,6
2026-06-09 04:00:00+00:00,32.5,38.0,5.1,56.7,78.0,52.0,46.0,428.0,11.4,103,4,1,6
2026-06-09 05:00:00+00:00,32.5,39.0,3.8,56.9,77.8,55.3,46.0,514.0,12.1,102,5,1,6
2026-06-09 06:00:00+00:00,32.4,40.0,1.5,61.2,77.8,48.5,68.0,781.0,13.9,102,6,1,6
2026-06-09 07:00:00+00:00,33.7,36.0,5.1,53.0,67.1,38.9,100.0,1140.0,16.3,102,7,1,6
2026-06-09 08:00:00+00:00,36.2,31.0,3.8,47.3,67.3,29.5,133.0,1312.0,17.9,102,8,1,6
2026-06-09 09:00:00+00:00,38.7,27.0,3.1,43.7,68.9,20.7,168.0,1115.0,17.9,103,9,1,6
2026-06-09 10:00:00+00:00,40.6,22.0,7.5,41.4,69.4,12.1,204.0,731.0,16.9,104,10,1,6
2026-06-09 11:00:00+00:00,41.4,15.0,8.6,38.1,66.1,5.9,228.0,433.0,15.7,105,11,1,6
2026-06-09 12:00:00+00:00,42.4,15.0,6.7,35.4,61.5,3.4,231.0,332.0,14.2,106,12,1,6
2026-06-09 13:00:00+00:00,43.1,15.0,7.3,33.3,58.4,3.4,222.0,317.0,12.4,117,13,1,6
2026-06-09 14:00:00+00:00,43.4,14.0,9.8,31.1,56.9,3.9,210.0,324.0,11.0,153,14,1,6
2026-06-09 15:00:00+00:00,43.1,15.0,13.2,29.3,58.0,3.6,197.0,321.0,10.0,176,15,1,6
2026-06-09 16:00:00+00:00,42.5,15.0,13.4,29.2,63.3,3.9,181.0,341.0,9.3,191,16,1,6
2026-06-09 17:00:00+00:00,43.0,13.0,9.7,34.9,82.2,6.7,171.0,420.0,8.7,199,17,1,6
2026-06-09 18:00:00+00:00,41.8,14.0,9.5,36.4,81.0,11.6,150.0,600.0,9.2,200,18,1,6
2026-06-09 19:00:00+00:00,40.1,17.0,4.9,38.4,80.6,18.6,121.0,840.0,9.9,191,19,1,6
2026-06-09 20:00:00+00:00,39.0,20.0,4.5,41.1,85.4,26.2,95.0,1053.0,10.8,174,20,1,6
2026-06-09 21:00:00+00:00,37.9,24.0,3.1,45.4,96.9,34.5,78.0,1224.0,11.9,152,21,1,6
2026-06-09 22:00:00+00:00,36.7,27.0,3.6,51.3,108.5,43.3,65.0,1369.0,13.2,122,22,1,6
2026-06-09 23:00:00+00:00,36.8,31.0,4.1,54.1,114.8,50.7,54.0,1449.0,14.3,120,23,1,6
2026-06-10 00:00:00+00:00,35.6,36.0,4.2,54.4,119.2,56.0,47.0,1429.0,15.0,120,0,2,6
2026-06-10 01:00:00+00:00,34.5,40.0,0.4,57.6,125.3,59.9,42.0,1343.0,15.5,121,1,2,6
2026-06-10 02:00:00+00:00,33.2,40.0,3.2,62.9,129.9,62.9,37.0,1259.0,15.7,123,2,2,6
2026-06-10 03:00:00+00:00,32.3,44.0,1.3,68.2,127.6,66.1,25.0,1185.0,15.3,124,3,2,6
2026-06-10 04:00:00+00:00,31.1,46.0,2.9,68.5,116.6,68.4,12.0,1112.0,14.6,126,4,2,6
2026-06-10 05:00:00+00:00,32.0,50.0,3.8,54.4,71.2,55.9,21.0,1082.0,13.6,127,5,2,6
2026-06-10 06:00:00+00:00,31.5,53.0,6.1,50.5,63.1,47.7,47.0,1162.0,13.9,127,6,2,6
2026-06-10 07:00:00+00:00,33.3,48.0,5.4,47.1,57.6,36.2,85.0,1283.0,14.3,126,7,2,6
2026-06-10 08:00:00+00:00,35.9,41.0,6.6,42.6,59.1,25.7,121.0,1285.0,14.6,125,8,2,6
2026-06-10 09:00:00+00:00,38.0,35.0,7.9,41.1,65.2,17.5,156.0,1042.0,14.9,125,9,2,6
2026-06-10 10:00:00+00:00,40.0,30.0,7.6,40.3,73.3,10.4,189.0,679.0,15.0,124,10,2,6
2026-06-10 11:00:00+00:00,41.3,25.0,4.8,38.1,74.3,5.4,212.0,406.0,14.7,124,11,2,6
2026-06-10 12:00:00+00:00,42.7,21.0,4.8,33.1,64.7,3.4,218.0,319.0,13.4,124,12,2,6
2026-06-10 13:00:00+00:00,43.3,18.0,4.5,29.4,57.6,3.5,214.0,323.0,11.6,124,13,2,6
2026-06-10 14:00:00+00:00,43.6,18.0,6.3,27.2,53.2,4.2,208.0,341.0,10.4,131,14,2,6
2026-06-10 15:00:00+00:00,43.4,17.0,8.3,26.4,51.3,3.9,207.0,318.0,10.1,161,15,2,6
2026-06-10 16:00:00+00:00,42.8,18.0,12.7,26.5,51.6,4.2,205.0,310.0,10.4,181,16,2,6
2026-06-10 17:00:00+00:00,42.4,18.0,14.3,29.0,58.8,7.4,188.0,404.0,10.9,194,17,2,6
2026-06-10 18:00:00+00:00,41.4,16.0,12.9,32.1,58.7,17.2,160.0,663.0,11.8,199,18,2,6
2026-06-10 19:00:00+00:00,40.3,15.0,7.8,41.1,64.0,30.9,121.0,1025.0,13.0,195,19,2,6
2026-06-10 20:00:00+00:00,39.1,18.0,4.9,47.4,71.9,41.9,89.0,1386.0,14.0,180,20,2,6
2026-06-10 21:00:00+00:00,37.7,21.0,4.5,51.6,78.9,46.9,73.0,1777.0,14.7,159,21,2,6
2026-06-10 22:00:00+00:00,37.1,30.0,0.4,56.6,88.7,49.3,63.0,2168.0,15.3,133,22,2,6
2026-06-10 23:00:00+00:00,35.7,26.0,2.2,62.9,100.8,52.4,54.0,2368.0,15.7,124,23,2,6
2026-06-11 00:00:00+00:00,35.2,29.0,0.5,69.4,106.4,59.4,40.0,2252.0,16.0,125,0,3,6
2026-06-11 01:00:00+00:00,33.2,29.0,4.9,71.0,102.2,67.2,27.0,1945.0,16.0,126,1,3,6
2026-06-11 02:00:00+00:00,32.3,33.0,3.2,65.9,88.2,69.7,20.0,1633.0,15.7,128,2,3,6
2026-06-11 03:00:00+00:00,31.2,35.0,3.5,58.7,72.9,62.8,23.0,1343.0,14.6,128,3,3,6
2026-06-11 04:00:00+00:00,30.6,36.0,10.9,50.4,57.4,50.7,32.0,1047.0,13.1,127,4,3,6
2026-06-11 05:00:00+00:00,32.0,42.0,10.4,47.0,58.3,32.9,52.0,847.0,11.6,125,5,3,6
2026-06-11 06:00:00+00:00,31.7,44.0,9.7,42.6,49.4,30.5,74.0,829.0,12.1,124,6,3,6
2026-06-11 07:00:00+00:00,32.8,46.0,8.3,41.4,51.3,27.0,105.0,907.0,12.7,123,7,3,6
2026-06-11 08:00:00+00:00,35.1,43.0,9.4,51.8,98.7,22.7,136.0,924.0,13.1,123,8,3,6
2026-06-11 09:00:00+00:00,37.4,37.0,8.3,71.9,182.5,16.7,167.0,793.0,13.2,124,9,3,6
2026-06-11 10:00:00+00:00,39.4,32.0,10.1,85.4,239.3,9.9,196.0,602.0,13.0,127,10,3,6
2026-06-11 11:00:00+00:00,41.4,22.0,9.7,87.3,258.0,4.9,214.0,453.0,12.6,132,11,3,6
2026-06-11 12:00:00+00:00,42.7,19.0,8.8,87.5,279.4,3.0,211.0,389.0,11.6,137,12,3,6
2026-06-11 13:00:00+00:00,42.2,18.0,11.8,92.4,321.3,2.9,195.0,368.0,10.3,143,13,3,6
2026-06-11 14:00:00+00:00,42.1,17.0,14.2,98.3,362.3,3.5,181.0,366.0,9.3,149,14,3,6
2026-06-11 15:00:00+00:00,42.1,15.0,11.8,103.6,398.6,4.4,174.0,379.0,9.1,162,15,3,6
2026-06-11 16:00:00+00:00,41.7,17.0,8.5,105.9,417.2,5.9,169.0,411.0,9.3,173,16,3,6
2026-06-11 17:00:00+00:00,40.7,18.0,12.9,109.4,369.7,16.3,140.0,452.0,7.2,178,17,3,6
2026-06-11 18:00:00+00:00,38.7,23.0,16.2,114.6,434.0,16.4,138.0,512.0,8.5,173,18,3,6
2026-06-11 19:00:00+00:00,35.9,35.0,22.7,129.9,516.0,16.5,136.0,581.0,10.2,164,19,3,6
2026-06-11 20:00:00+00:00,33.1,45.0,21.6,151.8,596.0,16.3,134.0,619.0,11.3,164,20,3,6
2026-06-11 21:00:00+00:00,30.4,56.0,15.1,154.1,590.5,15.4,133.0,604.0,11.1,167,21,3,6
2026-06-11 22:00:00+00:00,30.5,59.0,13.5,138.3,501.1,14.1,132.0,559.0,10.3,170,22,3,6
2026-06-11 23:00:00+00:00,27.0,69.0,10.8,113.6,370.7,13.0,129.0,512.0,9.6,173,23,3,6
2026-06-12 00:00:00+00:00,26.7,69.0,14.7,88.7,256.1,12.3,122.0,469.0,9.1,174,0,4,6
2026-06-12 01:00:00+00:00,26.3,70.0,12.4,68.9,183.5,11.8,114.0,424.0,8.6,175,1,4,6
2026-06-12 02:00:00+00:00,25.7,72.0,13.0,57.2,152.7,11.4,106.0,388.0,8.4,175,2,4,6
2026-06-12 03:00:00+00:00,25.7,72.0,11.8,56.0,170.0,11.1,100.0,359.0,8.7,174,3,4,6
2026-06-12 04:00:00+00:00,25.7,71.0,11.1,69.6,250.5,10.9,95.0,340.0,9.3,174,4,4,6
2026-06-12 05:00:00+00:00,25.8,70.0,14.4,87.5,344.6,9.6,92.0,347.0,5.4,175,5,4,6
2026-06-12 06:00:00+00:00,25.5,74.0,11.0,90.6,348.3,10.5,94.0,411.0,5.9,177,6,4,6
2026-06-12 07:00:00+00:00,26.5,71.0,12.7,97.3,400.5,11.7,98.0,501.0,6.5,183,7,4,6
2026-06-12 08:00:00+00:00,27.9,68.0,13.9,102.2,421.0,11.7,106.0,546.0,7.0,190,8,4,6
2026-06-12 09:00:00+00:00,29.7,61.0,16.1,99.2,390.2,9.5,122.0,489.0,7.1,197,9,4,6
2026-06-12 10:00:00+00:00,31.8,53.0,19.2,96.2,366.9,6.3,142.0,387.0,7.0,203,10,4,6
2026-06-12 11:00:00+00:00,33.1,47.0,17.0,97.3,391.2,3.8,155.0,336.0,6.7,211,11,4,6
2026-06-12 12:00:00+00:00,33.7,45.0,13.4,100.1,423.8,2.9,157.0,397.0,6.2,219,12,4,6
2026-06-12 13:00:00+00:00,32.3,47.0,22.9,106.2,466.6,2.8,153.0,509.0,5.6,227,13,4,6
2026-06-12 14:00:00+00:00,31.3,50.0,14.2,112.7,517.8,3.2,148.0,588.0,5.2,236,14,4,6
2026-06-12 15:00:00+00:00,32.6,46.0,13.8,119.2,571.8,2.9,146.0,572.0,5.0,245,15,4,6
2026-06-12 16:00:00+00:00,32.3,47.0,15.4,121.5,597.9,3.1,144.0,523.0,5.0,255,16,4,6
2026-06-12 17:00:00+00:00,33.3,46.0,15.5,88.9,627.7,8.0,122.0,539.0,4.6,266,17,4,6
2026-06-12 18:00:00+00:00,32.3,51.0,10.5,91.3,610.9,13.0,109.0,696.0,5.3,282,18,4,6
2026-06-12 19:00:00+00:00,31.0,57.0,8.9,84.1,497.3,20.1,90.0,917.0,6.4,292,19,4,6
2026-06-12 20:00:00+00:00,30.4,58.0,9.1,76.4,367.9,26.7,73.0,1072.0,7.3,291,20,4,6
2026-06-12 21:00:00+00:00,29.9,60.0,9.2,71.7,302.7,32.9,59.0,1108.0,7.9,277,21,4,6
2026-06-12 22:00:00+00:00,29.4,61.0,9.8,68.9,244.0,38.7,46.0,1078.0,8.4,260,22,4,6
2026-06-12 23:00:00+00:00,23.9,83.0,12.2,65.0,197.0,41.0,39.0,1008.0,8.7,245,23,4,6
2026-06-13 00:00:00+00:00,24.2,84.0,13.3,57.4,156.5,37.2,43.0,881.0,8.7,235,0,5,6
2026-06-13 01:00:00+00:00,24.5,83.0,8.1,51.7,133.2,30.0,53.0,716.0,8.4,229,1,5,6
2026-06-13 02:00:00+00:00,24.8,81.0,5.9,52.0,143.9,24.7,60.0,591.0,8.5,226,2,5,6
2026-06-13 03:00:00+00:00,21.4,94.0,9.7,55.3,172.8,24.1,57.0,546.0,9.0,225,3,5,6
2026-06-13 04:00:00+00:00,22.0,97.0,3.8,59.8,197.9,25.4,51.0,542.0,9.8,225,4,5,6
2026-06-13 05:00:00+00:00,21.9,86.0,18.9,39.6,143.4,11.1,92.0,546.0,6.0,222,5,5,6
2026-06-13 06:00:00+00:00,22.1,89.0,11.2,33.2,109.7,11.6,95.0,555.0,5.9,210,6,5,6
2026-06-13 07:00:00+00:00,22.8,91.0,10.6,29.8,96.6,12.2,99.0,572.0,5.7,199,7,5,6
2026-06-13 08:00:00+00:00,23.3,92.0,13.4,24.2,67.1,11.9,107.0,571.0,5.7,192,8,5,6
2026-06-13 09:00:00+00:00,25.2,83.0,14.6,22.5,66.6,9.8,122.0,535.0,6.0,185,9,5,6
2026-06-13 10:00:00+00:00,27.2,75.0,7.7,33.5,130.9,6.8,139.0,481.0,6.4,178,10,5,6
2026-06-13 11:00:00+00:00,28.6,64.0,11.1,35.5,142.0,4.5,153.0,436.0,6.6,173,11,5,6
2026-06-13 12:00:00+00:00,29.0,61.0,12.3,37.5,152.7,3.5,158.0,406.0,6.2,168,12,5,6
2026-06-13 13:00:00+00:00,29.9,59.0,10.4,38.0,153.2,3.1,160.0,386.0,5.6,162,13,5,6
2026-06-13 14:00:00+00:00,30.2,58.0,12.3,38.3,153.2,3.4,159.0,385.0,5.2,156,14,5,6
2026-06-13 15:00:00+00:00,30.2,58.0,11.9,37.6,147.6,2.8,160.0,394.0,5.2,152,15,5,6
2026-06-13 16:00:00+00:00,30.4,56.0,11.3,37.1,142.5,2.8,160.0,424.0,5.4,148,16,5,6
2026-06-13 17:00:00+00:00,30.1,56.0,14.3,19.3,36.9,8.1,137.0,514.0,4.9,139,17,5,6
2026-06-13 18:00:00+00:00,28.4,64.0,10.4,18.1,35.0,15.4,120.0,714.0,5.6,132,18,5,6
2026-06-13 19:00:00+00:00,27.0,71.0,5.5,21.1,33.5,25.7,96.0,974.0,6.5,124,19,5,6
2026-06-13 20:00:00+00:00,26.2,76.0,5.1,27.1,37.8,35.7,74.0,1191.0,7.4,118,20,5,6
2026-06-13 21:00:00+00:00,25.6,79.0,4.2,31.4,41.4,44.5,56.0,1346.0,8.3,113,21,5,6
2026-06-13 22:00:00+00:00,25.5,80.0,1.4,35.2,44.9,52.9,40.0,1457.0,9.2,109,22,5,6
2026-06-13 23:00:00+00:00,25.6,75.0,7.3,40.4,51.3,59.9,27.0,1477.0,9.8,105,23,5,6
2026-06-14 00:00:00+00:00,24.9,77.0,3.6,47.1,59.6,65.3,17.0,1348.0,9.9,102,0,6,6
2026-06-14 01:00:00+00:00,24.7,78.0,2.1,51.6,65.0,69.4,9.0,1129.0,9.8,101,1,6,6
2026-06-14 02:00:00+00:00,24.3,80.0,3.1,51.6,65.2,71.5,4.0,944.0,9.8,101,2,6,6
2026-06-14 03:00:00+00:00,23.9,82.0,3.5,52.6,67.5,72.2,0.0,833.0,9.9,101,3,6,6
2026-06-14 04:00:00+00:00,23.6,82.0,4.4,54.0,71.2,71.0,0.0,757.0,10.0,101,4,6,6
2026-06-14 05:00:00+00:00,24.5,85.0,2.5,44.4,63.6,51.5,15.0,728.0,8.4,100,5,6,6
2026-06-14 06:00:00+00:00,25.0,81.0,3.9,42.3,59.1,41.9,40.0,790.0,9.2,101,6,6,6
2026-06-14 07:00:00+00:00,26.7,75.0,1.5,36.7,64.7,28.4,76.0,899.0,10.2,102,7,6,6
2026-06-14 08:00:00+00:00,28.7,60.0,3.7,32.1,65.0,17.3,109.0,932.0,10.7,103,8,6,6
2026-06-14 09:00:00+00:00,30.2,51.0,5.9,27.7,57.7,10.8,134.0,808.0,10.1,103,9,6,6
2026-06-14 10:00:00+00:00,31.2,48.0,4.4,24.6,53.0,6.6,156.0,608.0,8.8,104,10,6,6
2026-06-14 11:00:00+00:00,32.4,44.0,2.8,21.3,46.1,3.8,173.0,455.0,7.9,103,11,6,6
2026-06-14 12:00:00+00:00,33.1,44.0,1.0,18.9,40.0,2.5,183.0,398.0,7.6,102,12,6,6
2026-06-14 13:00:00+00:00,33.7,43.0,0.8,18.7,38.5,2.6,187.0,387.0,7.5,100,13,6,6
2026-06-14 14:00:00+00:00,34.0,42.0,1.9,19.1,38.3,3.1,189.0,401.0,7.6,98,14,6,6
2026-06-14 15:00:00+00:00,34.3,40.0,2.2,20.0,39.7,0.7,193.0,368.0,7.7,123,15,6,6
2026-06-14 16:00:00+00:00,34.3,38.0,2.1,20.7,40.4,0.0,195.0,360.0,8.0,148,16,6,6
2026-06-14 17:00:00+00:00,33.9,35.0,3.5,18.5,36.8,5.8,175.0,567.0,8.2,162,17,6,6
2026-06-14 18:00:00+00:00,31.8,52.0,2.8,19.8,36.6,32.5,138.0,1227.0,11.0,169,18,6,6
2026-06-14 19:00:00+00:00,30.4,56.0,0.2,37.0,49.8,69.4,88.0,2102.0,14.9,166,19,6,6
2026-06-14 20:00:00+00:00,29.7,57.0,3.4,53.8,67.5,98.7,47.0,2667.0,18.3,152,20,6,6
2026-06-14 21:00:00+00:00,29.4,56.0,2.7,70.5,84.8,112.9,27.0,2630.0,20.8,124,21,6,6
2026-06-14 22:00:00+00:00,28.9,57.0,2.7,78.7,92.9,119.4,18.0,2283.0,22.9,101,22,6,6
2026-06-14 23:00:00+00:00,29.2,60.0,4.7,77.5,92.2,122.3,12.0,1977.0,23.9,105,23,6,6
2026-06-15 00:00:00+00:00,28.7,61.0,4.7,75.7,90.6,123.2,6.0,1846.0,23.5,109,0,0,6
2026-06-15 01:00:00+00:00,28.5,61.0,3.1,75.9,91.0,120.4,3.0,1757.0,22.2,112,1,0,6
2026-06-15 02:00:00+00:00,28.2,63.0,0.9,79.2,93.8,113.6,3.0,1660.0,20.4,115,2,0,6
2026-06-15 03:00:00+00:00,28.0,63.0,0.0,78.7,91.0,100.8,3.0,1515.0,18.2,117,3,0,6
2026-06-15 04:00:00+00:00,27.2,64.0,2.1,70.5,80.6,83.9,6.0,1363.0,15.6,120,4,0,6
2026-06-15 05:00:00+00:00,27.3,67.0,6.0,51.8,61.7,50.1,51.0,1275.0,17.2,122,5,0,6
2026-06-15 06:00:00+00:00,27.3,68.0,6.3,52.6,60.1,44.6,70.0,1338.0,18.8,123,6,0,6
2026-06-15 07:00:00+00:00,29.0,65.0,4.9,49.4,56.6,36.8,98.0,1465.0,21.0,124,7,0,6
2026-06-15 08:00:00+00:00,28.3,64.0,16.6,37.5,45.4,28.7,126.0,1471.0,21.7,125,8,0,6
2026-06-15 09:00:00+00:00,29.2,60.0,7.9,30.4,35.7,20.0,156.0,1219.0,19.7,126,9,0,6
2026-06-15 10:00:00+00:00,30.9,55.0,9.1,26.7,32.1,11.1,187.0,845.0,16.2,126,10,0,6
2026-06-15 11:00:00+00:00,32.8,50.0,4.4,26.4,38.6,4.7,207.0,571.0,13.3,126,11,0,6
2026-06-15 12:00:00+00:00,33.1,47.0,4.5,27.8,49.2,2.6,210.0,497.0,11.5,127,12,0,6
2026-06-15 13:00:00+00:00,33.3,46.0,4.2,29.3,56.5,3.0,203.0,522.0,10.2,128,13,0,6
2026-06-15 14:00:00+00:00,34.4,44.0,4.8,30.3,58.6,4.0,197.0,567.0,9.5,134,14,0,6
2026-06-15 15:00:00+00:00,34.4,42.0,4.0,31.8,61.9,1.9,200.0,576.0,9.2,158,15,0,6
2026-06-15 16:00:00+00:00,34.6,40.0,2.6,34.9,70.3,0.3,204.0,604.0,9.5,174,16,0,6
2026-06-15 17:00:00+00:00,34.8,38.0,1.7,48.0,102.2,8.4,207.0,738.0,12.9,187,17,0,6
2026-06-15 18:00:00+00:00,33.6,54.0,0.9,49.7,96.2,13.3,181.0,1066.0,12.4,195,18,0,6
2026-06-15 19:00:00+00:00,31.5,61.0,4.4,47.7,74.0,19.9,146.0,1499.0,11.6,194,19,0,6
2026-06-15 20:00:00+00:00,30.2,63.0,6.0,45.3,67.8,24.9,116.0,1861.0,10.8,184,20,0,6
2026-06-15 21:00:00+00:00,29.3,63.0,6.3,44.1,65.9,26.4,100.0,2087.0,10.0,169,21,0,6
2026-06-15 22:00:00+00:00,28.5,64.0,5.8,44.4,66.4,26.1,90.0,2243.0,9.3,153,22,0,6
2026-06-15 23:00:00+00:00,29.0,65.0,5.2,45.3,68.0,25.8,81.0,2343.0,8.8,133,23,0,6
2026-06-16 00:00:00+00:00,28.0,68.0,4.5,46.2,69.8,26.1,72.0,2425.0,8.6,129,0,1,6
2026-06-16 01:00:00+00:00,27.4,70.0,4.5,47.0,71.2,26.4,65.0,2452.0,8.7,126,1,1,6
2026-06-16 02:00:00+00:00,27.1,71.0,4.7,47.5,70.3,26.7,60.0,2331.0,8.9,123,2,1,6
2026-06-16 03:00:00+00:00,26.7,73.0,4.7,46.9,66.8,27.1,55.0,1894.0,9.1,120,3,1,6
2026-06-16 04:00:00+00:00,26.3,75.0,4.4,45.9,62.4,27.5,51.0,1310.0,9.5,117,4,1,6
2026-06-16 05:00:00+00:00,26.8,79.0,6.4,40.7,53.4,18.2,79.0,991.0,10.4,114,5,1,6
2026-06-16 06:00:00+00:00,26.0,71.0,12.2,40.4,53.4,18.8,82.0,1258.0,11.7,113,6,1,6
2026-06-16 07:00:00+00:00,24.9,80.0,4.5,43.4,66.6,19.4,88.0,1792.0,13.3,112,7,1,6
2026-06-16 08:00:00+00:00,24.9,90.0,8.2,47.1,85.0,18.5,101.0,2044.0,14.1,111,8,1,6
2026-06-16 09:00:00+00:00,25.6,85.0,11.4,47.5,91.0,14.7,127.0,1686.0,13.1,112,9,1,6
2026-06-16 10:00:00+00:00,28.1,71.0,9.7,46.6,90.3,9.3,161.0,1047.0,11.3,114,10,1,6
2026-06-16 11:00:00+00:00,29.8,56.0,11.9,47.3,94.3,5.3,186.0,566.0,9.9,116,11,1,6
2026-06-16 12:00:00+00:00,30.6,53.0,5.7,47.0,95.9,3.8,196.0,435.0,9.6,118,12,1,6
2026-06-16 13:00:00+00:00,31.8,52.0,6.0,46.3,95.2,3.7,198.0,462.0,9.9,120,13,1,6
2026-06-16 14:00:00+00:00,32.4,52.0,4.6,48.5,99.9,4.2,199.0,516.0,10.2,122,14,1,6
2026-06-16 15:00:00+00:00,33.1,51.0,1.2,46.3,91.7,2.5,206.0,479.0,10.3,134,15,1,6
2026-06-16 16:00:00+00:00,33.1,50.0,3.7,47.5,92.7,1.3,212.0,468.0,10.5,157,16,1,6
2026-06-16 17:00:00+00:00,32.9,43.0,3.7,39.1,65.0,8.6,157.0,705.0,8.8,174,17,1,6
2026-06-16 18:00:00+00:00,32.5,46.0,1.1,40.5,64.3,21.8,131.0,1488.0,10.2,179,18,1,6
2026-06-16 19:00:00+00:00,31.2,62.0,0.4,45.2,61.7,40.2,95.0,2518.0,12.2,174,19,1,6
2026-06-16 20:00:00+00:00,30.7,63.0,2.5,48.1,62.6,54.7,66.0,3124.0,13.9,160,20,1,6
2026-06-16 21:00:00+00:00,29.8,64.0,4.9,51.7,63.6,61.2,51.0,2905.0,14.9,135,21,1,6
2026-06-16 22:00:00+00:00,29.1,67.0,4.9,54.6,65.0,63.8,42.0,2262.0,15.6,125,22,1,6
2026-06-16 23:00:00+00:00,29.4,69.0,4.7,52.6,65.9,66.3,34.0,1726.0,15.9,127,23,1,6
2026-06-17 00:00:00+00:00,29.0,72.0,3.0,55.1,68.2,70.0,25.0,1511.0,15.6,127,0,2,6
2026-06-17 01:00:00+00:00,28.5,73.0,0.7,59.1,72.2,73.5,18.0,1403.0,15.1,128,1,2,6
2026-06-17 02:00:00+00:00,27.3,80.0,3.4,64.7,79.4,76.6,12.0,1293.0,15.0,129,2,2,6
2026-06-17 03:00:00+00:00,26.8,82.0,4.0,68.7,85.4,81.1,4.0,1110.0,15.9,131,3,2,6
2026-06-17 04:00:00+00:00,26.4,84.0,3.5,72.6,90.3,85.3,0.0,925.0,17.3,134,4,2,6
2026-06-17 05:00:00+00:00,26.8,86.0,3.3,62.4,75.9,59.0,23.0,846.0,15.7,136,5,2,6
2026-06-17 06:00:00+00:00,27.0,85.0,3.4,62.6,76.1,50.5,39.0,993.0,18.5,139,6,2,6
2026-06-17 07:00:00+00:00,28.2,81.0,3.2,55.9,83.4,38.6,63.0,1246.0,22.3,141,7,2,6
2026-06-17 08:00:00+00:00,30.0,72.0,3.1,52.6,93.6,27.7,91.0,1350.0,24.2,142,8,2,6
2026-06-17 09:00:00+00:00,31.5,64.0,4.9,50.4,92.4,19.0,128.0,1143.0,22.7,143,9,2,6
2026-06-17 10:00:00+00:00,32.8,57.0,5.1,47.5,81.7,11.4,170.0,788.0,19.5,143,10,2,6
2026-06-17 11:00:00+00:00,34.0,44.0,3.3,47.7,77.1,6.0,201.0,517.0,16.5,143,11,2,6
2026-06-17 12:00:00+00:00,34.6,40.0,3.7,47.6,74.7,3.8,215.0,425.0,14.4,143,12,2,6
2026-06-17 13:00:00+00:00,34.8,39.0,2.9,47.5,73.3,3.9,218.0,417.0,12.7,143,13,2,6
2026-06-17 14:00:00+00:00,35.0,38.0,1.6,47.4,71.9,4.6,220.0,443.0,11.7,143,14,2,6
2026-06-17 15:00:00+00:00,35.0,38.0,2.7,47.5,70.3,2.8,227.0,418.0,11.6,144,15,2,6
2026-06-17 16:00:00+00:00,34.9,39.0,2.3,47.5,69.2,1.6,232.0,427.0,12.2,172,16,2,6
2026-06-17 17:00:00+00:00,35.8,37.0,2.2,49.6,76.4,8.9,212.0,668.0,14.9,194,17,2,6
2026-06-17 18:00:00+00:00,35.0,42.0,4.3,49.2,74.3,32.1,174.0,1395.0,16.9,203,18,2,6
2026-06-17 19:00:00+00:00,33.0,56.0,2.8,57.7,75.4,64.3,120.0,2354.0,19.7,204,19,2,6
2026-06-17 20:00:00+00:00,32.2,64.0,0.6,71.9,92.0,89.2,76.0,2984.0,21.9,195,20,2,6
2026-06-17 21:00:00+00:00,31.4,68.0,2.3,85.2,105.5,100.2,51.0,3005.0,23.3,173,21,2,6
2026-06-17 22:00:00+00:00,30.7,70.0,2.9,90.6,109.2,103.9,36.0,2697.0,24.1,151,22,2,6
2026-06-17 23:00:00+00:00,30.5,64.0,4.9,83.8,100.4,104.7,25.0,2336.0,24.0,152,23,2,6
2026-06-18 00:00:00+00:00,29.6,67.0,4.5,79.9,95.5,103.2,16.0,1968.0,22.5,153,0,3,6
2026-06-18 01:00:00+00:00,29.1,68.0,4.2,80.6,97.1,98.8,12.0,1548.0,20.2,154,1,3,6
2026-06-18 02:00:00+00:00,28.6,68.0,4.1,82.7,99.2,93.6,9.0,1211.0,18.2,154,2,3,6
2026-06-18 03:00:00+00:00,28.0,69.0,4.4,80.1,94.1,88.6,4.0,992.0,16.9,155,3,3,6
2026-06-18 04:00:00+00:00,27.5,71.0,4.5,78.2,90.1,82.9,1.0,858.0,16.0,155,4,3,6
2026-06-18 05:00:00+00:00,27.3,73.0,4.8,83.4,92.2,59.5,32.0,844.0,17.5,155,5,3,6
2026-06-18 06:00:00+00:00,27.5,72.0,4.5,84.3,92.2,51.1,61.0,1057.0,20.6,156,6,3,6
2026-06-18 07:00:00+00:00,28.8,69.0,3.1,72.6,84.5,39.2,103.0,1392.0,24.7,156,7,3,6
2026-06-18 08:00:00+00:00,30.6,61.0,3.8,57.3,71.2,28.3,142.0,1564.0,26.8,157,8,3,6
2026-06-18 09:00:00+00:00,32.2,56.0,3.3,53.7,67.5,19.3,176.0,1408.0,25.0,157,9,3,6
2026-06-18 10:00:00+00:00,33.8,50.0,2.9,50.4,65.2,11.3,207.0,1090.0,21.2,157,10,3,6
2026-06-18 11:00:00+00:00,35.0,42.0,2.0,45.3,61.9,5.6,227.0,828.0,17.8,157,11,3,6
2026-06-18 12:00:00+00:00,35.8,41.0,1.2,41.9,59.1,3.3,229.0,703.0,15.4,157,12,3,6
2026-06-18 13:00:00+00:00,36.5,37.0,0.7,40.4,58.1,3.4,220.0,634.0,13.4,157,13,3,6
2026-06-18 14:00:00+00:00,36.8,35.0,1.0,39.7,57.9,4.0,210.0,593.0,12.0,157,14,3,6
2026-06-18 15:00:00+00:00,36.6,35.0,2.0,38.9,57.4,3.7,203.0,587.0,11.3,179,15,3,6
2026-06-18 16:00:00+00:00,36.5,33.0,7.7,37.5,55.6,4.0,195.0,610.0,11.2,195,16,3,6
2026-06-18 17:00:00+00:00,37.0,33.0,4.7,42.8,64.7,7.7,185.0,618.0,11.2,201,17,3,6
2026-06-18 18:00:00+00:00,35.7,41.0,5.1,42.0,60.8,17.4,156.0,564.0,12.0,202,18,3,6
2026-06-18 19:00:00+00:00,34.0,45.0,4.9,45.4,62.6,30.6,117.0,496.0,13.1,197,19,3,6
2026-06-18 20:00:00+00:00,33.0,44.0,5.7,49.8,65.4,38.4,89.0,514.0,13.6,179,20,3,6
2026-06-18 21:00:00+00:00,31.8,52.0,4.5,51.1,66.8,35.5,85.0,725.0,12.9,157,21,3,6
2026-06-18 22:00:00+00:00,31.2,58.0,3.7,48.8,64.5,27.4,94.0,1023.0,11.5,154,22,3,6
2026-06-18 23:00:00+00:00,30.2,55.0,12.9,41.1,56.3,21.1,98.0,1192.0,10.4,152,23,3,6
2026-06-19 00:00:00+00:00,28.9,59.0,5.2,37.1,49.2,19.6,92.0,1097.0,9.8,151,0,4,6
2026-06-19 01:00:00+00:00,28.2,65.0,3.6,36.2,48.0,20.1,82.0,872.0,9.5,149,1,4,6
2026-06-19 02:00:00+00:00,28.2,62.0,5.0,36.1,47.1,21.1,73.0,703.0,9.3,145,2,4,6
2026-06-19 03:00:00+00:00,27.8,65.0,4.3,35.6,46.4,22.7,64.0,658.0,9.2,140,3,4,6
2026-06-19 04:00:00+00:00,27.1,70.0,3.4,35.7,46.4,24.8,56.0,669.0,9.2,135,4,4,6
2026-06-19 05:00:00+00:00,26.9,70.0,10.0,40.2,53.7,19.1,76.0,714.0,10.9,131,5,4,6
2026-06-19 06:00:00+00:00,26.9,71.0,6.1,42.1,54.4,20.0,83.0,822.0,11.9,126,6,4,6
2026-06-19 07:00:00+00:00,27.0,70.0,14.8,43.5,58.4,21.0,93.0,964.0,13.2,122,7,4,6
2026-06-19 08:00:00+00:00,25.8,77.0,5.8,44.0,62.2,20.2,109.0,1031.0,13.9,119,8,4,6
2026-06-19 09:00:00+00:00,27.7,72.0,4.8,42.5,64.3,15.7,135.0,952.0,13.5,117,9,4,6
2026-06-19 10:00:00+00:00,31.4,52.0,5.8,41.8,65.9,9.5,166.0,798.0,12.6,116,10,4,6
2026-06-19 11:00:00+00:00,32.4,47.0,4.4,41.2,66.6,4.8,190.0,670.0,11.8,115,11,4,6
2026-06-19 12:00:00+00:00,33.5,44.0,4.6,41.2,68.0,3.3,201.0,599.0,11.4,115,12,4,6
2026-06-19 13:00:00+00:00,34.4,42.0,3.1,41.8,70.3,3.5,205.0,553.0,11.2,115,13,4,6
2026-06-19 14:00:00+00:00,35.1,40.0,2.1,41.2,71.2,4.1,205.0,542.0,11.2,118,14,4,6
2026-06-19 15:00:00+00:00,34.7,39.0,3.9,40.4,71.5,4.2,202.0,564.0,11.3,144,15,4,6
2026-06-19 16:00:00+00:00,33.8,42.0,5.8,39.6,70.5,4.6,193.0,620.0,11.6,163,16,4,6
2026-06-19 17:00:00+00:00,31.6,51.0,5.0,42.4,63.6,7.9,200.0,722.0,11.2,176,17,4,6
2026-06-19 18:00:00+00:00,32.6,48.0,4.7,42.6,62.6,27.6,165.0,914.0,12.6,187,18,4,6
2026-06-19 19:00:00+00:00,31.8,51.0,3.7,50.5,65.7,55.3,115.0,1152.0,14.6,186,19,4,6
2026-06-19 20:00:00+00:00,30.9,57.0,3.4,65.0,81.0,79.5,74.0,1320.0,16.8,174,20,4,6
2026-06-19 21:00:00+00:00,30.4,63.0,1.6,78.9,95.5,97.0,49.0,1373.0,19.6,154,21,4,6
2026-06-19 22:00:00+00:00,29.9,65.0,1.3,94.3,110.6,111.1,32.0,1355.0,22.6,122,22,4,6
2026-06-19 23:00:00+00:00,31.1,56.0,4.3,105.2,121.5,120.0,19.0,1281.0,24.4,125,23,4,6
2026-06-20 00:00:00+00:00,30.0,59.0,5.3,109.4,125.7,121.3,12.0,1114.0,23.8,132,0,5,6
2026-06-20 01:00:00+00:00,29.1,62.0,6.1,107.3,122.9,117.5,9.0,890.0,22.0,140,1,5,6
2026-06-20 02:00:00+00:00,28.5,64.0,6.2,109.2,125.3,114.2,7.0,736.0,20.7,147,2,5,6
2026-06-20 03:00:00+00:00,27.9,67.0,4.9,113.9,129.9,116.2,0.0,702.0,20.7,151,3,5,6
2026-06-20 04:00:00+00:00,27.5,70.0,3.1,117.6,134.1,118.8,0.0,738.0,21.2,154,4,5,6
2026-06-20 05:00:00+00:00,27.2,79.0,1.3,81.3,92.4,68.4,15.0,814.0,13.5,156,5,5,6
2026-06-20 06:00:00+00:00,27.4,80.0,1.3,81.7,92.2,57.5,43.0,981.0,14.4,157,6,5,6
2026-06-20 07:00:00+00:00,29.5,65.0,2.2,69.4,80.1,42.1,83.0,1188.0,15.5,158,7,5,6
2026-06-20 08:00:00+00:00,31.7,52.0,2.6,46.9,59.5,28.5,119.0,1259.0,15.8,159,8,5,6
2026-06-20 09:00:00+00:00,33.6,44.0,2.9,40.2,53.7,18.5,148.0,1060.0,14.5,159,9,5,6
2026-06-20 10:00:00+00:00,35.1,39.0,4.3,36.6,51.5,10.2,174.0,725.0,12.4,159,10,5,6
2026-06-20 11:00:00+00:00,36.1,34.0,5.6,35.4,50.6,4.5,191.0,470.0,10.7,159,11,5,6
2026-06-20 12:00:00+00:00,36.7,33.0,5.6,34.7,49.8,2.4,196.0,391.0,10.0,159,12,5,6
2026-06-20 13:00:00+00:00,37.4,30.0,5.6,34.0,49.4,2.8,193.0,394.0,9.8,159,13,5,6
2026-06-20 14:00:00+00:00,37.8,29.0,6.4,33.2,49.6,3.7,187.0,412.0,9.7,159,14,5,6
2026-06-20 15:00:00+00:00,37.1,29.0,8.0,32.1,49.8,3.5,182.0,404.0,9.5,158,15,5,6
2026-06-20 16:00:00+00:00,37.4,28.0,6.9,31.3,50.5,3.9,175.0,411.0,9.4,159,16,5,6
2026-06-20 17:00:00+00:00,38.0,26.0,8.2,27.8,47.7,7.5,165.0,495.0,9.3,168,17,5,6
2026-06-20 18:00:00+00:00,37.0,27.0,7.4,29.2,47.5,18.4,140.0,743.0,10.0,171,18,5,6
2026-06-20 19:00:00+00:00,35.8,31.0,5.6,36.0,51.1,33.3,104.0,1068.0,11.1,165,19,5,6
2026-06-20 20:00:00+00:00,34.7,33.0,7.7,40.2,55.8,44.4,76.0,1272.0,11.7,157,20,5,6
2026-06-20 21:00:00+00:00,33.7,36.0,7.7,42.0,61.0,48.3,62.0,1257.0,11.7,156,21,5,6
2026-06-20 22:00:00+00:00,33.1,38.0,6.9,46.0,68.7,48.3,56.0,1122.0,11.2,155,22,5,6
2026-06-20 23:00:00+00:00,33.2,40.0,7.1,50.5,75.7,46.6,52.0,964.0,10.7,153,23,5,6
2026-06-21 00:00:00+00:00,32.4,43.0,7.1,52.3,79.2,42.7,51.0,786.0,10.0,152,0,6,6
2026-06-21 01:00:00+00:00,31.4,49.0,7.9,52.7,81.5,37.1,54.0,585.0,9.2,150,1,6,6
2026-06-21 02:00:00+00:00,30.8,54.0,7.2,53.4,83.1,33.3,54.0,454.0,8.6,144,2,6,6
2026-06-21 03:00:00+00:00,30.2,57.0,5.8,54.1,83.4,33.7,47.0,445.0,8.4,138,3,6,6
2026-06-21 04:00:00+00:00,29.7,59.0,4.5,54.8,83.6,35.9,37.0,506.0,8.4,132,4,6,6
2026-06-21 05:00:00+00:00,30.0,65.0,3.2,51.9,89.9,30.5,38.0,576.0,7.7,125,5,6,6
2026-06-21 06:00:00+00:00,30.2,62.0,3.5,53.9,90.3,26.9,53.0,661.0,8.9,122,6,6,6
2026-06-21 07:00:00+00:00,31.3,58.0,0.4,53.4,93.1,21.8,74.0,754.0,10.6,119,7,6,6
2026-06-21 08:00:00+00:00,33.3,51.0,1.8,51.6,98.5,16.7,96.0,780.0,11.6,118,8,6,6
2026-06-21 09:00:00+00:00,34.9,42.0,4.0,47.8,96.4,11.7,119.0,676.0,11.2,118,9,6,6
2026-06-21 10:00:00+00:00,35.5,38.0,10.6,42.6,91.3,6.7,144.0,504.0,10.2,119,10,6,6
2026-06-21 11:00:00+00:00,37.0,29.0,9.6,43.8,97.3,3.2,161.0,370.0,9.4,120,11,6,6
2026-06-21 12:00:00+00:00,37.4,29.0,8.5,44.9,100.8,2.0,168.0,320.0,9.2,121,12,6,6
2026-06-21 13:00:00+00:00,37.6,28.0,10.7,45.3,102.0,2.2,167.0,308.0,9.3,122,13,6,6
2026-06-21 14:00:00+00:00,37.1,29.0,7.7,42.0,93.8,2.8,165.0,309.0,9.4,123,14,6,6
2026-06-21 15:00:00+00:00,37.6,28.0,7.0,39.3,87.1,2.7,163.0,302.0,9.3,124,15,6,6
2026-06-21 16:00:00+00:00,37.7,27.0,8.3,37.6,82.2,2.9,159.0,308.0,9.1,124,16,6,6
2026-06-21 17:00:00+00:00,35.1,33.0,17.8,35.9,76.1,5.5,147.0,361.0,9.0,132,17,6,6
2026-06-21 18:00:00+00:00,32.6,44.0,7.3,35.5,68.0,10.1,133.0,510.0,9.7,138,18,6,6
2026-06-21 19:00:00+00:00,32.1,47.0,7.2,36.7,66.8,16.5,113.0,705.0,10.6,135,19,6,6
2026-06-21 20:00:00+00:00,31.5,52.0,1.9,39.1,65.7,22.3,94.0,832.0,11.3,127,20,6,6
2026-06-21 21:00:00+00:00,30.9,56.0,3.9,40.4,64.7,26.7,79.0,828.0,11.6,127,21,6,6
2026-06-21 22:00:00+00:00,30.2,59.0,4.8,41.4,61.5,30.4,66.0,755.0,11.6,126,22,6,6
2026-06-21 23:00:00+00:00,27.1,62.0,10.1,42.7,60.3,33.5,55.0,682.0,11.5,126,23,6,6
2026-06-22 00:00:00+00:00,27.0,64.0,8.3,42.3,58.7,35.7,47.0,626.0,11.2,125,0,0,6
2026-06-22 01:00:00+00:00,27.0,63.0,7.9,42.3,57.6,37.3,40.0,570.0,10.7,124,1,0,6
2026-06-22 02:00:00+00:00,27.2,68.0,3.1,43.1,56.6,38.8,35.0,528.0,10.4,123,2,0,6
2026-06-22 03:00:00+00:00,26.8,65.0,10.2,44.8,59.3,41.2,29.0,498.0,10.5,122,3,0,6
2026-06-22 04:00:00+00:00,26.3,64.0,8.9,45.6,59.5,43.5,24.0,482.0,10.7,121,4,0,6
2026-06-22 05:00:00+00:00,26.6,69.0,4.4,34.3,46.3,24.8,58.0,503.0,14.1,120,5,0,6
2026-06-22 06:00:00+00:00,26.2,70.0,3.6,36.4,48.1,23.4,68.0,605.0,15.8,118,6,0,6
2026-06-22 07:00:00+00:00,26.9,67.0,4.1,38.5,54.1,21.3,83.0,744.0,18.1,116,7,0,6
2026-06-22 08:00:00+00:00,28.6,60.0,5.3,38.8,58.4,18.4,103.0,814.0,19.4,115,8,0,6
2026-06-22 09:00:00+00:00,30.2,54.0,6.0,37.5,59.6,14.1,132.0,745.0,18.7,113,9,0,6
2026-06-22 10:00:00+00:00,31.6,49.0,4.2,37.6,61.0,9.1,165.0,606.0,17.0,112,10,0,6
2026-06-22 11:00:00+00:00,33.6,43.0,3.6,37.8,62.6,5.4,191.0,502.0,15.5,112,11,0,6
2026-06-22 12:00:00+00:00,34.8,40.0,2.0,38.5,64.3,4.0,205.0,481.0,14.5,111,12,0,6
2026-06-22 13:00:00+00:00,34.5,40.0,7.7,39.0,65.7,3.9,211.0,495.0,13.7,111,13,0,6
2026-06-22 14:00:00+00:00,32.8,45.0,8.9,41.1,69.6,4.2,212.0,501.0,13.1,113,14,0,6
2026-06-22 15:00:00+00:00,32.7,46.0,8.0,38.3,64.3,4.6,208.0,477.0,12.7,143,15,0,6
2026-06-22 16:00:00+00:00,32.9,47.0,4.2,36.6,62.6,5.5,199.0,445.0,12.5,165,16,0,6
2026-06-22 17:00:00+00:00,35.3,35.0,9.2,27.3,39.6,7.9,208.0,433.0,13.5,180,17,0,6
2026-06-22 18:00:00+00:00,34.6,37.0,7.0,26.5,38.6,18.8,177.0,452.0,14.2,192,18,0,6
2026-06-22 19:00:00+00:00,34.1,38.0,4.5,32.0,41.9,33.8,134.0,492.0,15.2,194,19,0,6
2026-06-22 20:00:00+00:00,33.4,40.0,6.0,37.6,46.3,45.9,98.0,546.0,15.9,185,20,0,6
2026-06-22 21:00:00+00:00,32.8,44.0,2.7,39.0,48.3,52.3,75.0,639.0,16.2,168,21,0,6
2026-06-22 22:00:00+00:00,32.1,47.0,2.4,39.9,51.1,55.8,60.0,747.0,16.2,145,22,0,6
2026-06-22 23:00:00+00:00,32.2,47.0,3.4,42.8,56.2,56.8,48.0,789.0,15.8,113,23,0,6
2026-06-23 00:00:00+00:00,31.3,54.0,1.3,45.8,61.0,54.1,42.0,701.0,14.7,107,0,1,6
2026-06-23 01:00:00+00:00,30.8,55.0,1.4,45.6,61.2,48.9,40.0,548.0,13.1,107,1,1,6
2026-06-23 02:00:00+00:00,30.2,57.0,1.2,46.3,63.3,45.9,37.0,441.0,12.0,108,2,1,6
2026-06-23 03:00:00+00:00,29.5,61.0,0.8,48.5,66.8,48.5,27.0,420.0,11.5,108,3,1,6
2026-06-23 04:00:00+00:00,29.2,66.0,0.0,51.7,70.3,53.3,16.0,445.0,11.4,108,4,1,6
2026-06-23 05:00:00+00:00,29.7,60.0,1.3,72.6,94.8,75.6,6.0,512.0,17.4,109,5,1,6
2026-06-23 06:00:00+00:00,29.6,60.0,4.2,76.1,95.5,63.0,37.0,668.0,18.7,113,6,1,6
2026-06-23 07:00:00+00:00,31.0,55.0,2.8,60.8,79.4,45.3,81.0,865.0,20.4,117,7,1,6
2026-06-23 08:00:00+00:00,33.1,45.0,4.6,42.6,58.6,29.9,120.0,954.0,20.7,119,8,1,6
2026-06-23 09:00:00+00:00,34.6,39.0,6.2,32.6,45.9,19.0,151.0,834.0,18.1,120,9,1,6
2026-06-23 10:00:00+00:00,34.8,39.0,8.5,28.1,43.9,10.5,177.0,606.0,14.0,119,10,1,6
2026-06-23 11:00:00+00:00,33.2,45.0,4.8,28.1,48.1,4.6,196.0,425.0,11.1,118,11,1,6
2026-06-23 12:00:00+00:00,35.9,35.0,6.5,29.3,54.2,2.4,204.0,352.0,10.5,117,12,1,6
2026-06-23 13:00:00+00:00,37.2,30.0,5.1,31.0,60.3,3.0,204.0,326.0,11.0,116,13,1,6
2026-06-23 14:00:00+00:00,37.8,29.0,7.0,31.7,62.6,3.9,201.0,320.0,11.5,115,14,1,6
2026-06-23 15:00:00+00:00,38.0,28.0,7.8,31.8,62.6,3.5,196.0,312.0,11.4,150,15,1,6
2026-06-23 16:00:00+00:00,37.8,28.0,9.9,31.3,61.7,3.5,188.0,324.0,11.3,169,16,1,6
2026-06-23 17:00:00+00:00,37.2,30.0,9.0,36.9,82.4,6.6,164.0,396.0,11.3,179,17,1,6
2026-06-23 18:00:00+00:00,36.5,32.0,9.0,37.5,77.1,16.9,139.0,566.0,11.7,181,18,1,6
2026-06-23 19:00:00+00:00,35.6,34.0,9.4,40.3,78.5,31.2,103.0,796.0,12.3,175,19,1,6
2026-06-23 20:00:00+00:00,35.1,35.0,8.6,47.6,81.3,43.1,74.0,1014.0,13.0,161,20,1,6
2026-06-23 21:00:00+00:00,34.5,36.0,5.4,54.0,88.0,50.5,56.0,1239.0,13.8,136,21,1,6
2026-06-23 22:00:00+00:00,33.6,40.0,3.1,55.9,87.5,55.5,44.0,1453.0,14.7,119,22,1,6
2026-06-23 23:00:00+00:00,34.2,40.0,4.0,55.3,87.3,57.8,36.0,1524.0,15.1,121,23,1,6
2026-06-24 00:00:00+00:00,32.5,49.0,7.8,54.1,85.7,55.8,32.0,1335.0,14.4,122,0,2,6
2026-06-24 01:00:00+00:00,31.7,52.0,5.8,53.6,85.2,51.2,33.0,1004.0,13.2,123,1,2,6
2026-06-24 02:00:00+00:00,31.1,55.0,4.8,53.3,85.2,48.5,32.0,755.0,12.4,124,2,2,6
2026-06-24 03:00:00+00:00,29.4,56.0,11.6,53.9,88.2,51.0,25.0,679.0,12.2,124,3,2,6
2026-06-24 04:00:00+00:00,28.2,63.0,8.2,56.0,92.7,55.4,17.0,685.0,12.3,125,4,2,6
2026-06-24 05:00:00+00:00,30.7,62.0,1.2,41.8,63.6,29.1,48.0,718.0,9.8,125,5,2,6
2026-06-24 06:00:00+00:00,29.2,59.0,12.4,41.2,58.4,28.1,57.0,797.0,11.4,122,6,2,6
2026-06-24 07:00:00+00:00,30.2,56.0,2.5,43.1,65.9,26.6,72.0,905.0,13.7,118,7,2,6
2026-06-24 08:00:00+00:00,32.3,50.0,7.4,44.8,80.8,23.7,93.0,932.0,15.4,117,8,2,6
2026-06-24 09:00:00+00:00,34.5,42.0,7.8,46.8,92.0,18.3,127.0,798.0,16.3,117,9,2,6
2026-06-24 10:00:00+00:00,36.3,35.0,6.7,50.2,105.2,11.5,168.0,583.0,16.6,118,10,2,6
2026-06-24 11:00:00+00:00,37.8,27.0,6.1,51.9,114.6,6.4,199.0,427.0,16.4,121,11,2,6
2026-06-24 12:00:00+00:00,38.8,26.0,4.8,50.3,113.9,4.3,211.0,395.0,15.3,123,12,2,6
2026-06-24 13:00:00+00:00,39.2,25.0,4.4,46.8,105.5,3.9,212.0,422.0,13.5,125,13,2,6
2026-06-24 14:00:00+00:00,39.4,26.0,5.6,43.3,96.4,4.2,211.0,446.0,12.2,127,14,2,6
2026-06-24 15:00:00+00:00,39.5,26.0,6.7,41.0,90.6,3.8,211.0,425.0,11.6,142,15,2,6
2026-06-24 16:00:00+00:00,38.8,28.0,6.5,40.2,88.7,4.1,208.0,401.0,11.3,166,16,2,6
2026-06-24 17:00:00+00:00,37.2,33.0,8.5,40.3,88.5,7.9,196.0,445.0,11.5,184,17,2,6
2026-06-24 18:00:00+00:00,36.7,33.0,9.9,42.4,87.3,18.4,167.0,626.0,12.3,195,18,2,6
2026-06-24 19:00:00+00:00,35.4,37.0,12.6,46.6,88.7,32.4,129.0,875.0,13.5,195,19,2,6
2026-06-24 20:00:00+00:00,33.8,44.0,10.4,54.1,91.5,43.3,97.0,1047.0,14.3,184,20,2,6
2026-06-24 21:00:00+00:00,32.9,47.0,10.3,59.5,97.1,48.7,75.0,1083.0,14.4,166,21,2,6
2026-06-24 22:00:00+00:00,32.4,48.0,10.5,63.1,102.2,51.0,58.0,1043.0,14.2,142,22,2,6
2026-06-24 23:00:00+00:00,32.1,51.0,10.1,60.5,100.4,50.8,47.0,964.0,13.7,133,23,2,6
2026-06-25 00:00:00+00:00,31.2,55.0,9.9,55.3,95.5,46.7,43.0,828.0,12.9,134,0,3,6
2026-06-25 01:00:00+00:00,30.8,57.0,10.7,52.6,92.0,40.1,45.0,653.0,11.9,134,1,3,6
2026-06-25 02:00:00+00:00,30.3,58.0,10.2,51.9,92.9,35.5,47.0,525.0,11.4,134,2,3,6
2026-06-25 03:00:00+00:00,29.8,60.0,9.7,52.2,94.1,35.7,45.0,477.0,11.5,134,3,3,6
2026-06-25 04:00:00+00:00,29.4,63.0,7.7,52.0,94.3,38.0,42.0,476.0,12.0,134,4,3,6
2026-06-25 05:00:00+00:00,24.5,94.0,18.5,53.4,96.9,38.6,45.0,507.0,12.9,133,5,3,6
2026-06-25 06:00:00+00:00,24.3,94.0,16.6,54.4,89.6,36.2,55.0,591.0,14.5,135,6,3,6
2026-06-25 07:00:00+00:00,24.7,92.0,15.0,53.7,85.4,32.1,72.0,708.0,16.5,136,7,3,6
2026-06-25 08:00:00+00:00,25.6,84.0,13.6,51.9,93.8,26.9,94.0,774.0,17.5,137,8,3,6
2026-06-25 09:00:00+00:00,26.4,78.0,12.1,47.7,90.1,19.6,128.0,734.0,16.6,138,9,3,6
2026-06-25 10:00:00+00:00,26.9,76.0,11.4,43.4,81.7,11.3,169.0,645.0,14.6,138,10,3,6
2026-06-25 11:00:00+00:00,28.4,66.0,12.3,41.0,73.8,5.2,200.0,594.0,12.9,137,11,3,6
2026-06-25 12:00:00+00:00,27.4,72.0,10.7,39.8,69.4,3.2,213.0,618.0,11.9,136,12,3,6
2026-06-25 13:00:00+00:00,28.4,69.0,9.4,39.7,67.8,3.5,216.0,681.0,11.2,135,13,3,6
2026-06-25 14:00:00+00:00,29.5,67.0,6.8,40.3,67.3,4.3,217.0,759.0,10.8,134,14,3,6
2026-06-25 15:00:00+00:00,30.1,66.0,4.9,40.2,65.9,4.2,220.0,800.0,10.8,145,15,3,6
2026-06-25 16:00:00+00:00,30.4,65.0,5.8,40.5,65.7,4.7,221.0,857.0,11.3,170,16,3,6
2026-06-25 17:00:00+00:00,32.2,54.0,3.2,52.5,125.3,9.1,163.0,1066.0,10.7,190,17,3,6
2026-06-25 18:00:00+00:00,32.0,56.0,3.2,53.2,125.7,27.8,134.0,1617.0,12.5,196,18,3,6
2026-06-25 19:00:00+00:00,30.9,65.0,3.2,57.7,109.9,53.3,94.0,2321.0,15.0,190,19,3,6
2026-06-25 20:00:00+00:00,30.2,68.0,4.0,66.6,110.1,71.1,62.0,2743.0,16.7,173,20,3,6
2026-06-25 21:00:00+00:00,29.8,71.0,2.7,69.8,109.9,74.0,48.0,2652.0,17.0,149,21,3,6
2026-06-25 22:00:00+00:00,28.9,74.0,4.3,68.7,103.6,69.0,43.0,2280.0,16.4,140,22,3,6
2026-06-25 23:00:00+00:00,29.5,72.0,6.2,66.6,99.0,62.9,40.0,1888.0,15.7,140,23,3,6
2026-06-26 00:00:00+00:00,28.9,74.0,4.2,62.9,94.5,56.7,39.0,1534.0,14.8,141,0,4,6
2026-06-26 01:00:00+00:00,28.6,75.0,3.9,60.3,91.3,49.4,41.0,1159.0,13.6,142,1,4,6
2026-06-26 02:00:00+00:00,28.3,76.0,4.6,59.8,89.4,44.0,41.0,853.0,12.6,143,2,4,6
2026-06-26 03:00:00+00:00,28.0,79.0,3.4,60.1,88.5,42.9,36.0,633.0,12.0,143,3,4,6
2026-06-26 04:00:00+00:00,27.7,81.0,3.1,59.8,86.1,43.9,29.0,481.0,11.7,144,4,4,6
2026-06-26 05:00:00+00:00,28.1,78.0,4.4,56.6,75.9,40.4,34.0,433.0,11.9,145,5,4,6
2026-06-26 06:00:00+00:00,28.3,77.0,1.3,57.3,75.9,36.7,50.0,572.0,12.4,145,6,4,6
2026-06-26 07:00:00+00:00,29.1,75.0,3.0,55.9,80.1,31.2,73.0,815.0,13.2,146,7,4,6
2026-06-26 08:00:00+00:00,30.4,68.0,4.5,52.3,89.4,25.3,101.0,951.0,14.1,146,8,4,6
2026-06-26 09:00:00+00:00,31.8,64.0,4.5,53.8,105.9,18.4,137.0,863.0,15.4,146,9,4,6
2026-06-26 10:00:00+00:00,32.8,60.0,3.5,55.4,114.6,11.0,178.0,668.0,16.9,147,10,4,6
2026-06-26 11:00:00+00:00,33.6,55.0,2.2,53.3,105.9,5.7,210.0,507.0,17.7,148,11,4,6
2026-06-26 12:00:00+00:00,34.7,52.0,4.6,53.6,102.0,3.8,225.0,426.0,17.1,149,12,4,6
2026-06-26 13:00:00+00:00,35.3,49.0,8.8,53.6,98.7,3.9,231.0,380.0,15.7,150,13,4,6
2026-06-26 14:00:00+00:00,35.2,48.0,9.7,52.6,93.8,4.6,234.0,373.0,14.7,151,14,4,6
2026-06-26 15:00:00+00:00,35.0,49.0,7.8,52.9,91.3,3.7,240.0,369.0,14.5,159,15,4,6
2026-06-26 16:00:00+00:00,35.0,49.0,6.8,51.9,86.8,3.5,242.0,403.0,14.7,186,16,4,6
2026-06-26 17:00:00+00:00,35.8,41.0,2.1,60.5,91.0,9.3,226.0,589.0,15.4,203,17,4,6
2026-06-26 18:00:00+00:00,34.5,56.0,1.3,60.8,88.2,38.1,181.0,1099.0,17.4,209,18,4,6
2026-06-26 19:00:00+00:00,32.9,61.0,0.4,77.1,99.2,77.7,120.0,1759.0,20.0,210,19,4,6
2026-06-26 20:00:00+00:00,31.7,69.0,1.2,92.0,114.3,105.6,72.0,2165.0,21.9,204,20,4,6
2026-06-26 21:00:00+00:00,31.3,73.0,1.1,98.0,118.5,111.7,51.0,2082.0,22.4,184,21,4,6
2026-06-26 22:00:00+00:00,30.9,74.0,1.9,104.8,125.3,106.3,45.0,1743.0,22.1,155,22,4,6
2026-06-26 23:00:00+00:00,31.7,72.0,1.0,106.9,128.1,97.3,42.0,1447.0,21.2,155,23,4,6
2026-06-27 00:00:00+00:00,30.8,73.0,1.2,98.5,120.6,84.7,43.0,1293.0,19.4,157,0,5,6
2026-06-27 01:00:00+00:00,29.8,79.0,3.6,94.5,119.0,68.5,48.0,1180.0,17.1,158,1,5,6
2026-06-27 02:00:00+00:00,29.7,80.0,2.8,94.8,122.0,57.8,49.0,1108.0,15.4,159,2,5,6
2026-06-27 03:00:00+00:00,29.5,80.0,2.2,97.3,128.5,58.9,38.0,1086.0,14.9,160,3,5,6
2026-06-27 04:00:00+00:00,29.0,82.0,2.5,102.9,139.2,65.3,24.0,1103.0,15.2,161,4,5,6
2026-06-27 05:00:00+00:00,29.2,86.0,0.5,106.4,130.9,59.9,25.0,1127.0,13.5,162,5,5,6
2026-06-27 06:00:00+00:00,29.1,86.0,4.2,106.4,130.4,50.7,51.0,1176.0,14.9,164,6,5,6
2026-06-27 07:00:00+00:00,30.6,78.0,4.6,96.4,126.7,37.7,89.0,1232.0,16.8,165,7,5,6
2026-06-27 08:00:00+00:00,32.4,67.0,5.3,77.5,124.3,26.1,127.0,1205.0,18.1,166,8,5,6
2026-06-27 09:00:00+00:00,34.1,57.0,5.9,72.9,124.3,17.4,165.0,1013.0,18.4,167,9,5,6
2026-06-27 10:00:00+00:00,35.4,50.0,5.4,71.5,118.7,10.2,203.0,739.0,18.1,168,10,5,6
2026-06-27 11:00:00+00:00,36.3,47.0,5.2,68.2,109.7,5.2,230.0,539.0,17.4,168,11,5,6
2026-06-27 12:00:00+00:00,36.8,45.0,4.7,65.4,103.8,3.3,240.0,489.0,16.1,168,12,5,6
2026-06-27 13:00:00+00:00,37.3,43.0,4.6,62.4,99.0,3.6,238.0,512.0,14.3,169,13,5,6
2026-06-27 14:00:00+00:00,37.6,42.0,4.1,59.5,94.1,4.4,234.0,540.0,12.9,169,14,5,6
2026-06-27 15:00:00+00:00,37.7,41.0,4.6,57.0,88.0,4.0,231.0,527.0,12.1,181,15,5,6
2026-06-27 16:00:00+00:00,37.5,41.0,3.9,54.1,81.3,4.1,226.0,518.0,11.8,201,16,5,6
2026-06-27 17:00:00+00:00,37.4,41.0,7.4,57.0,85.0,8.4,213.0,578.0,12.6,208,17,5,6
2026-06-27 18:00:00+00:00,36.1,51.0,6.8,57.9,80.6,29.5,173.0,754.0,14.0,211,18,5,6
2026-06-27 19:00:00+00:00,34.5,58.0,4.4,65.0,85.0,59.0,118.0,998.0,16.0,209,19,5,6
2026-06-27 20:00:00+00:00,33.5,62.0,3.7,79.9,99.9,83.8,72.0,1233.0,17.8,202,20,5,6
2026-06-27 21:00:00+00:00,33.3,59.0,4.2,90.1,110.8,100.5,45.0,1477.0,19.4,177,21,5,6
2026-06-27 22:00:00+00:00,32.5,61.0,4.6,100.8,121.1,112.4,27.0,1713.0,20.9,168,22,5,6
2026-06-27 23:00:00+00:00,33.0,61.0,6.1,99.0,116.4,116.6,17.0,1807.0,21.6,168,23,5,6
2026-06-28 00:00:00+00:00,32.3,63.0,5.2,95.2,111.1,109.0,16.0,1658.0,20.9,168,0,6,6
2026-06-28 01:00:00+00:00,31.9,63.0,5.2,92.0,107.3,93.7,23.0,1368.0,19.4,168,1,6,6
2026-06-28 02:00:00+00:00,31.5,64.0,5.3,88.7,103.8,79.5,30.0,1110.0,18.0,168,2,6,6
2026-06-28 03:00:00+00:00,31.1,64.0,5.8,85.2,99.9,70.0,31.0,930.0,16.9,168,3,6,6
2026-06-28 04:00:00+00:00,27.5,79.0,18.2,82.9,97.8,61.7,32.0,782.0,16.0,167,4,6,6
2026-06-28 05:00:00+00:00,31.5,66.0,6.8,77.5,92.0,47.7,48.0,705.0,16.3,167,5,6,6
2026-06-28 06:00:00+00:00,26.8,80.0,24.4,74.5,88.5,40.9,71.0,761.0,16.5,166,6,6,6
2026-06-28 07:00:00+00:00,26.8,88.0,8.0,72.6,87.3,31.4,103.0,887.0,16.8,165,7,6,6
2026-06-28 08:00:00+00:00,29.9,77.0,7.3,67.8,87.3,22.7,136.0,940.0,17.1,164,8,6,6
2026-06-28 09:00:00+00:00,32.3,67.0,9.1,64.7,85.4,15.7,169.0,837.0,17.5,164,9,6,6
2026-06-28 10:00:00+00:00,34.3,59.0,9.5,61.9,83.6,9.5,202.0,660.0,17.9,164,10,6,6
2026-06-28 11:00:00+00:00,35.9,53.0,8.8,58.2,80.3,5.1,223.0,510.0,17.6,163,11,6,6
2026-06-28 12:00:00+00:00,37.4,45.0,7.8,52.4,75.2,3.2,225.0,420.0,16.0,163,12,6,6
2026-06-28 13:00:00+00:00,38.4,42.0,6.6,47.3,70.8,3.0,214.0,357.0,13.8,163,13,6,6
2026-06-28 14:00:00+00:00,38.9,39.0,6.3,44.5,67.8,3.3,202.0,324.0,11.9,162,14,6,6
2026-06-28 15:00:00+00:00,39.2,37.0,6.8,40.7,63.3,2.5,192.0,308.0,10.7,173,15,6,6
2026-06-28 16:00:00+00:00,39.1,37.0,7.3,36.1,58.3,2.0,181.0,321.0,9.9,187,16,6,6
2026-06-28 17:00:00+00:00,38.3,41.0,7.7,32.1,54.6,5.2,164.0,404.0,9.7,194,17,6,6
2026-06-28 18:00:00+00:00,37.2,48.0,4.9,32.4,53.1,15.4,137.0,630.0,10.5,193,18,6,6
2026-06-28 19:00:00+00:00,35.9,56.0,3.1,37.5,56.6,29.1,104.0,926.0,11.9,183,19,6,6
2026-06-28 20:00:00+00:00,34.9,58.0,4.5,46.8,66.6,39.5,77.0,1111.0,12.9,164,20,6,6
2026-06-28 21:00:00+00:00,34.2,59.0,5.1,53.6,73.1,43.8,59.0,1079.0,13.1,157,21,6,6
2026-06-28 22:00:00+00:00,33.5,62.0,5.0,54.6,74.3,44.7,46.0,936.0,12.9,156,22,6,6
2026-06-28 23:00:00+00:00,35.0,50.0,8.2,52.6,74.5,43.6,38.0,820.0,12.4,155,23,6,6
2026-06-29 00:00:00+00:00,34.2,52.0,7.0,48.2,75.0,39.5,37.0,793.0,11.5,154,0,0,6
2026-06-29 01:00:00+00:00,33.5,53.0,7.4,45.3,80.1,33.3,41.0,792.0,10.3,152,1,0,6
2026-06-29 02:00:00+00:00,32.7,56.0,6.6,43.4,82.2,29.6,43.0,765.0,9.4,151,2,0,6
2026-06-29 03:00:00+00:00,31.7,62.0,5.1,44.7,86.8,31.5,36.0,661.0,9.1,148,3,0,6
2026-06-29 04:00:00+00:00,31.8,64.0,0.7,47.8,93.6,35.9,28.0,530.0,9.2,144,4,0,6
2026-06-29 05:00:00+00:00,31.9,69.0,2.7,40.3,49.4,33.0,37.0,474.0,9.2,140,5,0,6
2026-06-29 06:00:00+00:00,32.0,65.0,4.3,46.3,54.8,30.0,55.0,580.0,10.4,136,6,0,6
2026-06-29 07:00:00+00:00,33.1,61.0,1.8,52.7,62.2,25.6,82.0,760.0,12.0,133,7,0,6
2026-06-29 08:00:00+00:00,34.8,53.0,2.8,53.3,67.8,20.9,111.0,850.0,13.3,131,8,0,6
2026-06-29 09:00:00+00:00,36.2,49.0,6.3,50.3,66.1,15.6,147.0,752.0,13.9,130,9,0,6
2026-06-29 10:00:00+00:00,37.5,44.0,7.2,45.6,61.7,9.9,186.0,565.0,14.1,128,10,0,6
2026-06-29 11:00:00+00:00,38.1,40.0,7.0,42.1,59.4,5.7,212.0,416.0,13.9,127,11,0,6
2026-06-29 12:00:00+00:00,38.7,39.0,7.2,39.2,59.4,4.0,217.0,356.0,13.2,125,12,0,6
2026-06-29 13:00:00+00:00,39.5,37.0,8.1,37.3,62.2,3.8,209.0,335.0,12.0,123,13,0,6
2026-06-29 14:00:00+00:00,39.9,36.0,8.3,34.6,63.3,4.1,197.0,329.0,10.9,126,14,0,6
2026-06-29 15:00:00+00:00,40.1,36.0,7.8,32.0,64.7,4.0,183.0,329.0,9.8,154,15,0,6
2026-06-29 16:00:00+00:00,39.9,36.0,6.4,32.7,71.2,4.4,164.0,345.0,8.8,171,16,0,6
2026-06-29 17:00:00+00:00,40.0,34.0,9.0,34.2,77.3,7.6,154.0,384.0,9.3,179,17,0,6
2026-06-29 18:00:00+00:00,39.4,36.0,7.6,35.5,75.7,18.9,129.0,461.0,10.3,180,18,0,6
2026-06-29 19:00:00+00:00,38.7,38.0,7.8,41.6,82.2,34.7,93.0,560.0,11.7,171,19,0,6
2026-06-29 20:00:00+00:00,37.8,42.0,6.8,47.7,86.8,47.1,64.0,645.0,12.9,152,20,0,6
2026-06-29 21:00:00+00:00,36.6,47.0,4.4,51.2,96.9,53.0,47.0,701.0,13.6,121,21,0,6
2026-06-29 22:00:00+00:00,35.9,55.0,2.6,57.3,109.2,55.6,37.0,743.0,14.0,121,22,0,6
2026-06-29 23:00:00+00:00,36.5,46.0,7.4,62.9,117.1,57.1,29.0,773.0,14.1,121,23,0,6
2026-06-30 00:00:00+00:00,35.3,50.0,6.0,65.7,121.5,58.2,22.0,802.0,13.7,122,0,1,6
2026-06-30 01:00:00+00:00,34.4,56.0,3.7,69.2,124.3,58.3,17.0,819.0,13.0,124,1,1,6
2026-06-30 02:00:00+00:00,33.8,56.0,3.5,70.8,123.9,57.3,15.0,795.0,12.4,127,2,1,6
2026-06-30 03:00:00+00:00,33.0,59.0,2.0,70.8,117.6,55.1,12.0,678.0,11.8,129,3,1,6
2026-06-30 04:00:00+00:00,32.0,66.0,6.6,68.9,110.6,51.8,12.0,520.0,11.4,132,4,1,6
2026-06-30 05:00:00+00:00,33.8,56.0,5.2,68.9,128.1,48.7,16.0,444.0,12.3,134,5,1,6
2026-06-30 06:00:00+00:00,33.5,59.0,1.7,68.9,128.1,43.4,35.0,551.0,13.3,137,6,1,6
2026-06-30 07:00:00+00:00,32.6,65.0,8.7,68.2,132.2,35.8,64.0,741.0,14.6,140,7,1,6
2026-06-30 08:00:00+00:00,33.7,62.0,6.3,65.2,133.6,28.1,97.0,837.0,15.5,141,8,1,6
2026-06-30 09:00:00+00:00,35.6,55.0,4.3,63.1,127.1,20.4,140.0,734.0,15.7,143,9,1,6
2026-06-30 10:00:00+00:00,37.7,45.0,3.8,62.6,123.4,12.7,189.0,537.0,15.5,144,10,1,6
2026-06-30 11:00:00+00:00,38.4,41.0,6.3,61.5,121.5,7.0,220.0,382.0,14.9,146,11,1,6
2026-06-30 12:00:00+00:00,38.6,40.0,9.0,61.0,123.4,4.5,222.0,323.0,13.8,148,12,1,6
2026-06-30 13:00:00+00:00,39.0,39.0,9.8,57.0,119.0,4.0,208.0,307.0,12.4,150,13,1,6
2026-06-30 14:00:00+00:00,39.0,37.0,8.6,54.9,118.7,4.3,192.0,306.0,11.2,151,14,1,6
2026-06-30 15:00:00+00:00,38.6,40.0,9.0,53.7,119.7,4.9,179.0,311.0,10.4,151,15,1,6
2026-06-30 16:00:00+00:00,38.8,40.0,7.9,53.4,122.5,6.3,164.0,331.0,9.8,168,16,1,6
2026-06-30 17:00:00+00:00,39.3,36.0,10.8,57.6,135.0,9.4,141.0,375.0,8.8,179,17,1,6
2026-06-30 18:00:00+00:00,38.3,36.0,12.6,58.7,127.1,14.3,124.0,465.0,9.1,179,18,1,6
2026-06-30 19:00:00+00:00,37.7,36.0,11.2,59.5,122.0,21.0,100.0,578.0,9.5,169,19,1,6
2026-06-30 20:00:00+00:00,37.1,39.0,7.3,59.8,111.5,26.3,81.0,649.0,9.9,154,20,1,6
2026-06-30 21:00:00+00:00,36.4,42.0,6.8,60.5,103.8,29.2,71.0,641.0,10.2,155,21,1,6
2026-06-30 22:00:00+00:00,34.1,54.0,11.2,62.4,99.0,30.6,65.0,591.0,10.5,155,22,1,6
2026-06-30 23:00:00+00:00,35.6,46.0,5.9,62.9,92.9,30.3,64.0,552.0,11.2,155,23,1,6
2026-07-01 00:00:00+00:00,34.2,53.0,7.2,61.0,87.8,27.2,69.0,543.0,12.6,155,0,2,7
2026-07-01 01:00:00+00:00,33.3,58.0,7.6,65.4,120.1,22.3,78.0,545.0,14.4,155,1,2,7
2026-07-01 02:00:00+00:00,32.7,60.0,10.6,78.2,207.2,18.1,86.0,548.0,15.5,155,2,2,7
2026-07-01 03:00:00+00:00,32.3,66.0,9.6,98.5,328.8,15.3,90.0,542.0,15.3,155,3,2,7
2026-07-01 04:00:00+00:00,31.9,73.0,7.9,107.6,375.3,13.2,92.0,536.0,14.6,156,4,2,7
2026-07-01 05:00:00+00:00,31.4,76.0,8.6,119.2,395.8,13.9,87.0,553.0,13.0,157,5,2,7
2026-07-01 06:00:00+00:00,31.2,77.0,10.1,111.5,374.4,14.5,87.0,622.0,13.3,159,6,2,7
2026-07-01 07:00:00+00:00,30.6,80.0,11.6,123.9,476.8,15.1,88.0,712.0,13.7,160,7,2,7
2026-07-01 08:00:00+00:00,31.6,74.0,16.2,128.5,499.2,14.7,96.0,754.0,14.0,162,8,2,7
2026-07-01 09:00:00+00:00,33.6,67.0,15.0,140.6,540.2,12.1,120.0,698.0,14.2,163,9,2,7
2026-07-01 10:00:00+00:00,34.8,62.0,15.8,156.9,597.9,8.4,151.0,593.0,14.4,166,10,2,7
2026-07-01 11:00:00+00:00,34.6,60.0,12.2,168.1,653.8,5.8,173.0,513.0,14.1,169,11,2,7
2026-07-01 12:00:00+00:00,35.8,56.0,9.0,172.3,665.0,5.2,178.0,486.0,13.1,172,12,2,7
2026-07-01 13:00:00+00:00,36.8,51.0,7.4,158.8,597.9,5.7,174.0,484.0,11.6,175,13,2,7
2026-07-01 14:00:00+00:00,37.1,48.0,7.7,153.2,558.8,6.4,171.0,493.0,10.6,178,14,2,7
2026-07-01 15:00:00+00:00,34.4,58.0,11.4,163.4,594.2,7.0,173.0,505.0,10.3,181,15,2,7
2026-07-01 16:00:00+00:00,34.3,59.0,10.5,163.9,594.2,7.8,176.0,529.0,10.4,189,16,2,7
2026-07-01 17:00:00+00:00,36.0,51.0,10.3,153.2,467.5,9.1,164.0,580.0,10.4,199,17,2,7
2026-07-01 18:00:00+00:00,35.8,50.0,12.1,132.7,349.2,18.7,139.0,694.0,10.3,216,18,2,7
2026-07-01 19:00:00+00:00,34.2,59.0,13.4,127.1,297.1,31.7,104.0,834.0,10.2,229,19,2,7
2026-07-01 20:00:00+00:00,32.6,66.0,13.5,133.2,321.3,39.8,78.0,907.0,10.1,240,20,2,7
2026-07-01 21:00:00+00:00,31.8,70.0,9.0,137.4,345.5,38.2,72.0,857.0,10.1,252,21,2,7
2026-07-01 22:00:00+00:00,29.3,80.0,12.6,137.4,377.2,31.6,75.0,739.0,10.2,267,22,2,7
2026-07-01 23:00:00+00:00,28.4,77.0,15.5,142.0,451.7,25.9,76.0,632.0,10.3,283,23,2,7
2026-07-02 00:00:00+00:00,27.5,81.0,10.5,148.5,510.4,23.2,69.0,558.0,10.5,304,0,3,7
2026-07-02 01:00:00+00:00,27.2,84.0,13.6,149.5,516.0,21.5,60.0,493.0,10.8,326,1,3,7
2026-07-02 02:00:00+00:00,27.0,86.0,10.6,143.0,486.2,20.4,53.0,445.0,11.0,347,2,3,7
2026-07-02 03:00:00+00:00,26.9,86.0,9.5,122.9,388.4,20.2,48.0,404.0,11.1,361,3,3,7
2026-07-02 04:00:00+00:00,26.7,87.0,8.0,102.0,296.2,20.7,44.0,379.0,11.1,364,4,3,7
2026-07-02 05:00:00+00:00,25.7,91.0,12.2,106.6,366.0,19.2,57.0,407.0,12.9,360,5,3,7
2026-07-02 06:00:00+00:00,25.7,89.0,10.7,111.8,394.9,20.2,61.0,546.0,14.0,359,6,3,7
2026-07-02 07:00:00+00:00,25.2,95.0,12.8,119.0,460.1,21.3,68.0,737.0,15.6,360,7,3,7
2026-07-02 08:00:00+00:00,25.9,93.0,9.7,121.1,471.2,20.7,83.0,837.0,16.4,359,8,3,7
2026-07-02 09:00:00+00:00,28.0,83.0,6.4,117.6,442.4,16.7,114.0,753.0,16.0,357,9,3,7
2026-07-02 10:00:00+00:00,29.9,75.0,7.1,114.6,416.3,10.9,154.0,578.0,14.9,352,10,3,7
2026-07-02 11:00:00+00:00,30.7,70.0,5.5,114.8,413.5,6.4,183.0,448.0,13.7,343,11,3,7
2026-07-02 12:00:00+00:00,32.0,65.0,3.6,113.4,399.5,4.5,194.0,418.0,12.3,330,12,3,7
2026-07-02 13:00:00+00:00,33.0,62.0,3.8,107.3,357.6,4.0,194.0,434.0,10.7,316,13,3,7
2026-07-02 14:00:00+00:00,33.7,60.0,4.4,100.8,317.6,4.2,193.0,465.0,9.6,304,14,3,7
2026-07-02 15:00:00+00:00,33.9,59.0,4.5,95.2,286.8,4.0,195.0,481.0,9.3,290,15,3,7
2026-07-02 16:00:00+00:00,33.7,60.0,5.6,90.8,262.6,4.6,196.0,514.0,9.4,272,16,3,7
2026-07-02 17:00:00+00:00,33.6,59.0,8.5,73.6,205.4,7.8,168.0,625.0,8.1,252,17,3,7
2026-07-02 18:00:00+00:00,33.1,60.0,7.3,74.7,188.6,17.4,144.0,914.0,8.8,236,18,3,7
2026-07-02 19:00:00+00:00,32.5,63.0,6.1,76.8,158.8,30.8,110.0,1283.0,9.7,227,19,3,7
2026-07-02 20:00:00+00:00,31.9,67.0,5.4,79.9,155.5,41.4,82.0,1496.0,10.6,219,20,3,7
2026-07-02 21:00:00+00:00,31.4,70.0,6.0,83.6,152.3,47.3,66.0,1424.0,11.4,209,21,3,7
2026-07-02 22:00:00+00:00,31.0,70.0,6.8,86.1,150.4,50.4,56.0,1196.0,12.1,199,22,3,7
2026-07-02 23:00:00+00:00,31.3,68.0,9.5,86.1,148.1,50.3,51.0,974.0,12.5,194,23,3,7
2026-07-03 00:00:00+00:00,30.5,74.0,9.2,83.1,140.6,44.9,53.0,796.0,12.4,188,0,4,7
2026-07-03 01:00:00+00:00,30.1,76.0,7.9,78.7,130.4,36.2,60.0,623.0,11.9,184,1,4,7
2026-07-03 02:00:00+00:00,29.8,78.0,7.6,73.3,117.6,29.7,65.0,497.0,11.8,182,2,4,7
2026-07-03 03:00:00+00:00,29.5,80.0,8.3,67.1,102.0,28.1,61.0,433.0,12.3,180,3,4,7
2026-07-03 04:00:00+00:00,29.3,81.0,8.3,60.3,84.8,28.5,54.0,416.0,13.0,178,4,4,7
2026-07-03 05:00:00+00:00,29.5,82.0,5.0,48.0,56.3,21.4,76.0,440.0,10.2,177,5,4,7
2026-07-03 06:00:00+00:00,29.5,82.0,4.8,47.6,53.2,20.5,89.0,542.0,12.1,175,6,4,7
2026-07-03 07:00:00+00:00,30.8,75.0,4.7,38.5,41.8,19.0,107.0,685.0,14.7,173,7,4,7
2026-07-03 08:00:00+00:00,32.2,69.0,10.3,27.1,28.1,16.8,126.0,759.0,16.0,171,8,4,7
2026-07-03 09:00:00+00:00,33.6,60.0,13.5,22.8,23.2,13.1,147.0,690.0,14.9,168,9,4,7
2026-07-03 10:00:00+00:00,34.7,56.0,13.1,21.5,24.0,8.6,169.0,551.0,12.7,165,10,4,7
2026-07-03 11:00:00+00:00,35.9,50.0,5.3,22.1,28.1,5.3,187.0,454.0,10.8,162,11,4,7
2026-07-03 12:00:00+00:00,35.2,52.0,6.0,23.3,32.1,4.1,198.0,444.0,9.9,160,12,4,7
2026-07-03 13:00:00+00:00,35.6,49.0,3.5,23.9,33.6,4.1,204.0,476.0,9.4,157,13,4,7
2026-07-03 14:00:00+00:00,36.2,47.0,2.6,24.3,34.3,4.7,208.0,520.0,9.2,155,14,4,7
2026-07-03 15:00:00+00:00,36.8,45.0,0.2,24.7,35.4,5.0,211.0,575.0,9.2,152,15,4,7
2026-07-03 16:00:00+00:00,36.8,45.0,1.8,25.2,35.7,5.9,212.0,642.0,9.4,169,16,4,7
2026-07-03 17:00:00+00:00,37.1,43.0,7.0,49.2,82.4,9.0,204.0,698.0,11.4,182,17,4,7
2026-07-03 18:00:00+00:00,36.1,46.0,8.4,50.8,82.0,20.6,175.0,728.0,12.2,191,18,4,7
2026-07-03 19:00:00+00:00,35.4,47.0,8.2,57.2,78.5,36.2,135.0,747.0,13.3,192,19,4,7
2026-07-03 20:00:00+00:00,35.0,48.0,7.2,59.6,75.7,46.2,104.0,777.0,13.7,184,20,4,7
2026-07-03 21:00:00+00:00,34.4,51.0,7.7,58.6,72.6,45.1,91.0,845.0,12.7,169,21,4,7
2026-07-03 22:00:00+00:00,33.3,58.0,7.9,55.2,67.5,38.3,88.0,923.0,11.0,151,22,4,7
2026-07-03 23:00:00+00:00,33.2,60.0,7.5,51.3,61.0,31.9,85.0,954.0,9.5,129,23,4,7
2026-07-04 00:00:00+00:00,32.4,64.0,6.1,46.9,53.8,27.7,81.0,894.0,8.3,125,0,5,7
2026-07-04 01:00:00+00:00,32.1,66.0,5.1,43.8,48.9,23.9,77.0,786.0,7.2,121,1,5,7
2026-07-04 02:00:00+00:00,31.7,67.0,5.3,42.5,47.1,21.9,73.0,698.0,6.7,118,2,5,7
2026-07-04 03:00:00+00:00,31.4,68.0,4.6,42.4,47.3,22.9,64.0,651.0,6.8,115,3,5,7
2026-07-04 04:00:00+00:00,31.1,68.0,5.6,43.0,47.8,25.6,53.0,624.0,7.5,112,4,5,7
2026-07-04 05:00:00+00:00,29.1,77.0,11.5,46.9,53.8,25.2,58.0,624.0,8.7,110,5,5,7
2026-07-04 06:00:00+00:00,28.5,82.0,5.0,47.0,52.7,23.6,71.0,679.0,9.6,110,6,5,7
2026-07-04 07:00:00+00:00,30.8,71.0,3.8,46.0,52.5,21.2,89.0,762.0,10.9,110,7,5,7
2026-07-04 08:00:00+00:00,33.2,59.0,4.8,43.5,50.4,18.1,111.0,796.0,11.5,111,8,5,7
2026-07-04 09:00:00+00:00,34.2,57.0,8.1,41.7,48.5,13.8,140.0,729.0,11.0,112,9,5,7
2026-07-04 10:00:00+00:00,35.2,54.0,8.0,41.3,48.9,8.9,172.0,614.0,10.0,114,10,5,7
2026-07-04 11:00:00+00:00,35.7,49.0,8.5,41.1,51.3,5.3,195.0,531.0,9.0,117,11,5,7
2026-07-04 12:00:00+00:00,36.8,46.0,6.9,39.0,49.6,3.9,203.0,515.0,8.3,118,12,5,7
2026-07-04 13:00:00+00:00,37.0,44.0,5.7,37.5,48.2,3.8,201.0,532.0,7.8,120,13,5,7
2026-07-04 14:00:00+00:00,37.7,42.0,5.2,35.9,46.1,4.3,199.0,559.0,7.5,122,14,5,7
2026-07-04 15:00:00+00:00,37.8,41.0,4.8,35.3,45.3,4.5,201.0,573.0,7.6,145,15,5,7
2026-07-04 16:00:00+00:00,37.7,41.0,3.9,38.5,51.3,5.4,203.0,597.0,8.0,164,16,5,7
2026-07-04 17:00:00+00:00,37.6,46.0,4.8,75.9,103.6,9.7,202.0,679.0,10.4,179,17,5,7
2026-07-04 18:00:00+00:00,36.9,47.0,6.3,77.3,102.7,24.0,170.0,882.0,11.5,189,18,5,7
2026-07-04 19:00:00+00:00,36.2,48.0,5.5,83.4,106.4,43.5,125.0,1142.0,13.1,188,19,5,7
2026-07-04 20:00:00+00:00,35.2,53.0,7.5,89.6,107.6,55.9,92.0,1317.0,14.3,177,20,5,7
2026-07-04 21:00:00+00:00,34.1,59.0,9.1,87.5,103.6,54.9,82.0,1347.0,14.7,160,21,5,7
2026-07-04 22:00:00+00:00,33.2,65.0,9.1,84.5,99.4,46.8,85.0,1292.0,14.6,140,22,5,7
2026-07-04 23:00:00+00:00,33.7,65.0,8.9,80.1,93.8,38.8,89.0,1187.0,14.7,143,23,5,7
2026-07-05 00:00:00+00:00,33.2,64.0,8.4,74.7,87.1,32.6,94.0,1009.0,15.1,146,0,6,7
2026-07-05 01:00:00+00:00,32.8,67.0,7.9,70.1,81.3,26.4,101.0,781.0,15.5,149,1,6,7
2026-07-05 02:00:00+00:00,32.4,68.0,8.2,67.5,77.3,22.5,104.0,608.0,16.0,150,2,6,7
2026-07-05 03:00:00+00:00,32.0,70.0,6.9,66.6,75.9,22.6,95.0,531.0,16.3,151,3,6,7
2026-07-05 04:00:00+00:00,30.0,76.0,14.8,67.1,76.6,25.0,82.0,508.0,16.7,152,4,6,7
2026-07-05 05:00:00+00:00,30.0,69.0,12.8,66.4,84.8,21.6,93.0,517.0,18.7,153,5,6,7
2026-07-05 06:00:00+00:00,28.6,86.0,4.5,66.1,87.8,20.9,100.0,579.0,19.4,153,6,6,7
2026-07-05 07:00:00+00:00,30.3,77.0,8.3,66.8,93.6,19.9,111.0,674.0,20.3,154,7,6,7
2026-07-05 08:00:00+00:00,31.8,73.0,4.6,65.2,94.3,17.9,128.0,719.0,21.0,154,8,6,7
2026-07-05 09:00:00+00:00,33.9,64.0,4.3,64.7,90.6,14.2,157.0,660.0,21.2,155,9,6,7
2026-07-05 10:00:00+00:00,35.6,56.0,5.1,66.8,94.8,9.6,191.0,551.0,21.2,156,10,6,7
2026-07-05 11:00:00+00:00,35.5,54.0,5.8,68.5,99.2,6.0,217.0,469.0,20.6,156,11,6,7
2026-07-05 12:00:00+00:00,36.2,51.0,5.9,70.1,102.2,4.3,226.0,449.0,19.1,157,12,6,7
2026-07-05 13:00:00+00:00,37.1,48.0,4.9,71.0,103.8,3.8,226.0,457.0,17.1,158,13,6,7
2026-07-05 14:00:00+00:00,37.3,47.0,4.0,70.3,103.1,3.8,223.0,464.0,15.5,159,14,6,7
2026-07-05 15:00:00+00:00,37.8,46.0,1.4,68.5,100.8,3.1,224.0,450.0,14.6,173,15,6,7
2026-07-05 16:00:00+00:00,37.9,42.0,0.9,67.1,98.7,3.0,222.0,435.0,14.2,191,16,6,7
2026-07-05 17:00:00+00:00,37.4,46.0,1.5,91.3,132.7,7.5,210.0,454.0,16.0,203,17,6,7
2026-07-05 18:00:00+00:00,37.1,45.0,3.1,90.8,131.8,21.1,179.0,541.0,17.2,206,18,6,7
2026-07-05 19:00:00+00:00,36.6,46.0,3.3,98.3,135.5,39.6,136.0,662.0,18.8,205,19,6,7
2026-07-05 20:00:00+00:00,35.6,52.0,6.3,110.8,143.9,51.7,103.0,751.0,19.7,200,20,6,7
2026-07-05 21:00:00+00:00,34.5,58.0,7.6,113.2,138.8,51.7,88.0,780.0,19.4,180,21,6,7
2026-07-05 22:00:00+00:00,33.7,62.0,8.0,111.1,131.8,45.3,83.0,778.0,18.4,165,22,6,7
2026-07-05 23:00:00+00:00,34.1,64.0,8.0,105.5,122.5,38.4,81.0,760.0,17.5,166,23,6,7
2026-07-06 00:00:00+00:00,33.7,64.0,7.8,99.2,113.4,32.4,83.0,724.0,17.1,166,0,0,7
2026-07-06 01:00:00+00:00,33.2,63.0,8.3,94.1,106.4,26.0,89.0,674.0,16.8,167,1,0,7
2026-07-06 02:00:00+00:00,32.6,67.0,7.1,90.3,101.7,20.9,94.0,636.0,16.1,168,2,0,7
2026-07-06 03:00:00+00:00,32.2,71.0,6.5,87.5,97.8,17.5,95.0,616.0,14.5,168,3,0,7
2026-07-06 04:00:00+00:00,31.7,74.0,7.6,82.7,91.3,15.4,95.0,607.0,12.5,169,4,0,7
2026-07-06 05:00:00+00:00,30.7,75.0,10.6,67.3,72.4,14.6,95.0,623.0,7.3,169,5,0,7
2026-07-06 06:00:00+00:00,29.7,80.0,12.0,57.4,62.9,15.9,98.0,692.0,7.4,170,6,0,7
2026-07-06 07:00:00+00:00,30.0,78.0,9.6,49.5,53.6,17.6,102.0,784.0,7.4,169,7,0,7
2026-07-06 08:00:00+00:00,31.4,71.0,9.6,35.2,38.5,17.7,111.0,824.0,7.6,169,8,0,7
2026-07-06 09:00:00+00:00,33.0,63.0,10.9,30.0,34.0,14.7,129.0,759.0,7.9,168,9,0,7
2026-07-06 10:00:00+00:00,34.4,57.0,10.6,29.0,33.4,10.1,152.0,641.0,8.3,167,10,0,7
2026-07-06 11:00:00+00:00,33.0,60.0,9.6,29.7,34.1,6.6,170.0,555.0,8.5,166,11,0,7
2026-07-06 12:00:00+00:00,33.3,60.0,7.6,30.2,35.2,5.3,179.0,535.0,8.3,165,12,0,7
2026-07-06 13:00:00+00:00,34.6,56.0,7.6,30.5,35.4,5.1,182.0,545.0,7.9,163,13,0,7
2026-07-06 14:00:00+00:00,35.3,53.0,6.7,30.9,35.7,5.6,181.0,567.0,7.6,162,14,0,7
2026-07-06 15:00:00+00:00,35.8,52.0,5.2,30.9,35.7,5.8,177.0,594.0,7.4,161,15,0,7
2026-07-06 16:00:00+00:00,35.9,53.0,5.0,30.3,34.9,6.8,170.0,632.0,7.4,160,16,0,7
2026-07-06 17:00:00+00:00,36.1,50.0,4.1,67.8,83.8,10.2,170.0,675.0,8.7,159,17,0,7
2026-07-06 18:00:00+00:00,35.2,53.0,6.1,69.2,84.1,23.3,141.0,725.0,9.6,158,18,0,7
2026-07-06 19:00:00+00:00,34.2,58.0,8.2,75.7,85.7,41.2,101.0,780.0,10.9,157,19,0,7
2026-07-06 20:00:00+00:00,33.2,63.0,8.0,78.0,85.7,53.4,70.0,835.0,11.7,157,20,0,7
2026-07-06 21:00:00+00:00,32.5,67.0,7.0,75.7,82.7,55.1,58.0,907.0,11.8,156,21,0,7
2026-07-06 22:00:00+00:00,32.0,71.0,7.4,74.7,81.5,51.2,55.0,979.0,11.5,155,22,0,7
2026-07-06 23:00:00+00:00,32.6,67.0,1.8,73.8,80.8,45.8,55.0,994.0,11.1,154,23,0,7
2026-07-07 00:00:00+00:00,31.4,76.0,4.8,71.0,79.6,38.5,60.0,900.0,10.4,153,0,1,7
2026-07-07 01:00:00+00:00,31.0,76.0,5.2,68.2,80.3,29.8,68.0,749.0,9.6,152,1,1,7
2026-07-07 02:00:00+00:00,30.6,78.0,8.0,67.3,84.1,24.9,71.0,645.0,9.2,151,2,1,7
2026-07-07 03:00:00+00:00,30.1,82.0,6.6,73.1,94.5,28.0,60.0,616.0,9.6,150,3,1,7
2026-07-07 04:00:00+00:00,29.9,83.0,6.8,78.5,99.2,34.9,43.0,634.0,10.4,150,4,1,7
2026-07-07 05:00:00+00:00,31.1,81.0,6.6,68.0,77.3,29.7,53.0,713.0,12.1,149,5,1,7
2026-07-07 06:00:00+00:00,29.1,86.0,3.0,67.1,75.0,28.8,64.0,917.0,13.6,149,6,1,7
2026-07-07 07:00:00+00:00,26.2,91.0,2.7,65.9,79.9,27.4,80.0,1182.0,15.6,150,7,1,7
2026-07-07 08:00:00+00:00,26.6,93.0,8.7,65.0,97.6,24.6,103.0,1330.0,16.9,151,8,1,7
2026-07-07 09:00:00+00:00,27.9,87.0,7.0,65.4,116.4,19.1,139.0,1253.0,17.0,151,9,1,7
2026-07-07 10:00:00+00:00,30.0,79.0,1.5,67.3,122.0,12.2,182.0,1059.0,16.3,152,10,1,7
2026-07-07 11:00:00+00:00,33.4,69.0,4.7,67.1,115.0,7.1,215.0,895.0,15.4,154,11,1,7
2026-07-07 12:00:00+00:00,35.5,58.0,5.6,66.8,110.1,5.1,229.0,806.0,14.1,155,12,1,7
2026-07-07 13:00:00+00:00,36.2,53.0,6.0,65.9,105.5,4.9,232.0,747.0,12.6,156,13,1,7
2026-07-07 14:00:00+00:00,36.9,48.0,6.4,69.4,109.4,5.3,233.0,725.0,11.6,157,14,1,7
2026-07-07 15:00:00+00:00,36.6,50.0,6.5,64.7,100.1,5.2,238.0,694.0,11.6,163,15,1,7
2026-07-07 16:00:00+00:00,36.6,50.0,6.8,64.0,96.4,5.8,241.0,700.0,12.0,188,16,1,7
2026-07-07 17:00:00+00:00,37.6,45.0,7.3,99.4,139.2,10.5,232.0,885.0,13.7,204,17,1,7
2026-07-07 18:00:00+00:00,36.9,46.0,4.7,102.9,139.7,20.0,201.0,1462.0,14.2,210,18,1,7
2026-07-07 19:00:00+00:00,36.1,48.0,7.6,111.3,146.7,33.3,158.0,2219.0,15.0,212,19,1,7
2026-07-07 20:00:00+00:00,34.6,54.0,10.9,113.6,144.4,44.6,119.0,2664.0,15.5,208,20,1,7
2026-07-07 21:00:00+00:00,33.7,57.0,10.6,116.4,145.3,52.8,89.0,2520.0,15.7,201,21,1,7
2026-07-07 22:00:00+00:00,33.5,61.0,9.4,119.0,144.4,59.1,63.0,2064.0,15.7,178,22,1,7
2026-07-07 23:00:00+00:00,33.1,65.0,8.9,122.0,154.6,61.3,46.0,1637.0,15.5,167,23,1,7
2026-07-08 00:00:00+00:00,32.5,68.0,7.5,121.5,153.7,57.0,41.0,1337.0,14.9,168,0,2,7
2026-07-08 01:00:00+00:00,32.2,71.0,6.8,113.9,146.2,48.5,43.0,1065.0,14.1,170,1,2,7
2026-07-08 02:00:00+00:00,31.7,73.0,8.5,107.6,143.4,41.2,46.0,865.0,13.7,171,2,2,7
2026-07-08 03:00:00+00:00,30.2,81.0,5.9,103.1,144.4,36.7,45.0,762.0,13.9,172,3,2,7
2026-07-08 04:00:00+00:00,29.5,87.0,9.8,99.4,152.3,33.3,44.0,730.0,14.6,173,4,2,7
2026-07-08 05:00:00+00:00,27.4,82.0,3.9,94.3,170.9,20.8,75.0,734.0,19.2,174,5,2,7
2026-07-08 06:00:00+00:00,28.4,83.0,8.9,99.9,202.1,22.3,79.0,795.0,20.4,174,6,2,7
2026-07-08 07:00:00+00:00,29.3,81.0,8.9,105.9,244.9,24.2,86.0,893.0,22.1,175,7,2,7
2026-07-08 08:00:00+00:00,31.1,74.0,8.4,111.8,271.0,23.9,102.0,929.0,23.2,177,8,2,7
2026-07-08 09:00:00+00:00,32.8,68.0,9.4,112.2,271.9,19.2,136.0,840.0,23.3,178,9,2,7
2026-07-08 10:00:00+00:00,34.2,61.0,8.9,109.9,259.8,12.2,180.0,690.0,22.9,179,10,2,7
2026-07-08 11:00:00+00:00,35.5,54.0,10.9,104.8,239.3,7.0,214.0,573.0,22.1,181,11,2,7
2026-07-08 12:00:00+00:00,35.9,48.0,11.2,101.5,223.5,5.1,229.0,518.0,20.8,182,12,2,7
2026-07-08 13:00:00+00:00,36.1,49.0,11.5,100.8,215.6,5.0,234.0,495.0,19.2,183,13,2,7
2026-07-08 14:00:00+00:00,36.1,48.0,12.2,100.6,209.5,5.7,233.0,509.0,17.9,184,14,2,7
2026-07-08 15:00:00+00:00,35.4,51.0,6.4,99.4,204.9,6.5,229.0,586.0,17.3,185,15,2,7
2026-07-08 16:00:00+00:00,35.4,52.0,7.4,129.5,264.5,8.1,220.0,699.0,16.9,186,16,2,7
2026-07-08 17:00:00+00:00,35.5,45.0,3.1,91.7,204.9,13.8,183.0,779.0,16.4,202,17,2,7
2026-07-08 18:00:00+00:00,34.9,47.0,5.4,81.3,170.0,15.2,170.0,788.0,15.7,205,18,2,7
2026-07-08 19:00:00+00:00,33.7,53.0,10.6,67.5,123.9,17.2,152.0,763.0,14.6,204,19,2,7
2026-07-08 20:00:00+00:00,32.9,59.0,9.5,62.2,95.7,19.0,134.0,743.0,13.8,200,20,2,7
2026-07-08 21:00:00+00:00,31.8,66.0,9.0,55.6,72.4,20.2,119.0,751.0,13.4,185,21,2,7
2026-07-08 22:00:00+00:00,31.1,70.0,7.6,52.9,63.1,21.2,105.0,763.0,13.3,182,22,2,7
2026-07-08 23:00:00+00:00,30.1,73.0,7.5,50.6,58.9,22.0,92.0,749.0,13.2,180,23,2,7
2026-07-09 00:00:00+00:00,29.3,79.0,6.9,49.5,57.5,22.5,81.0,682.0,13.2,178,0,3,7
2026-07-09 01:00:00+00:00,28.8,81.0,5.1,49.0,56.9,22.8,72.0,589.0,13.2,176,1,3,7
2026-07-09 02:00:00+00:00,28.6,81.0,3.5,49.8,57.4,23.5,63.0,521.0,13.4,174,2,3,7
2026-07-09 03:00:00+00:00,28.5,80.0,3.1,52.9,59.6,25.4,53.0,492.0,13.4,172,3,3,7
2026-07-09 04:00:00+00:00,28.3,80.0,3.9,56.6,62.2,27.8,44.0,487.0,13.6,171,4,3,7
2026-07-09 05:00:00+00:00,28.6,83.0,2.0,54.0,65.2,23.6,64.0,516.0,19.0,170,5,3,7
2026-07-09 06:00:00+00:00,28.7,84.0,2.1,56.8,71.7,24.2,69.0,610.0,20.7,168,6,3,7
2026-07-09 07:00:00+00:00,29.7,79.0,2.3,56.5,84.8,24.9,77.0,736.0,23.1,167,7,3,7
2026-07-09 08:00:00+00:00,30.9,72.0,2.4,59.8,113.2,23.8,97.0,807.0,24.8,166,8,3,7
2026-07-09 09:00:00+00:00,32.3,64.0,3.4,63.6,149.5,19.2,139.0,768.0,25.3,164,9,3,7
2026-07-09 10:00:00+00:00,34.4,55.0,3.1,71.5,173.2,12.9,193.0,673.0,25.0,163,10,3,7
2026-07-09 11:00:00+00:00,34.6,51.0,1.9,74.7,173.2,8.1,236.0,593.0,24.3,162,11,3,7
2026-07-09 12:00:00+00:00,36.8,44.0,1.1,77.3,171.8,6.1,259.0,550.0,22.9,161,12,3,7
2026-07-09 13:00:00+00:00,37.9,41.0,0.4,76.1,162.5,5.7,271.0,522.0,21.1,160,13,3,7
2026-07-09 14:00:00+00:00,38.5,39.0,0.9,78.0,158.8,5.9,277.0,514.0,19.5,159,14,3,7
2026-07-09 15:00:00+00:00,38.6,38.0,1.9,75.7,147.6,5.9,279.0,534.0,18.6,184,15,3,7
2026-07-09 16:00:00+00:00,37.5,42.0,7.2,73.8,139.2,6.6,275.0,574.0,18.0,207,16,3,7
2026-07-09 17:00:00+00:00,35.3,52.0,14.0,81.3,153.2,9.7,243.0,620.0,16.6,219,17,3,7
2026-07-09 18:00:00+00:00,35.1,51.0,10.5,83.4,144.4,15.9,213.0,678.0,16.1,226,18,3,7
2026-07-09 19:00:00+00:00,34.9,50.0,10.0,87.5,136.0,24.2,171.0,741.0,15.4,227,19,3,7
2026-07-09 20:00:00+00:00,32.8,62.0,15.4,85.9,124.3,29.5,138.0,776.0,14.7,223,20,3,7
2026-07-09 21:00:00+00:00,31.1,70.0,15.7,79.9,109.9,28.7,122.0,762.0,14.1,215,21,3,7
2026-07-09 22:00:00+00:00,29.9,74.0,13.3,73.6,96.6,24.8,115.0,720.0,13.6,205,22,3,7
2026-07-09 23:00:00+00:00,30.1,73.0,12.6,70.3,91.7,21.8,108.0,674.0,13.5,186,23,3,7
2026-07-10 00:00:00+00:00,29.7,67.0,11.5,68.9,92.4,21.4,99.0,628.0,14.0,159,0,4,7
2026-07-10 01:00:00+00:00,29.1,67.0,9.4,68.9,97.3,21.9,92.0,578.0,14.8,160,1,4,7
2026-07-10 02:00:00+00:00,28.6,69.0,8.0,69.6,102.0,22.2,85.0,540.0,15.4,160,2,4,7
2026-07-10 03:00:00+00:00,28.3,71.0,7.6,70.8,109.4,22.0,78.0,510.0,15.6,161,3,4,7
2026-07-10 04:00:00+00:00,28.0,72.0,5.0,72.2,111.3,21.7,72.0,491.0,15.5,161,4,4,7
2026-07-10 05:00:00+00:00,28.4,72.0,6.3,69.8,97.3,13.9,94.0,510.0,15.1,162,5,4,7
2026-07-10 06:00:00+00:00,27.9,75.0,8.6,69.8,95.5,15.7,91.0,605.0,15.2,162,6,4,7
2026-07-10 07:00:00+00:00,28.3,75.0,10.1,64.5,86.4,18.0,88.0,738.0,15.3,163,7,4,7
2026-07-10 08:00:00+00:00,30.0,70.0,8.4,59.5,78.9,18.5,98.0,814.0,15.4,163,8,4,7
2026-07-10 09:00:00+00:00,32.1,64.0,8.2,59.3,80.1,15.6,133.0,780.0,15.6,163,9,4,7
2026-07-10 10:00:00+00:00,34.4,56.0,6.4,62.6,89.4,10.9,180.0,690.0,15.9,163,10,4,7
2026-07-10 11:00:00+00:00,35.7,47.0,6.2,67.3,101.3,7.3,216.0,613.0,16.0,163,11,4,7
2026-07-10 12:00:00+00:00,36.4,46.0,6.8,68.9,110.8,5.7,230.0,572.0,15.8,162,12,4,7
2026-07-10 13:00:00+00:00,36.6,46.0,8.6,66.4,109.4,5.1,234.0,545.0,15.4,162,13,4,7
2026-07-10 14:00:00+00:00,36.7,44.0,9.0,62.6,106.6,5.2,231.0,531.0,15.0,162,14,4,7
2026-07-10 15:00:00+00:00,36.5,46.0,9.6,58.7,103.6,5.3,225.0,533.0,14.5,162,15,4,7
2026-07-10 16:00:00+00:00,36.7,47.0,8.8,57.6,105.9,6.1,214.0,548.0,14.0,184,16,4,7
2026-07-10 17:00:00+00:00,36.7,48.0,8.8,60.3,102.4,9.6,201.0,572.0,13.3,201,17,4,7
2026-07-10 18:00:00+00:00,33.1,62.0,11.5,61.2,103.4,18.8,172.0,604.0,13.6,206,18,4,7
2026-07-10 19:00:00+00:00,29.9,76.0,4.8,66.1,100.4,31.5,132.0,644.0,14.1,205,19,4,7
2026-07-10 20:00:00+00:00,29.3,79.0,6.9,69.8,99.9,40.0,102.0,690.0,14.5,199,20,4,7
2026-07-10 21:00:00+00:00,29.2,81.0,6.7,72.2,103.8,40.7,91.0,757.0,15.1,178,21,4,7
2026-07-10 22:00:00+00:00,29.4,81.0,5.7,74.7,114.3,37.4,90.0,830.0,15.6,158,22,4,7
2026-07-10 23:00:00+00:00,29.1,78.0,8.5,77.5,133.2,33.8,89.0,859.0,15.4,158,23,4,7
2026-07-11 00:00:00+00:00,27.8,87.0,10.3,73.1,134.6,31.2,85.0,816.0,13.7,158,0,5,7
2026-07-11 01:00:00+00:00,28.1,85.0,11.9,68.5,128.5,28.4,82.0,729.0,11.3,158,1,5,7
2026-07-11 02:00:00+00:00,27.2,88.0,8.6,71.9,140.6,25.5,81.0,636.0,9.4,158,2,5,7
2026-07-11 03:00:00+00:00,26.8,89.0,7.2,75.0,180.2,22.3,82.0,521.0,8.7,158,3,5,7
2026-07-11 04:00:00+00:00,26.5,90.0,9.1,75.0,191.9,18.9,86.0,400.0,8.6,158,4,5,7
2026-07-11 05:00:00+00:00,26.9,89.0,9.4,51.1,74.5,13.4,105.0,358.0,7.0,158,5,5,7
2026-07-11 06:00:00+00:00,26.9,86.0,7.3,49.8,75.4,14.7,107.0,480.0,7.1,158,6,5,7
2026-07-11 07:00:00+00:00,27.5,82.0,8.7,47.5,82.0,16.2,110.0,682.0,7.4,157,7,5,7
2026-07-11 08:00:00+00:00,28.7,80.0,7.6,49.0,96.2,16.3,117.0,796.0,7.6,157,8,5,7
2026-07-11 09:00:00+00:00,30.5,73.0,11.8,51.7,119.2,13.3,132.0,726.0,7.9,156,9,5,7
2026-07-11 10:00:00+00:00,31.2,70.0,13.8,56.7,138.8,8.9,152.0,569.0,8.2,156,10,5,7
2026-07-11 11:00:00+00:00,32.6,62.0,9.8,65.4,172.3,5.5,168.0,450.0,8.5,156,11,5,7
2026-07-11 12:00:00+00:00,32.6,63.0,6.8,78.0,228.6,4.3,176.0,420.0,8.7,156,12,5,7
2026-07-11 13:00:00+00:00,33.5,60.0,3.8,85.4,258.9,4.2,180.0,427.0,8.8,156,13,5,7
2026-07-11 14:00:00+00:00,34.2,58.0,3.6,89.6,272.9,4.8,182.0,442.0,9.0,157,14,5,7
2026-07-11 15:00:00+00:00,34.9,56.0,5.1,90.8,271.0,4.4,184.0,456.0,9.2,158,15,5,7
2026-07-11 16:00:00+00:00,34.8,56.0,6.6,90.8,263.6,4.7,184.0,478.0,9.5,159,16,5,7
2026-07-11 17:00:00+00:00,32.1,69.0,3.4,106.6,317.6,10.0,142.0,508.0,8.3,159,17,5,7
2026-07-11 18:00:00+00:00,32.4,68.0,2.9,126.2,329.7,19.6,121.0,551.0,8.7,161,18,5,7
2026-07-11 19:00:00+00:00,31.9,73.0,6.6,128.5,282.2,32.6,93.0,603.0,9.3,163,19,5,7
2026-07-11 20:00:00+00:00,31.3,77.0,9.4,122.5,249.6,40.4,72.0,646.0,9.6,165,20,5,7
2026-07-11 21:00:00+00:00,30.6,78.0,9.7,114.6,227.7,38.0,67.0,690.0,9.4,166,21,5,7
2026-07-11 22:00:00+00:00,30.1,76.0,7.0,106.6,208.6,30.5,70.0,726.0,8.9,167,22,5,7
2026-07-11 23:00:00+00:00,30.3,80.0,9.8,99.9,191.9,24.5,72.0,712.0,8.4,168,23,5,7
2026-07-12 00:00:00+00:00,30.1,80.0,8.4,93.6,176.5,22.6,69.0,604.0,8.0,169,0,6,7
2026-07-12 01:00:00+00:00,27.0,85.0,15.8,87.5,159.7,22.2,66.0,447.0,7.7,170,1,6,7
2026-07-12 02:00:00+00:00,24.2,98.0,16.2,81.3,142.0,21.8,63.0,331.0,7.6,170,2,6,7
2026-07-12 03:00:00+00:00,25.0,96.0,12.5,75.2,126.2,21.1,61.0,276.0,8.0,171,3,6,7
2026-07-12 04:00:00+00:00,25.1,96.0,12.8,70.5,117.1,20.5,60.0,264.0,8.6,171,4,6,7
2026-07-12 05:00:00+00:00,25.0,93.0,11.9,70.3,123.4,22.4,59.0,328.0,6.8,170,5,6,7
2026-07-12 06:00:00+00:00,25.7,91.0,5.2,65.4,108.7,20.6,70.0,553.0,7.7,171,6,6,7
2026-07-12 07:00:00+00:00,26.2,92.0,6.2,63.6,105.9,17.9,86.0,855.0,8.8,171,7,6,7
2026-07-12 08:00:00+00:00,26.3,93.0,3.8,65.0,124.8,15.2,103.0,1015.0,9.6,172,8,6,7
2026-07-12 09:00:00+00:00,26.9,90.0,7.6,68.2,150.9,12.3,119.0,893.0,9.6,172,9,6,7
2026-07-12 10:00:00+00:00,28.8,80.0,6.8,67.1,160.2,9.3,135.0,629.0,9.1,173,10,6,7
2026-07-12 11:00:00+00:00,25.8,85.0,7.1,59.1,140.2,6.9,150.0,426.0,8.9,173,11,6,7
2026-07-12 12:00:00+00:00,27.7,79.0,7.7,62.6,148.5,5.3,164.0,364.0,9.2,173,12,6,7
2026-07-12 13:00:00+00:00,29.6,71.0,7.5,72.4,189.5,4.3,176.0,364.0,9.6,173,13,6,7
2026-07-12 14:00:00+00:00,31.8,62.0,5.9,82.9,244.9,4.2,182.0,384.0,9.9,172,14,6,7
2026-07-12 15:00:00+00:00,32.0,61.0,5.1,91.0,281.3,3.6,180.0,395.0,9.8,172,15,6,7
2026-07-12 16:00:00+00:00,32.2,61.0,5.5,98.7,310.1,3.8,172.0,428.0,9.5,172,16,6,7
2026-07-12 17:00:00+00:00,29.5,72.0,3.4,73.1,201.2,7.5,143.0,532.0,8.8,172,17,6,7
2026-07-12 18:00:00+00:00,28.8,75.0,3.9,76.8,198.8,29.7,110.0,789.0,10.8,171,18,6,7
2026-07-12 19:00:00+00:00,28.1,81.0,5.1,89.2,182.5,60.1,64.0,1117.0,13.6,170,19,6,7
2026-07-12 20:00:00+00:00,27.7,85.0,3.3,105.5,197.9,81.6,30.0,1323.0,15.8,169,20,6,7
2026-07-12 21:00:00+00:00,27.7,85.0,2.5,114.3,203.5,85.4,19.0,1294.0,16.9,168,21,6,7
2026-07-12 22:00:00+00:00,27.4,87.0,4.4,116.2,201.2,80.2,19.0,1144.0,17.5,168,22,6,7
2026-07-12 23:00:00+00:00,27.9,86.0,5.0,115.7,198.4,74.9,20.0,1017.0,17.2,168,23,6,7
2026-07-13 00:00:00+00:00,27.5,88.0,5.5,113.9,187.2,72.5,17.0,971.0,15.6,169,0,0,7
2026-07-13 01:00:00+00:00,27.1,88.0,5.6,109.2,171.8,70.1,15.0,948.0,13.3,169,1,0,7
2026-07-13 02:00:00+00:00,26.9,90.0,2.2,102.9,158.3,67.6,14.0,921.0,11.6,170,2,0,7
2026-07-13 03:00:00+00:00,25.4,93.0,10.0,98.7,151.8,65.2,13.0,846.0,11.1,171,3,0,7
2026-07-13 04:00:00+00:00,25.3,93.0,4.1,101.7,162.5,62.8,12.0,766.0,11.1,171,4,0,7
2026-07-13 05:00:00+00:00,27.2,88.0,5.0,82.7,139.7,34.9,44.0,790.0,11.0,172,5,0,7
2026-07-13 06:00:00+00:00,27.3,88.0,2.5,78.7,136.9,34.2,51.0,1038.0,13.0,173,6,0,7
2026-07-13 07:00:00+00:00,27.8,86.0,2.2,75.7,140.2,33.2,61.0,1390.0,15.9,173,7,0,7
2026-07-13 08:00:00+00:00,28.1,86.0,1.3,71.0,130.4,32.1,73.0,1585.0,18.5,173,8,0,7
2026-07-13 09:00:00+00:00,28.9,83.0,2.3,68.9,128.1,31.2,85.0,1465.0,20.7,174,9,0,7
2026-07-13 10:00:00+00:00,31.1,71.0,5.0,68.9,132.2,30.2,99.0,1189.0,22.6,174,10,0,7
2026-07-13 11:00:00+00:00,31.5,67.0,1.8,71.0,140.6,28.2,115.0,974.0,24.2,174,11,0,7
2026-07-13 12:00:00+00:00,31.4,67.0,2.0,73.6,149.0,24.2,135.0,905.0,25.2,174,12,0,7
2026-07-13 13:00:00+00:00,32.4,64.0,1.5,75.2,155.1,19.3,158.0,898.0,25.8,174,13,0,7
2026-07-13 14:00:00+00:00,32.7,62.0,2.5,76.4,158.8,15.7,178.0,919.0,26.1,175,14,0,7
2026-07-13 15:00:00+00:00,33.4,60.0,1.9,78.7,165.3,11.2,201.0,875.0,25.9,174,15,0,7
2026-07-13 16:00:00+00:00,34.1,58.0,0.4,80.6,170.9,8.0,221.0,860.0,25.5,174,16,0,7
2026-07-13 17:00:00+00:00,33.7,56.0,1.8,59.6,132.2,10.8,193.0,1123.0,16.3,173,17,0,7
2026-07-13 18:00:00+00:00,33.0,67.0,0.9,60.1,129.0,40.5,155.0,1917.0,18.8,173,18,0,7
2026-07-13 19:00:00+00:00,31.3,74.0,3.1,72.2,140.2,81.2,103.0,2989.0,22.2,173,19,0,7
2026-07-13 20:00:00+00:00,30.4,76.0,4.8,96.4,165.8,110.6,60.0,3824.0,24.8,172,20,0,7
2026-07-13 21:00:00+00:00,29.6,78.0,5.0,118.7,188.6,118.2,38.0,4277.0,25.8,172,21,0,7
2026-07-13 22:00:00+00:00,29.0,80.0,6.2,130.4,201.6,114.5,25.0,4493.0,26.0,172,22,0,7
2026-07-13 23:00:00+00:00,29.5,81.0,4.8,128.5,199.8,108.1,18.0,4389.0,25.3,172,23,0,7
2026-07-14 00:00:00+00:00,28.9,83.0,4.2,114.8,184.9,100.7,17.0,3780.0,23.3,173,0,1,7
2026-07-14 01:00:00+00:00,28.5,85.0,3.7,106.4,178.3,90.7,20.0,2852.0,20.4,173,1,1,7
2026-07-14 02:00:00+00:00,28.3,88.0,2.7,105.7,182.5,82.2,23.0,2078.0,18.2,173,2,1,7
2026-07-14 03:00:00+00:00,27.9,89.0,3.5,107.6,188.6,77.7,19.0,1605.0,17.2,173,3,1,7
2026-07-14 04:00:00+00:00,27.8,90.0,4.1,109.0,191.9,74.7,13.0,1287.0,16.9,173,4,1,7
2026-07-14 05:00:00+00:00,28.1,92.0,1.9,92.7,168.1,40.5,32.0,1162.0,14.1,173,5,1,7
2026-07-14 06:00:00+00:00,27.9,92.0,3.5,96.9,168.1,39.6,37.0,1379.0,15.4,173,6,1,7
2026-07-14 07:00:00+00:00,28.9,89.0,3.9,98.3,195.1,37.9,46.0,1789.0,17.2,174,7,1,7
2026-07-14 08:00:00+00:00,30.3,80.0,4.7,102.2,222.6,34.1,67.0,1978.0,19.0,175,8,1,7
2026-07-14 09:00:00+00:00,31.5,71.0,4.3,107.1,255.2,26.1,111.0,1693.0,20.9,176,9,1,7
2026-07-14 10:00:00+00:00,33.0,64.0,2.3,105.5,250.5,15.9,168.0,1186.0,22.7,177,10,1,7
2026-07-14 11:00:00+00:00,34.2,56.0,1.0,100.4,226.8,8.2,210.0,802.0,23.2,178,11,1,7
2026-07-14 12:00:00+00:00,34.5,55.0,1.3,93.1,204.4,5.1,226.0,694.0,21.1,179,12,1,7
2026-07-14 13:00:00+00:00,35.0,52.0,0.8,81.3,175.1,4.6,228.0,709.0,17.7,179,13,1,7
2026-07-14 14:00:00+00:00,35.6,49.0,1.3,72.2,152.7,4.8,226.0,734.0,15.0,179,14,1,7
2026-07-14 15:00:00+00:00,35.7,47.0,2.7,66.8,138.8,4.1,225.0,646.0,13.9,179,15,1,7
2026-07-14 16:00:00+00:00,35.7,46.0,4.8,63.3,129.5,4.3,220.0,569.0,13.5,179,16,1,7
2026-07-14 17:00:00+00:00,35.3,50.0,2.5,74.3,144.8,8.8,189.0,759.0,12.0,195,17,1,7
2026-07-14 18:00:00+00:00,34.4,56.0,3.6,72.9,133.2,15.6,165.0,1440.0,12.2,203,18,1,7
2026-07-14 19:00:00+00:00,33.1,63.0,3.7,75.0,129.9,25.4,131.0,2388.0,12.4,203,19,1,7
2026-07-14 20:00:00+00:00,32.1,70.0,2.8,78.7,127.6,35.4,101.0,3190.0,13.1,194,20,1,7
2026-07-14 21:00:00+00:00,31.1,73.0,3.7,81.7,129.5,45.2,80.0,3820.0,14.4,179,21,1,7
2026-07-14 22:00:00+00:00,30.4,75.0,3.8,88.0,138.8,55.3,63.0,4304.0,16.2,178,22,1,7
2026-07-14 23:00:00+00:00,29.8,70.0,7.1,95.5,148.1,63.8,49.0,4309.0,17.6,177,23,1,7
2026-07-15 00:00:00+00:00,28.9,74.0,5.4,103.8,156.9,70.4,36.0,3454.0,18.4,176,0,2,7
2026-07-15 01:00:00+00:00,28.5,75.0,5.1,111.5,160.7,75.4,26.0,2120.0,18.9,175,1,2,7
2026-07-15 02:00:00+00:00,28.1,77.0,5.0,117.1,163.9,78.3,19.0,1113.0,19.4,175,2,2,7
2026-07-15 03:00:00+00:00,27.6,78.0,5.3,120.1,166.2,79.5,13.0,778.0,20.5,176,3,2,7
2026-07-15 04:00:00+00:00,27.2,80.0,4.7,123.9,169.5,78.7,10.0,770.0,21.7,176,4,2,7
2026-07-15 05:00:00+00:00,28.2,71.0,7.5,89.4,114.6,39.2,47.0,863.0,16.1,176,5,2,7
2026-07-15 06:00:00+00:00,27.9,71.0,5.8,79.6,101.3,36.3,55.0,1064.0,17.0,176,6,2,7
2026-07-15 07:00:00+00:00,28.0,72.0,1.9,70.3,99.2,32.0,68.0,1366.0,18.3,176,7,2,7
2026-07-15 08:00:00+00:00,29.0,69.0,2.8,72.6,122.9,26.8,90.0,1521.0,19.3,175,8,2,7
2026-07-15 09:00:00+00:00,29.9,67.0,1.8,79.4,154.6,20.0,130.0,1389.0,20.0,174,9,2,7
2026-07-15 10:00:00+00:00,32.9,54.0,2.2,84.5,178.8,12.4,178.0,1111.0,20.5,173,10,2,7
2026-07-15 11:00:00+00:00,33.0,54.0,3.4,84.3,181.1,6.8,213.0,856.0,20.0,173,11,2,7
2026-07-15 12:00:00+00:00,33.3,55.0,4.3,79.9,171.8,4.5,223.0,673.0,17.9,172,12,2,7
2026-07-15 13:00:00+00:00,34.0,53.0,5.4,74.0,161.1,4.2,219.0,513.0,15.0,172,13,2,7
2026-07-15 14:00:00+00:00,34.8,52.0,5.1,69.4,151.8,4.5,212.0,406.0,12.7,172,14,2,7
2026-07-15 15:00:00+00:00,34.8,52.0,5.5,65.9,143.9,4.6,206.0,329.0,11.7,172,15,2,7
2026-07-15 16:00:00+00:00,34.6,52.0,6.0,62.9,136.0,5.3,197.0,304.0,11.3,172,16,2,7
2026-07-15 17:00:00+00:00,34.8,45.0,6.5,58.1,129.0,7.9,159.0,426.0,9.4,189,17,2,7
2026-07-15 18:00:00+00:00,33.9,51.0,6.5,57.9,119.2,14.1,140.0,757.0,9.9,194,18,2,7
2026-07-15 19:00:00+00:00,32.7,59.0,4.5,59.6,114.8,22.9,114.0,1234.0,10.7,188,19,2,7
2026-07-15 20:00:00+00:00,32.0,64.0,4.5,62.4,106.9,31.5,91.0,1770.0,11.6,172,20,2,7
2026-07-15 21:00:00+00:00,31.3,67.0,4.0,64.7,102.2,39.5,75.0,2456.0,12.9,170,21,2,7
2026-07-15 22:00:00+00:00,30.9,71.0,2.8,69.4,103.6,47.3,63.0,3201.0,14.4,169,22,2,7
2026-07-15 23:00:00+00:00,30.5,73.0,3.9,73.1,105.2,52.6,54.0,3638.0,15.6,169,23,2,7
2026-07-16 00:00:00+00:00,29.8,78.0,3.3,75.2,105.0,53.8,49.0,3520.0,16.1,168,0,3,7
2026-07-16 01:00:00+00:00,29.5,80.0,2.5,76.4,103.1,52.6,47.0,3094.0,16.2,167,1,3,7
2026-07-16 02:00:00+00:00,29.2,81.0,2.7,77.3,100.8,51.8,44.0,2735.0,16.4,166,2,3,7
2026-07-16 03:00:00+00:00,28.8,82.0,1.8,78.7,99.7,53.5,36.0,2605.0,16.6,165,3,3,7
2026-07-16 04:00:00+00:00,28.5,86.0,0.3,80.6,99.4,55.6,27.0,2543.0,16.9,164,4,3,7
2026-07-16 05:00:00+00:00,28.6,86.0,2.6,76.8,100.1,34.9,63.0,2441.0,17.9,162,5,3,7
2026-07-16 06:00:00+00:00,28.4,90.0,2.0,82.4,104.8,32.5,84.0,2264.0,20.3,162,6,3,7
2026-07-16 07:00:00+00:00,30.2,78.0,0.6,74.7,99.2,28.9,114.0,2046.0,23.5,162,7,3,7
2026-07-16 08:00:00+00:00,31.8,67.0,0.9,67.3,100.8,24.5,145.0,1782.0,25.1,162,8,3,7
2026-07-16 09:00:00+00:00,33.1,59.0,1.5,65.0,103.6,18.3,178.0,1428.0,23.9,162,9,3,7
2026-07-16 10:00:00+00:00,34.2,55.0,2.2,63.6,102.7,11.3,212.0,1028.0,21.1,162,10,3,7
2026-07-16 11:00:00+00:00,35.4,49.0,3.1,60.5,96.4,6.1,234.0,713.0,18.5,161,11,3,7
2026-07-16 12:00:00+00:00,35.9,47.0,4.5,58.6,92.7,4.1,236.0,542.0,16.5,160,12,3,7
2026-07-16 13:00:00+00:00,36.0,46.0,6.0,55.3,87.1,4.1,227.0,457.0,14.7,160,13,3,7
2026-07-16 14:00:00+00:00,36.1,45.0,7.1,53.2,84.1,4.5,215.0,407.0,13.2,165,14,3,7
2026-07-16 15:00:00+00:00,36.0,46.0,6.9,50.6,81.3,4.2,206.0,366.0,12.0,186,15,3,7
2026-07-16 16:00:00+00:00,35.8,46.0,7.3,50.5,82.9,4.4,195.0,361.0,11.1,200,16,3,7
2026-07-16 17:00:00+00:00,36.0,45.0,7.3,46.7,80.8,7.8,182.0,425.0,10.5,204,17,3,7
2026-07-16 18:00:00+00:00,35.4,49.0,5.5,49.2,81.7,16.3,160.0,617.0,11.2,204,18,3,7
2026-07-16 19:00:00+00:00,34.2,57.0,3.8,53.7,86.4,28.5,128.0,878.0,12.2,201,19,3,7
2026-07-16 20:00:00+00:00,33.6,61.0,3.9,61.5,92.7,40.0,100.0,1063.0,13.4,184,20,3,7
2026-07-16 21:00:00+00:00,33.3,64.0,2.7,70.3,102.7,50.4,80.0,1111.0,15.1,163,21,3,7
2026-07-16 22:00:00+00:00,32.3,68.0,4.1,77.3,110.8,60.2,63.0,1083.0,17.1,157,22,3,7
2026-07-16 23:00:00+00:00,33.1,66.0,2.8,79.4,110.1,66.8,50.0,1021.0,18.4,157,23,3,7
2026-07-17 00:00:00+00:00,32.6,65.0,4.0,79.2,107.8,68.4,41.0,917.0,18.4,158,0,4,7
2026-07-17 01:00:00+00:00,31.5,70.0,5.2,79.2,107.8,66.9,34.0,779.0,17.8,158,1,4,7
2026-07-17 02:00:00+00:00,30.9,74.0,3.9,80.6,111.3,65.4,29.0,674.0,17.2,158,2,4,7
2026-07-17 03:00:00+00:00,30.6,76.0,3.5,81.7,116.9,65.8,20.0,611.0,16.8,158,3,4,7
2026-07-17 04:00:00+00:00,30.2,78.0,3.8,82.9,122.5,66.1,12.0,581.0,16.5,158,4,4,7
2026-07-17 05:00:00+00:00,30.4,75.0,5.8,80.1,135.0,58.1,21.0,625.0,16.5,158,5,4,7
2026-07-17 06:00:00+00:00,30.2,76.0,5.2,83.4,137.4,52.5,42.0,838.0,17.2,158,6,4,7
2026-07-17 07:00:00+00:00,31.2,74.0,3.4,81.5,130.9,44.4,73.0,1124.0,18.1,158,7,4,7
2026-07-17 08:00:00+00:00,33.0,65.0,1.3,76.6,129.9,35.6,108.0,1238.0,18.4,158,8,4,7
2026-07-17 09:00:00+00:00,34.7,56.0,3.0,71.2,129.5,25.5,150.0,1007.0,17.5,159,9,4,7
2026-07-17 10:00:00+00:00,36.3,44.0,9.3,67.5,129.9,14.6,196.0,603.0,15.9,159,10,4,7
2026-07-17 11:00:00+00:00,36.9,42.0,9.9,63.3,126.7,6.7,226.0,303.0,14.3,159,11,4,7
2026-07-17 12:00:00+00:00,37.3,41.0,8.9,58.9,119.0,3.7,230.0,228.0,13.0,159,12,4,7
2026-07-17 13:00:00+00:00,37.7,40.0,8.3,53.9,108.7,3.6,218.0,256.0,11.7,159,13,4,7
2026-07-17 14:00:00+00:00,38.0,39.0,9.3,49.4,99.7,4.2,202.0,293.0,10.6,159,14,4,7
2026-07-17 15:00:00+00:00,38.0,39.0,11.0,45.1,91.7,4.0,184.0,285.0,9.5,161,15,4,7
2026-07-17 16:00:00+00:00,37.6,39.0,11.4,42.0,88.5,4.4,161.0,286.0,8.4,179,16,4,7
2026-07-17 17:00:00+00:00,37.3,40.0,11.8,39.1,94.8,7.1,117.0,370.0,6.5,187,17,4,7
2026-07-17 18:00:00+00:00,36.5,43.0,10.2,42.8,104.1,16.4,99.0,631.0,7.3,182,18,4,7
2026-07-17 19:00:00+00:00,35.3,48.0,6.9,49.1,113.4,29.2,73.0,974.0,8.4,167,19,4,7
2026-07-17 20:00:00+00:00,34.3,53.0,5.9,55.4,120.1,38.9,53.0,1187.0,9.3,158,20,4,7
2026-07-17 21:00:00+00:00,33.3,57.0,5.1,59.0,128.1,42.3,43.0,1151.0,9.9,158,21,4,7
2026-07-17 22:00:00+00:00,32.7,60.0,5.3,62.4,140.6,42.6,38.0,985.0,10.3,157,22,4,7
2026-07-17 23:00:00+00:00,33.3,56.0,6.2,65.4,153.2,42.6,34.0,838.0,10.6,157,23,4,7
2026-07-18 00:00:00+00:00,32.7,58.0,4.6,67.5,163.9,42.4,32.0,760.0,10.7,156,0,5,7
2026-07-18 01:00:00+00:00,32.2,61.0,4.1,69.8,177.4,41.8,31.0,700.0,10.6,156,1,5,7
2026-07-18 02:00:00+00:00,32.0,64.0,3.1,73.1,192.8,43.5,28.0,652.0,10.7,156,2,5,7
2026-07-18 03:00:00+00:00,31.5,66.0,3.3,77.3,206.8,50.8,17.0,600.0,11.2,156,3,5,7
2026-07-18 04:00:00+00:00,31.0,68.0,3.6,83.1,216.5,60.3,5.0,561.0,12.0,155,4,5,7
2026-07-18 05:00:00+00:00,31.6,67.0,5.4,74.3,188.6,37.6,30.0,575.0,10.9,156,5,5,7
2026-07-18 06:00:00+00:00,31.5,68.0,5.5,79.4,194.2,34.9,46.0,717.0,11.6,155,6,5,7
2026-07-18 07:00:00+00:00,32.7,63.0,5.7,79.6,195.1,31.0,70.0,912.0,12.5,155,7,5,7
2026-07-18 08:00:00+00:00,34.4,54.0,5.8,79.9,219.3,26.0,98.0,984.0,13.1,155,8,5,7
2026-07-18 09:00:00+00:00,36.4,43.0,7.3,77.3,220.7,19.1,135.0,805.0,13.1,155,9,5,7
2026-07-18 10:00:00+00:00,37.6,39.0,8.5,71.5,190.5,11.3,175.0,501.0,12.7,155,10,5,7
2026-07-18 11:00:00+00:00,38.0,39.0,8.3,65.4,162.5,5.5,202.0,280.0,12.2,156,11,5,7
2026-07-18 12:00:00+00:00,38.3,39.0,8.4,60.5,143.4,3.4,206.0,235.0,11.4,156,12,5,7
2026-07-18 13:00:00+00:00,38.8,39.0,9.3,55.5,125.3,3.5,197.0,272.0,10.5,156,13,5,7
2026-07-18 14:00:00+00:00,38.8,39.0,10.4,50.9,109.0,4.0,184.0,312.0,9.6,156,14,5,7
2026-07-18 15:00:00+00:00,38.6,39.0,10.8,48.1,100.4,4.0,169.0,317.0,8.6,156,15,5,7
2026-07-18 16:00:00+00:00,38.2,40.0,9.9,43.1,91.5,4.6,150.0,325.0,7.7,156,16,5,7
2026-07-18 17:00:00+00:00,38.3,39.0,9.7,48.0,120.1,7.2,125.0,367.0,7.1,164,17,5,7
2026-07-18 18:00:00+00:00,37.3,42.0,9.5,51.3,126.7,14.8,110.0,464.0,7.9,162,18,5,7
2026-07-18 19:00:00+00:00,36.5,45.0,6.3,57.6,136.4,25.4,88.0,594.0,9.1,156,19,5,7
2026-07-18 20:00:00+00:00,35.8,49.0,5.0,63.1,143.0,34.0,70.0,724.0,10.1,157,20,5,7
2026-07-18 21:00:00+00:00,35.1,54.0,4.1,67.8,147.1,38.4,59.0,859.0,10.9,157,21,5,7
2026-07-18 22:00:00+00:00,34.6,56.0,4.2,71.7,150.9,40.8,51.0,993.0,11.6,157,22,5,7
2026-07-18 23:00:00+00:00,34.9,55.0,4.2,75.9,158.8,43.1,44.0,1074.0,12.1,157,23,5,7
2026-07-19 00:00:00+00:00,33.8,61.0,3.8,79.6,167.2,46.6,36.0,1066.0,12.2,158,0,6,7
2026-07-19 01:00:00+00:00,33.2,65.0,3.0,83.1,161.1,50.1,29.0,1004.0,12.0,158,1,6,7
2026-07-19 02:00:00+00:00,32.9,66.0,1.5,84.5,146.7,51.6,25.0,942.0,11.7,158,2,6,7
2026-07-19 03:00:00+00:00,32.4,65.0,3.3,84.5,136.0,50.3,22.0,903.0,11.3,159,3,6,7
2026-07-19 04:00:00+00:00,31.8,66.0,3.3,83.4,127.1,47.0,22.0,863.0,10.8,159,4,6,7
2026-07-19 05:00:00+00:00,32.0,65.0,6.1,82.0,165.8,35.3,33.0,810.0,10.6,159,5,6,7
2026-07-19 06:00:00+00:00,31.9,67.0,5.9,81.0,146.7,33.3,43.0,728.0,11.1,159,6,6,7
2026-07-19 07:00:00+00:00,32.9,64.0,5.2,82.0,149.0,30.3,58.0,632.0,11.8,159,7,6,7
2026-07-19 08:00:00+00:00,34.1,60.0,6.8,83.4,162.5,26.5,79.0,556.0,12.5,159,8,6,7
2026-07-19 09:00:00+00:00,35.3,54.0,3.5,86.8,184.4,21.2,109.0,518.0,13.1,160,9,6,7
2026-07-19 10:00:00+00:00,36.1,53.0,5.6,90.6,204.4,15.1,145.0,498.0,13.6,160,10,6,7
2026-07-19 11:00:00+00:00,36.9,42.0,1.1,90.8,215.1,10.3,175.0,475.0,13.9,160,11,6,7
2026-07-19 12:00:00+00:00,37.5,40.0,0.8,90.1,219.3,7.6,196.0,436.0,13.9,161,12,6,7
2026-07-19 13:00:00+00:00,38.1,39.0,2.3,92.9,227.7,6.2,211.0,392.0,13.6,162,13,6,7
2026-07-19 14:00:00+00:00,38.0,39.0,3.4,93.1,229.6,5.6,218.0,357.0,13.3,163,14,6,7
2026-07-19 15:00:00+00:00,38.5,38.0,4.5,87.8,220.3,5.6,214.0,325.0,12.8,164,15,6,7
2026-07-19 16:00:00+00:00,38.1,38.0,4.0,85.2,220.7,6.5,201.0,302.0,12.2,166,16,6,7
2026-07-19 17:00:00+00:00,37.7,39.0,2.7,79.6,217.5,7.5,156.0,313.0,9.6,172,17,6,7
2026-07-19 18:00:00+00:00,36.8,42.0,2.0,77.8,200.7,11.3,137.0,374.0,9.8,179,18,6,7
2026-07-19 19:00:00+00:00,35.1,55.0,7.4,77.5,190.0,16.6,110.0,470.0,10.1,178,19,6,7
2026-07-19 20:00:00+00:00,33.3,67.0,8.9,81.7,186.7,21.8,87.0,585.0,10.4,169,20,6,7
2026-07-19 21:00:00+00:00,32.7,68.0,8.3,85.7,177.4,26.9,70.0,749.0,10.9,170,21,6,7
2026-07-19 22:00:00+00:00,32.2,71.0,8.2,88.7,172.8,31.8,57.0,933.0,11.5,170,22,6,7
2026-07-19 23:00:00+00:00,32.3,72.0,9.6,90.8,165.8,34.6,48.0,1033.0,11.8,171,23,6,7
2026-07-20 00:00:00+00:00,31.6,74.0,8.2,91.7,158.3,34.0,45.0,977.0,11.6,171,0,0,7
2026-07-20 01:00:00+00:00,31.4,73.0,8.2,92.7,155.5,31.2,46.0,837.0,11.3,172,1,0,7
2026-07-20 02:00:00+00:00,31.4,72.0,9.2,97.8,167.6,28.2,48.0,721.0,11.2,172,2,0,7
2026-07-20 03:00:00+00:00,30.9,73.0,8.8,94.3,156.5,25.0,51.0,661.0,11.7,172,3,0,7
2026-07-20 04:00:00+00:00,30.5,74.0,6.6,93.4,169.5,21.5,55.0,626.0,12.6,172,4,0,7
2026-07-20 05:00:00+00:00,31.0,77.0,8.7,80.3,153.7,16.0,67.0,623.0,11.0,173,5,0,7
2026-07-20 06:00:00+00:00,31.1,76.0,4.7,78.5,149.9,17.5,69.0,687.0,12.7,173,6,0,7
2026-07-20 07:00:00+00:00,31.7,74.0,8.7,86.4,179.3,19.4,73.0,784.0,14.9,173,7,0,7
2026-07-20 08:00:00+00:00,31.3,78.0,9.1,101.3,246.8,19.6,85.0,822.0,16.6,173,8,0,7
2026-07-20 09:00:00+00:00,33.2,69.0,10.7,112.9,299.0,16.3,115.0,736.0,17.3,173,9,0,7
2026-07-20 10:00:00+00:00,34.3,63.0,9.2,119.0,323.2,11.4,154.0,591.0,17.5,174,10,0,7
2026-07-20 11:00:00+00:00,34.9,56.0,7.9,116.9,318.5,8.3,178.0,491.0,16.8,175,11,0,7
2026-07-20 12:00:00+00:00,30.1,83.0,12.4,101.5,270.1,8.7,173.0,490.0,14.7,176,12,0,7
2026-07-20 13:00:00+00:00,31.6,78.0,9.3,91.0,229.1,10.8,154.0,535.0,11.7,176,13,0,7
2026-07-20 14:00:00+00:00,32.2,76.0,10.4,79.4,182.5,13.2,138.0,570.0,9.8,176,14,0,7
2026-07-20 15:00:00+00:00,32.4,75.0,7.7,72.4,150.4,15.0,134.0,570.0,9.9,176,15,0,7
2026-07-20 16:00:00+00:00,32.8,74.0,6.8,69.4,139.2,17.1,133.0,560.0,11.1,175,16,0,7
2026-07-20 17:00:00+00:00,31.9,75.0,12.5,83.8,203.5,14.3,154.0,558.0,10.2,175,17,0,7
2026-07-20 18:00:00+00:00,31.7,73.0,9.2,79.4,154.6,19.3,135.0,572.0,9.9,175,18,0,7
2026-07-20 19:00:00+00:00,29.2,83.0,11.3,75.4,136.4,26.0,110.0,594.0,9.6,175,19,0,7
2026-07-20 20:00:00+00:00,29.3,84.0,8.7,68.2,122.5,30.1,90.0,613.0,9.1,175,20,0,7
2026-07-20 21:00:00+00:00,29.2,87.0,11.3,58.2,102.0,28.9,84.0,631.0,8.4,174,21,0,7
2026-07-20 22:00:00+00:00,29.1,87.0,10.5,51.7,86.6,25.1,84.0,647.0,7.7,174,22,0,7
2026-07-20 23:00:00+00:00,29.7,85.0,11.1,47.5,72.4,21.9,82.0,639.0,7.3,172,23,0,7
2026-07-21 00:00:00+00:00,29.5,85.0,11.1,44.2,60.5,20.6,76.0,593.0,7.6,171,0,1,7
2026-07-21 01:00:00+00:00,29.3,88.0,6.1,41.2,56.2,20.1,68.0,525.0,8.2,170,1,1,7
2026-07-21 02:00:00+00:00,26.9,95.0,5.4,42.0,63.6,19.9,61.0,461.0,8.9,168,2,1,7
2026-07-21 03:00:00+00:00,27.6,95.0,8.2,41.6,70.1,20.1,54.0,396.0,9.5,167,3,1,7
2026-07-21 04:00:00+00:00,27.5,97.0,12.5,43.0,78.7,20.6,48.0,335.0,10.2,165,4,1,7
2026-07-21 05:00:00+00:00,26.9,92.0,11.5,47.7,130.4,17.0,58.0,326.0,11.0,163,5,1,7
2026-07-21 06:00:00+00:00,27.0,90.0,5.6,43.9,104.3,18.9,57.0,417.0,11.9,163,6,1,7
2026-07-21 07:00:00+00:00,27.1,91.0,10.6,40.3,87.3,21.4,55.0,559.0,13.2,161,7,1,7
2026-07-21 08:00:00+00:00,26.7,92.0,10.5,37.4,75.9,22.1,60.0,651.0,13.7,160,8,1,7
2026-07-21 09:00:00+00:00,27.7,94.0,8.4,39.0,80.6,19.3,75.0,643.0,13.0,158,9,1,7
2026-07-21 10:00:00+00:00,28.2,93.0,10.9,31.5,60.8,14.7,96.0,586.0,11.6,156,10,1,7
2026-07-21 11:00:00+00:00,29.6,79.0,14.3,29.3,55.2,10.8,114.0,529.0,10.3,153,11,1,7
2026-07-21 12:00:00+00:00,30.0,76.0,12.7,27.9,52.4,8.2,128.0,431.0,9.2,151,12,1,7
2026-07-21 13:00:00+00:00,29.8,77.0,13.2,25.7,47.0,6.3,141.0,333.0,8.1,145,13,1,7
2026-07-21 14:00:00+00:00,29.0,84.0,14.4,23.4,41.9,6.2,146.0,406.0,7.3,138,14,1,7
2026-07-21 15:00:00+00:00,28.5,86.0,14.3,21.4,36.8,8.1,143.0,794.0,6.8,133,15,1,7
2026-07-21 16:00:00+00:00,29.1,82.0,14.2,20.7,33.5,11.9,133.0,1352.0,6.6,127,16,1,7
2026-07-21 17:00:00+00:00,29.5,75.0,11.4,22.6,26.4,15.5,103.0,1816.0,5.6,122,17,1,7
2026-07-21 18:00:00+00:00,28.9,79.0,10.5,22.8,24.3,19.7,95.0,2147.0,6.3,116,18,1,7
2026-07-21 19:00:00+00:00,28.0,84.0,10.4,24.3,24.7,25.5,83.0,2384.0,7.3,110,19,1,7
2026-07-21 20:00:00+00:00,27.4,87.0,8.3,25.7,25.8,29.8,72.0,2372.0,8.1,105,20,1,7
2026-07-21 21:00:00+00:00,27.2,87.0,7.0,25.8,26.0,31.5,64.0,1921.0,8.5,100,21,1,7
2026-07-21 22:00:00+00:00,27.0,87.0,7.1,27.3,27.6,31.8,57.0,1221.0,8.7,98,22,1,7
2026-07-21 23:00:00+00:00,27.4,87.0,6.6,27.2,27.7,30.8,53.0,690.0,8.8,96,23,1,7
2026-07-22 00:00:00+00:00,27.2,86.0,7.1,25.6,26.2,28.0,54.0,523.0,8.7,94,0,2,7
2026-07-22 01:00:00+00:00,27.0,86.0,9.1,24.4,25.0,23.9,59.0,525.0,8.4,93,1,2,7
2026-07-22 02:00:00+00:00,26.6,86.0,12.4,24.0,24.6,20.5,63.0,533.0,8.1,91,2,2,7
2026-07-22 03:00:00+00:00,25.4,90.0,11.3,23.5,24.2,18.4,65.0,470.0,7.7,90,3,2,7
2026-07-22 04:00:00+00:00,25.2,90.0,9.8,23.7,24.3,17.1,67.0,412.0,7.2,88,4,2,7
2026-07-22 05:00:00+00:00,24.3,97.0,12.7,14.4,14.8,10.2,89.0,425.0,4.9,87,5,2,7
2026-07-22 06:00:00+00:00,24.4,98.0,7.7,13.2,13.6,13.3,83.0,592.0,5.6,84,6,2,7
2026-07-22 07:00:00+00:00,24.9,96.0,9.8,13.9,14.1,17.5,74.0,831.0,6.5,82,7,2,7
2026-07-22 08:00:00+00:00,25.9,96.0,12.2,17.0,17.1,19.4,73.0,960.0,7.3,80,8,2,7
2026-07-22 09:00:00+00:00,27.1,91.0,12.3,18.7,18.7,16.4,86.0,864.0,7.9,78,9,2,7
2026-07-22 10:00:00+00:00,28.8,82.0,15.6,16.7,16.8,11.1,106.0,657.0,8.3,77,10,2,7
2026-07-22 11:00:00+00:00,29.6,78.0,13.4,17.2,17.3,8.3,118.0,509.0,8.4,75,11,2,7
2026-07-22 12:00:00+00:00,30.5,73.0,14.8,19.9,20.1,10.4,115.0,488.0,7.9,74,12,2,7
2026-07-22 13:00:00+00:00,29.3,79.0,15.0,21.9,22.1,14.8,105.0,524.0,7.0,74,13,2,7
2026-07-22 14:00:00+00:00,28.8,82.0,8.7,24.4,24.6,18.9,96.0,576.0,6.6,74,14,2,7
2026-07-22 15:00:00+00:00,29.0,81.0,8.6,25.6,25.8,21.4,93.0,629.0,7.1,74,15,2,7
2026-07-22 16:00:00+00:00,29.9,79.0,9.7,29.2,29.5,23.4,92.0,698.0,8.0,74,16,2,7
2026-07-22 17:00:00+00:00,29.5,79.0,8.9,49.1,49.4,14.7,146.0,788.0,7.8,75,17,2,7
2026-07-22 18:00:00+00:00,28.8,80.0,9.4,45.4,45.9,20.5,123.0,925.0,7.4,77,18,2,7
2026-07-22 19:00:00+00:00,27.6,87.0,8.4,44.6,44.9,28.6,91.0,1082.0,6.8,78,19,2,7
2026-07-22 20:00:00+00:00,27.5,89.0,8.9,44.9,45.1,35.1,65.0,1186.0,6.5,80,20,2,7
2026-07-22 21:00:00+00:00,27.2,89.0,11.0,46.4,46.6,38.9,50.0,1209.0,6.9,82,21,2,7
2026-07-22 22:00:00+00:00,27.0,88.0,10.2,48.8,48.9,41.1,40.0,1177.0,7.6,83,22,2,7
2026-07-22 23:00:00+00:00,27.2,86.0,7.7,48.1,48.2,40.6,35.0,1098.0,8.1,85,23,2,7
2026-07-23 00:00:00+00:00,26.9,86.0,6.4,44.9,44.9,35.8,36.0,944.0,8.3,87,0,3,7
2026-07-23 01:00:00+00:00,26.8,86.0,6.0,40.4,40.6,28.4,43.0,743.0,8.2,88,1,3,7
2026-07-23 02:00:00+00:00,26.6,88.0,7.1,34.7,35.0,22.0,50.0,581.0,7.9,89,2,3,7
2026-07-23 03:00:00+00:00,26.3,91.0,7.4,28.4,30.0,17.3,58.0,474.0,6.9,90,3,3,7
2026-07-23 04:00:00+00:00,25.4,95.0,9.4,22.7,24.1,13.6,67.0,406.0,5.7,91,4,3,7
2026-07-23 05:00:00+00:00,26.2,91.0,11.9,11.6,16.7,11.5,78.0,414.0,2.8,90,5,3,7
2026-07-23 06:00:00+00:00,25.8,95.0,12.4,9.3,11.4,14.8,73.0,556.0,3.4,90,6,3,7
2026-07-23 07:00:00+00:00,25.8,96.0,6.9,10.3,11.4,19.2,66.0,774.0,4.2,90,7,3,7
2026-07-23 08:00:00+00:00,25.7,94.0,12.9,11.2,11.6,22.1,62.0,935.0,4.9,90,8,3,7
2026-07-23 09:00:00+00:00,25.1,98.0,13.3,12.6,12.9,22.2,61.0,983.0,5.3,89,9,3,7
2026-07-23 10:00:00+00:00,25.3,97.0,7.0,14.2,14.5,20.7,62.0,974.0,5.6,89,10,3,7
2026-07-23 11:00:00+00:00,26.0,95.0,9.5,16.8,17.2,18.8,67.0,943.0,6.4,89,11,3,7
2026-07-23 12:00:00+00:00,26.1,94.0,10.1,19.2,19.7,16.2,80.0,883.0,8.2,88,12,3,7
2026-07-23 13:00:00+00:00,26.8,89.0,11.9,19.5,20.1,13.2,98.0,801.0,10.4,88,13,3,7
2026-07-23 14:00:00+00:00,27.0,88.0,11.6,20.7,21.1,11.4,111.0,754.0,11.9,88,14,3,7
2026-07-23 15:00:00+00:00,28.1,81.0,11.8,23.5,23.9,10.3,117.0,727.0,12.0,88,15,3,7
2026-07-23 16:00:00+00:00,28.2,82.0,9.2,23.1,23.4,10.4,118.0,735.0,11.4,88,16,3,7
2026-07-23 17:00:00+00:00,28.1,85.0,9.1,48.5,49.4,21.4,74.0,876.0,9.6,87,17,3,7
2026-07-23 18:00:00+00:00,27.8,86.0,7.9,46.1,46.7,26.6,62.0,1314.0,9.5,87,18,3,7
2026-07-23 19:00:00+00:00,27.4,87.0,6.4,44.5,44.9,33.7,46.0,1885.0,9.2,87,19,3,7
2026-07-23 20:00:00+00:00,27.3,86.0,6.1,41.9,42.3,39.2,33.0,2194.0,9.1,87,20,3,7
2026-07-23 21:00:00+00:00,27.0,86.0,6.8,40.4,40.7,41.7,25.0,2003.0,9.1,87,21,3,7
2026-07-23 22:00:00+00:00,26.9,85.0,6.7,40.7,41.1,42.5,21.0,1550.0,9.2,87,22,3,7
2026-07-23 23:00:00+00:00,27.5,83.0,7.7,39.1,39.5,41.7,19.0,1154.0,9.1,86,23,3,7
2026-07-24 00:00:00+00:00,27.2,83.0,8.1,37.0,37.4,38.9,21.0,925.0,8.7,85,0,4,7
2026-07-24 01:00:00+00:00,27.3,82.0,8.3,34.2,34.7,34.6,25.0,752.0,8.1,85,1,4,7
2026-07-24 02:00:00+00:00,26.9,84.0,7.9,31.8,32.2,30.4,30.0,621.0,7.4,84,2,4,7
2026-07-24 03:00:00+00:00,26.0,91.0,7.9,27.9,28.5,26.3,36.0,516.0,6.3,84,3,4,7
2026-07-24 04:00:00+00:00,25.8,91.0,8.4,26.0,26.7,22.3,44.0,453.0,5.0,84,4,4,7
2026-07-24 05:00:00+00:00,25.8,97.0,6.9,18.0,18.3,16.8,52.0,463.0,4.8,84,5,4,7
2026-07-24 06:00:00+00:00,25.3,98.0,8.9,18.4,18.6,19.2,47.0,616.0,5.2,85,6,4,7
2026-07-24 07:00:00+00:00,25.8,97.0,8.2,19.8,20.0,22.2,42.0,843.0,5.8,85,7,4,7
2026-07-24 08:00:00+00:00,26.9,91.0,7.8,21.0,21.3,22.7,48.0,970.0,6.5,86,8,4,7
2026-07-24 09:00:00+00:00,28.1,88.0,5.7,22.0,22.3,18.4,76.0,894.0,7.5,87,9,4,7
2026-07-24 10:00:00+00:00,29.7,81.0,6.2,22.6,22.9,11.6,116.0,718.0,8.7,88,10,4,7
2026-07-24 11:00:00+00:00,30.8,75.0,8.2,24.3,24.7,6.4,149.0,582.0,9.5,88,11,4,7
2026-07-24 12:00:00+00:00,31.5,72.0,8.0,27.2,27.5,4.4,167.0,530.0,9.8,89,12,4,7
2026-07-24 13:00:00+00:00,32.1,67.0,5.9,28.6,28.8,3.9,178.0,517.0,9.8,89,13,4,7
2026-07-24 14:00:00+00:00,31.3,71.0,5.1,29.4,29.6,4.6,182.0,553.0,9.6,90,14,4,7
2026-07-24 15:00:00+00:00,29.7,82.0,4.6,28.7,28.9,4.9,179.0,634.0,9.2,91,15,4,7
2026-07-24 16:00:00+00:00,30.7,78.0,2.7,27.2,27.4,6.2,169.0,764.0,8.6,99,16,4,7
2026-07-24 17:00:00+00:00,32.3,64.0,5.6,43.2,43.5,12.5,150.0,958.0,8.6,125,17,4,7
2026-07-24 18:00:00+00:00,31.4,73.0,4.9,45.5,45.9,25.8,121.0,1286.0,9.1,141,18,4,7
2026-07-24 19:00:00+00:00,30.3,79.0,3.6,52.3,52.5,44.3,81.0,1679.0,9.8,142,19,4,7
2026-07-24 20:00:00+00:00,29.6,82.0,4.1,55.4,55.5,58.7,50.0,1946.0,10.6,128,20,4,7
2026-07-24 21:00:00+00:00,29.2,83.0,4.5,58.3,58.6,66.6,35.0,2018.0,11.7,103,21,4,7
2026-07-24 22:00:00+00:00,29.1,83.0,4.2,64.3,64.3,70.4,30.0,1965.0,13.0,94,22,4,7
2026-07-24 23:00:00+00:00,28.8,84.0,8.5,67.5,67.8,68.5,30.0,1806.0,13.4,96,23,4,7
2026-07-25 00:00:00+00:00,28.5,84.0,7.4,66.4,66.6,57.1,39.0,1480.0,12.3,98,0,5,7
2026-07-25 01:00:00+00:00,28.3,84.0,7.0,62.2,62.4,39.9,54.0,1049.0,10.4,101,1,5,7
2026-07-25 02:00:00+00:00,28.1,85.0,6.8,50.8,50.9,26.4,65.0,708.0,8.8,104,2,5,7
2026-07-25 03:00:00+00:00,27.4,88.0,7.7,43.5,43.5,20.4,68.0,535.0,7.8,106,3,5,7
2026-07-25 04:00:00+00:00,25.9,95.0,9.6,37.8,38.0,18.0,67.0,453.0,7.2,107,4,5,7
2026-07-25 05:00:00+00:00,25.3,97.0,10.4,16.8,16.8,11.7,77.0,433.0,5.3,109,5,5,7
2026-07-25 06:00:00+00:00,25.3,96.0,9.8,16.9,16.9,15.6,68.0,504.0,5.8,108,6,5,7
2026-07-25 07:00:00+00:00,24.9,95.0,14.4,17.6,17.6,20.8,57.0,638.0,6.5,108,7,5,7
2026-07-25 08:00:00+00:00,25.4,95.0,14.0,16.1,16.1,23.0,54.0,715.0,7.1,108,8,5,7
2026-07-25 09:00:00+00:00,26.4,90.0,12.8,15.4,15.5,19.3,67.0,667.0,7.6,108,9,5,7
2026-07-25 10:00:00+00:00,28.2,84.0,12.4,14.8,15.4,12.7,88.0,563.0,8.1,107,10,5,7
2026-07-25 11:00:00+00:00,27.2,90.0,12.9,14.2,15.3,7.6,107.0,494.0,8.4,106,11,5,7
2026-07-25 12:00:00+00:00,28.4,89.0,4.4,15.7,17.1,5.7,121.0,500.0,8.4,105,12,5,7
2026-07-25 13:00:00+00:00,29.9,81.0,9.0,17.8,19.4,5.3,132.0,542.0,8.3,104,13,5,7
2026-07-25 14:00:00+00:00,31.5,75.0,8.9,19.7,21.5,5.6,139.0,592.0,8.1,103,14,5,7
2026-07-25 15:00:00+00:00,32.1,72.0,9.5,20.5,22.4,5.4,141.0,625.0,8.0,102,15,5,7
2026-07-25 16:00:00+00:00,28.6,86.0,9.5,25.7,28.2,6.0,139.0,666.0,7.9,101,16,5,7
2026-07-25 17:00:00+00:00,29.7,82.0,9.9,36.4,45.3,10.1,138.0,763.0,7.2,101,17,5,7
2026-07-25 18:00:00+00:00,28.9,87.0,9.4,40.4,45.8,18.0,119.0,998.0,7.7,100,18,5,7
2026-07-25 19:00:00+00:00,28.5,89.0,7.9,41.1,45.8,28.8,93.0,1289.0,8.3,100,19,5,7
2026-07-25 20:00:00+00:00,28.2,90.0,8.5,41.9,46.1,36.3,73.0,1438.0,8.8,99,20,5,7
2026-07-25 21:00:00+00:00,28.1,90.0,8.0,42.5,46.4,37.6,64.0,1317.0,9.1,98,21,5,7
2026-07-25 22:00:00+00:00,27.9,91.0,7.4,42.5,46.1,35.5,60.0,1054.0,9.3,96,22,5,7
2026-07-25 23:00:00+00:00,27.8,91.0,6.6,41.7,44.5,33.0,58.0,831.0,9.3,95,23,5,7
2026-07-26 00:00:00+00:00,27.3,93.0,6.5,39.5,41.4,30.4,56.0,716.0,9.1,93,0,6,7
2026-07-26 01:00:00+00:00,27.0,94.0,5.6,37.7,38.9,27.4,55.0,641.0,8.8,91,1,6,7
2026-07-26 02:00:00+00:00,26.9,94.0,6.4,37.6,38.3,25.1,53.0,587.0,8.6,89,2,6,7
2026-07-26 03:00:00+00:00,26.8,93.0,6.5,39.8,40.3,24.6,48.0,544.0,8.6,88,3,6,7
2026-07-26 04:00:00+00:00,26.7,93.0,6.4,42.4,42.5,24.8,43.0,521.0,8.7,87,4,6,7
2026-07-26 05:00:00+00:00,27.6,93.0,7.7,51.8,52.5,25.9,41.0,527.0,10.0,88,5,6,7
2026-07-26 06:00:00+00:00,27.3,92.0,7.2,54.8,55.4,24.0,52.0,589.0,11.2,90,6,6,7
2026-07-26 07:00:00+00:00,27.5,94.0,6.4,55.5,56.1,21.2,67.0,680.0,12.8,93,7,6,7
2026-07-26 08:00:00+00:00,28.8,90.0,3.2,52.3,52.6,18.4,83.0,726.0,14.0,96,8,6,7
2026-07-26 09:00:00+00:00,30.1,86.0,2.7,46.6,46.7,15.8,99.0,683.0,14.5,99,9,6,7
2026-07-26 10:00:00+00:00,31.1,81.0,3.4,42.7,43.0,13.1,116.0,595.0,14.7,102,10,6,7
2026-07-26 11:00:00+00:00,31.9,75.0,1.9,39.0,39.1,10.6,134.0,524.0,14.5,105,11,6,7
2026-07-26 12:00:00+00:00,32.6,72.0,2.5,38.3,38.4,8.0,155.0,485.0,13.8,108,12,6,7
2026-07-26 13:00:00+00:00,32.9,70.0,2.4,36.4,36.7,5.6,177.0,462.0,12.9,110,13,6,7
2026-07-26 14:00:00+00:00,33.4,67.0,1.8,38.1,38.3,4.3,193.0,469.0,12.3,112,14,6,7
2026-07-26 15:00:00+00:00,33.7,64.0,1.3,39.6,39.8,2.3,203.0,458.0,12.4,114,15,6,7
2026-07-26 16:00:00+00:00,33.6,63.0,1.4,40.5,40.7,1.4,207.0,476.0,12.9,116,16,6,7
2026-07-26 17:00:00+00:00,33.5,63.0,4.6,40.2,40.6,7.4,209.0,677.0,14.7,140,17,6,7
2026-07-26 18:00:00+00:00,32.0,73.0,5.8,41.2,41.7,23.8,168.0,1234.0,15.2,160,18,6,7
2026-07-26 19:00:00+00:00,30.8,83.0,2.9,52.5,53.0,46.7,111.0,1974.0,15.8,168,19,6,7
2026-07-26 20:00:00+00:00,30.3,87.0,2.7,64.5,65.0,65.7,65.0,2527.0,16.8,164,20,6,7
2026-07-26 21:00:00+00:00,30.0,89.0,2.8,79.2,79.6,77.1,42.0,2745.0,18.3,150,21,6,7
2026-07-26 22:00:00+00:00,29.7,90.0,4.1,93.4,94.1,84.5,31.0,2775.0,20.1,125,22,6,7
2026-07-26 23:00:00+00:00,30.2,89.0,3.9,101.5,102.2,89.1,25.0,2695.0,21.4,131,23,6,7
2026-07-27 00:00:00+00:00,29.7,91.0,3.2,105.5,106.2,91.0,22.0,2471.0,21.8,137,0,0,7
2026-07-27 01:00:00+00:00,29.5,92.0,2.9,108.5,109.2,90.0,23.0,2137.0,21.7,144,1,0,7
2026-07-27 02:00:00+00:00,29.3,92.0,2.9,112.9,113.9,86.4,26.0,1866.0,21.6,150,2,0,7
2026-07-27 03:00:00+00:00,29.1,92.0,3.2,117.3,118.3,79.7,28.0,1745.0,21.5,153,3,0,7
2026-07-27 04:00:00+00:00,28.2,92.0,8.0,115.3,116.2,70.3,31.0,1687.0,21.3,155,4,0,7
2026-07-27 05:00:00+00:00,29.2,93.0,1.8,90.1,91.3,40.7,60.0,1612.0,21.9,157,5,0,7
2026-07-27 06:00:00+00:00,29.3,92.0,2.4,90.1,91.3,36.8,78.0,1488.0,23.0,158,6,0,7
2026-07-27 07:00:00+00:00,30.4,85.0,0.7,78.7,79.9,31.1,103.0,1346.0,24.6,159,7,0,7
2026-07-27 08:00:00+00:00,31.4,76.0,0.4,59.6,61.0,25.1,134.0,1196.0,26.1,160,8,0,7
2026-07-27 09:00:00+00:00,32.0,73.0,2.0,51.7,53.1,18.5,174.0,1030.0,27.7,160,9,0,7
2026-07-27 10:00:00+00:00,32.9,68.0,2.3,50.2,51.5,11.5,220.0,855.0,29.3,160,10,0,7
2026-07-27 11:00:00+00:00,33.4,64.0,3.8,54.1,55.6,6.6,252.0,709.0,29.6,160,11,0,7
2026-07-27 12:00:00+00:00,34.1,63.0,3.8,57.4,59.1,4.9,262.0,597.0,27.7,161,12,0,7
2026-07-27 13:00:00+00:00,34.7,61.0,4.6,56.0,58.3,5.2,259.0,514.0,24.4,162,13,0,7
2026-07-27 14:00:00+00:00,35.0,60.0,6.0,54.5,57.5,6.3,251.0,476.0,21.7,174,14,0,7
2026-07-27 15:00:00+00:00,35.0,59.0,6.5,53.4,57.4,4.4,244.0,415.0,19.8,201,15,0,7
2026-07-27 16:00:00+00:00,34.8,59.0,6.2,52.0,56.8,3.2,233.0,400.0,18.3,210,16,0,7
2026-07-27 17:00:00+00:00,34.7,59.0,6.5,54.5,62.6,13.1,203.0,656.0,17.0,217,17,0,7
2026-07-27 18:00:00+00:00,33.9,67.0,4.5,61.9,68.5,43.2,158.0,1510.0,19.0,219,18,0,7
2026-07-27 19:00:00+00:00,33.0,72.0,3.6,75.0,82.7,84.7,96.0,2634.0,21.9,214,19,0,7
2026-07-27 20:00:00+00:00,32.5,75.0,3.3,93.8,102.0,116.5,47.0,3275.0,24.7,204,20,0,7
2026-07-27 21:00:00+00:00,32.1,78.0,2.1,116.2,124.8,130.1,24.0,2981.0,27.7,175,21,0,7
2026-07-27 22:00:00+00:00,31.8,78.0,0.2,137.8,146.7,133.9,15.0,2202.0,30.5,167,22,0,7
2026-07-27 23:00:00+00:00,32.6,77.0,1.0,137.8,146.2,131.8,10.0,1537.0,31.4,168,23,0,7
2026-07-28 00:00:00+00:00,31.7,81.0,1.7,125.3,132.2,124.2,8.0,1208.0,29.1,169,0,1,7
2026-07-28 01:00:00+00:00,30.9,85.0,3.3,111.5,117.3,110.7,11.0,993.0,24.8,170,1,1,7
2026-07-28 02:00:00+00:00,29.6,85.0,8.6,102.0,107.1,93.6,19.0,819.0,20.6,170,2,1,7
2026-07-28 03:00:00+00:00,29.0,83.0,4.7,90.8,94.5,70.1,36.0,630.0,17.0,170,3,1,7
2026-07-28 04:00:00+00:00,27.2,93.0,3.5,70.1,72.2,43.1,58.0,483.0,13.4,169,4,1,7
2026-07-28 05:00:00+00:00,29.7,86.0,1.5,74.3,84.5,35.4,59.0,478.0,13.9,168,5,1,7
2026-07-28 06:00:00+00:00,29.5,87.0,3.1,72.9,78.7,34.0,65.0,756.0,13.9,167,6,1,7
2026-07-28 07:00:00+00:00,29.7,87.0,7.1,69.6,73.6,31.9,74.0,1177.0,14.0,167,7,1,7
2026-07-28 08:00:00+00:00,30.5,83.0,4.9,62.9,67.3,28.2,92.0,1418.0,14.1,166,8,1,7
2026-07-28 09:00:00+00:00,31.8,76.0,5.3,59.3,65.9,21.6,127.0,1292.0,14.5,166,9,1,7
2026-07-28 10:00:00+00:00,33.0,71.0,5.7,58.0,66.8,13.6,171.0,985.0,15.1,167,10,1,7
2026-07-28 11:00:00+00:00,34.3,58.0,4.7,59.6,70.8,7.7,204.0,740.0,15.2,167,11,1,7
2026-07-28 12:00:00+00:00,32.7,68.0,3.9,59.5,71.9,5.5,219.0,641.0,14.6,167,12,1,7
2026-07-28 13:00:00+00:00,33.1,70.0,6.7,55.2,67.3,5.5,223.0,603.0,13.6,167,13,1,7
2026-07-28 14:00:00+00:00,32.7,72.0,9.6,54.6,66.6,6.4,223.0,611.0,12.9,167,14,1,7
2026-07-28 15:00:00+00:00,33.7,68.0,7.4,53.8,66.8,6.7,224.0,665.0,12.8,167,15,1,7
2026-07-28 16:00:00+00:00,33.9,66.0,6.5,54.7,68.5,8.0,221.0,764.0,13.0,174,16,1,7
2026-07-28 17:00:00+00:00,33.7,65.0,4.0,66.4,82.0,24.3,174.0,890.0,13.0,195,17,1,7
2026-07-28 18:00:00+00:00,32.8,72.0,5.3,72.4,87.8,28.3,155.0,1085.0,12.7,201,18,1,7
2026-07-28 19:00:00+00:00,31.5,79.0,6.6,75.0,86.1,33.7,129.0,1307.0,12.3,199,19,1,7
2026-07-28 20:00:00+00:00,30.8,81.0,9.1,61.9,68.9,36.3,109.0,1414.0,11.8,188,20,1,7
2026-07-28 21:00:00+00:00,30.4,83.0,9.0,55.1,59.8,33.3,101.0,1312.0,11.2,170,21,1,7
2026-07-28 22:00:00+00:00,29.9,85.0,9.6,52.5,57.4,27.6,98.0,1095.0,10.5,165,22,1,7
2026-07-28 23:00:00+00:00,29.9,87.0,11.4,51.6,56.7,23.6,94.0,896.0,10.1,163,23,1,7
2026-07-29 00:00:00+00:00,29.3,90.0,11.4,52.6,57.9,24.1,83.0,756.0,10.3,160,0,2,7
2026-07-29 01:00:00+00:00,28.9,91.0,9.8,53.0,59.3,26.3,70.0,636.0,10.8,158,1,2,7
2026-07-29 02:00:00+00:00,28.2,92.0,9.6,50.8,62.2,26.7,63.0,550.0,11.1,156,2,2,7
2026-07-29 03:00:00+00:00,27.9,93.0,10.9,45.2,58.3,22.8,67.0,507.0,10.8,155,3,2,7
2026-07-29 04:00:00+00:00,27.7,94.0,10.0,41.0,54.0,16.9,77.0,500.0,10.2,153,4,2,7
2026-07-29 05:00:00+00:00,26.8,95.0,8.6,31.4,46.8,13.5,83.0,519.0,8.6,152,5,2,7
2026-07-29 06:00:00+00:00,26.8,96.0,7.4,30.0,41.6,15.0,82.0,586.0,8.6,151,6,2,7
2026-07-29 07:00:00+00:00,27.5,92.0,7.8,27.8,39.0,16.8,82.0,679.0,8.7,149,7,2,7
2026-07-29 08:00:00+00:00,28.7,87.0,9.4,24.9,34.6,17.4,86.0,728.0,8.9,145,8,2,7
2026-07-29 09:00:00+00:00,30.2,79.0,9.6,23.3,32.5,15.5,96.0,682.0,9.3,141,9,2,7
2026-07-29 10:00:00+00:00,31.0,76.0,11.3,22.9,32.5,12.2,111.0,590.0,9.9,137,10,2,7
2026-07-29 11:00:00+00:00,29.5,73.0,4.2,22.1,33.4,9.4,128.0,534.0,10.4,134,11,2,7
2026-07-29 12:00:00+00:00,30.3,73.0,3.7,24.5,38.1,7.4,149.0,543.0,10.8,130,12,2,7
2026-07-29 13:00:00+00:00,31.0,72.0,4.8,27.2,44.8,5.9,172.0,587.0,11.2,126,13,2,7
2026-07-29 14:00:00+00:00,31.8,70.0,3.5,29.0,47.1,5.7,189.0,653.0,11.7,123,14,2,7
2026-07-29 15:00:00+00:00,32.4,67.0,4.1,30.6,48.7,4.2,199.0,675.0,12.1,121,15,2,7
2026-07-29 16:00:00+00:00,32.1,69.0,5.6,31.5,49.1,4.0,203.0,718.0,12.5,118,16,2,7
2026-07-29 17:00:00+00:00,32.3,66.0,3.9,40.5,59.6,13.3,175.0,969.0,12.1,132,17,2,7
2026-07-29 18:00:00+00:00,31.6,70.0,3.2,44.9,60.8,34.4,138.0,1703.0,12.9,149,18,2,7
2026-07-29 19:00:00+00:00,30.5,79.0,3.1,56.5,68.7,63.0,86.0,2645.0,14.1,153,19,2,7
2026-07-29 20:00:00+00:00,29.7,83.0,3.6,58.4,67.8,81.4,48.0,3151.0,14.8,145,20,2,7
2026-07-29 21:00:00+00:00,29.3,83.0,4.8,56.2,64.3,79.9,37.0,2824.0,14.7,124,21,2,7
2026-07-29 22:00:00+00:00,28.9,83.0,6.0,56.2,63.6,68.2,39.0,2062.0,14.2,108,22,2,7
2026-07-29 23:00:00+00:00,29.3,84.0,5.4,55.9,62.9,56.9,42.0,1417.0,13.5,108,23,2,7
2026-07-30 00:00:00+00:00,28.6,86.0,5.6,54.1,61.2,49.4,43.0,1099.0,12.6,109,0,3,7
2026-07-30 01:00:00+00:00,28.3,86.0,4.4,53.2,60.1,42.5,46.0,898.0,11.7,109,1,3,7
2026-07-30 02:00:00+00:00,28.1,87.0,4.0,53.2,59.6,36.9,47.0,741.0,10.9,109,2,3,7
2026-07-30 03:00:00+00:00,27.9,88.0,6.5,54.0,60.1,33.3,45.0,581.0,10.6,109,3,3,7
2026-07-30 04:00:00+00:00,27.7,89.0,5.4,55.6,61.5,31.1,42.0,466.0,10.5,110,4,3,7
2026-07-30 05:00:00+00:00,27.1,95.0,7.2,54.4,56.8,34.8,37.0,462.0,11.0,112,5,3,7
2026-07-30 06:00:00+00:00,26.8,94.0,5.2,59.6,62.4,33.1,46.0,668.0,11.5,114,6,3,7
2026-07-30 07:00:00+00:00,27.2,91.0,6.4,62.6,66.1,30.5,60.0,986.0,12.2,117,7,3,7
2026-07-30 08:00:00+00:00,28.3,84.0,5.7,57.4,63.1,26.7,82.0,1189.0,12.7,121,8,3,7
2026-07-30 09:00:00+00:00,29.9,77.0,8.9,52.2,61.0,20.4,121.0,1157.0,12.9,124,9,3,7
2026-07-30 10:00:00+00:00,31.3,72.0,5.3,50.2,61.7,12.9,168.0,1009.0,12.9,127,10,3,7
2026-07-30 11:00:00+00:00,33.2,66.0,3.2,49.7,65.4,7.4,205.0,877.0,12.8,130,11,3,7
2026-07-30 12:00:00+00:00,33.8,65.0,3.1,49.8,68.5,5.2,223.0,796.0,12.6,133,12,3,7
2026-07-30 13:00:00+00:00,34.2,65.0,3.6,50.1,69.6,5.0,231.0,730.0,12.4,136,13,3,7
2026-07-30 14:00:00+00:00,32.6,72.0,8.4,49.5,68.5,5.8,233.0,709.0,12.2,138,14,3,7
2026-07-30 15:00:00+00:00,32.3,75.0,7.7,46.8,63.1,6.2,235.0,723.0,12.1,148,15,3,7
2026-07-30 16:00:00+00:00,32.8,73.0,1.6,46.1,60.8,7.7,231.0,782.0,12.1,176,16,3,7
2026-07-30 17:00:00+00:00,32.2,73.0,7.3,50.2,64.0,15.5,213.0,938.0,14.1,200,17,3,7
2026-07-30 18:00:00+00:00,31.3,77.0,5.1,50.8,61.0,31.8,171.0,1327.0,13.7,206,18,3,7
2026-07-30 19:00:00+00:00,29.0,86.0,7.4,55.4,61.0,53.7,112.0,1814.0,13.1,206,19,3,7
2026-07-30 20:00:00+00:00,27.6,95.0,3.4,61.7,66.1,66.0,71.0,2049.0,12.4,200,20,3,7
2026-07-30 21:00:00+00:00,27.9,94.0,3.3,67.1,70.3,59.4,63.0,1798.0,11.6,176,21,3,7
2026-07-30 22:00:00+00:00,28.4,92.0,7.2,59.8,63.1,43.2,71.0,1296.0,10.8,149,22,3,7
2026-07-30 23:00:00+00:00,28.8,90.0,9.1,55.8,57.4,29.8,79.0,893.0,10.3,147,23,3,7
2026-07-31 00:00:00+00:00,28.3,92.0,9.1,53.3,54.1,24.0,82.0,732.0,10.2,147,0,4,7
2026-07-31 01:00:00+00:00,28.2,94.0,9.1,52.2,52.6,21.1,84.0,672.0,10.5,147,1,4,7
2026-07-31 02:00:00+00:00,28.0,94.0,8.0,51.8,52.2,19.3,85.0,638.0,11.0,146,2,4,7
2026-07-31 03:00:00+00:00,27.9,93.0,7.4,51.8,52.3,18.4,82.0,605.0,12.1,146,3,4,7
2026-07-31 04:00:00+00:00,27.1,95.0,8.8,52.0,52.4,18.6,78.0,597.0,13.4,146,4,4,7
2026-07-31 05:00:00+00:00,26.3,91.0,15.4,46.1,46.7,15.5,92.0,621.0,12.6,146,5,4,7
2026-07-31 06:00:00+00:00,25.8,93.0,5.1,38.9,39.8,17.0,90.0,705.0,11.6,145,6,4,7
2026-07-31 07:00:00+00:00,26.2,91.0,10.4,31.0,32.4,18.8,89.0,820.0,10.3,143,7,4,7
2026-07-31 08:00:00+00:00,25.4,94.0,10.2,30.4,31.1,18.9,96.0,879.0,9.7,139,8,4,7
2026-07-31 09:00:00+00:00,25.8,95.0,9.7,29.2,29.6,15.6,120.0,830.0,10.6,137,9,4,7
2026-07-31 10:00:00+00:00,28.3,85.0,8.4,30.0,30.4,10.6,152.0,726.0,12.3,134,10,4,7
2026-07-31 11:00:00+00:00,31.0,80.0,11.1,32.5,33.2,6.8,177.0,640.0,13.4,132,11,4,7
2026-07-31 12:00:00+00:00,29.3,83.0,8.7,32.9,34.7,5.1,188.0,591.0,13.2,130,12,4,7
2026-07-31 13:00:00+00:00,30.7,80.0,3.3,32.6,34.5,4.7,192.0,559.0,12.5,128,13,4,7
2026-07-31 14:00:00+00:00,31.7,77.0,6.4,33.2,34.2,5.4,191.0,560.0,11.7,127,14,4,7
2026-07-31 15:00:00+00:00,31.7,77.0,6.0,32.6,33.2,7.1,188.0,596.0,11.2,125,15,4,7
2026-07-31 16:00:00+00:00,31.1,77.0,6.7,32.4,32.7,10.1,181.0,664.0,10.6,144,16,4,7
2026-07-31 17:00:00+00:00,30.4,80.0,7.1,32.7,33.4,18.1,134.0,773.0,8.3,159,17,4,7
2026-07-31 18:00:00+00:00,29.7,84.0,9.1,33.9,34.3,26.1,111.0,981.0,8.9,161,18,4,7
2026-07-31 19:00:00+00:00,29.4,85.0,9.3,38.5,38.8,37.1,79.0,1230.0,9.6,155,19,4,7
2026-07-31 20:00:00+00:00,29.2,86.0,9.2,39.1,39.3,44.1,54.0,1355.0,10.2,135,20,4,7
2026-07-31 21:00:00+00:00,28.9,87.0,9.0,38.0,38.2,43.4,45.0,1251.0,10.3,114,21,4,7
2026-07-31 22:00:00+00:00,28.4,87.0,7.9,37.8,38.2,38.8,43.0,1023.0,10.3,111,22,4,7
2026-07-31 23:00:00+00:00,28.0,88.0,8.7,38.5,39.0,35.2,41.0,818.0,10.1,109,23,4,7
2026-08-01 00:00:00+00:00,27.7,88.0,7.9,39.3,39.8,34.6,36.0,679.0,9.8,107,0,5,8
2026-08-01 01:00:00+00:00,27.7,88.0,6.6,40.9,41.3,35.0,30.0,562.0,9.3,106,1,5,8
2026-08-01 02:00:00+00:00,27.6,89.0,6.6,42.3,42.8,34.8,27.0,487.0,9.1,105,2,5,8
2026-08-01 03:00:00+00:00,27.6,89.0,6.7,42.5,43.1,33.1,27.0,465.0,9.3,104,3,5,8
2026-08-01 04:00:00+00:00,27.5,88.0,7.2,42.6,43.1,30.8,29.0,485.0,9.7,103,4,5,8
2026-08-01 05:00:00+00:00,27.9,88.0,7.4,46.3,46.8,27.4,42.0,531.0,13.4,102,5,5,8
2026-08-01 06:00:00+00:00,27.8,88.0,7.3,46.2,46.6,26.6,50.0,628.0,13.8,102,6,5,8
2026-08-01 07:00:00+00:00,28.4,85.0,8.8,46.0,46.3,25.2,61.0,751.0,14.3,102,7,5,8
2026-08-01 08:00:00+00:00,28.6,82.0,15.4,38.2,38.9,22.5,77.0,816.0,14.3,104,8,5,8
2026-08-01 09:00:00+00:00,28.1,84.0,11.8,32.2,33.3,17.3,102.0,769.0,13.2,105,9,5,8
2026-08-01 10:00:00+00:00,29.5,82.0,7.9,29.2,30.3,10.8,131.0,664.0,11.5,105,10,5,8
2026-08-01 11:00:00+00:00,31.1,74.0,6.3,26.0,27.1,6.0,154.0,570.0,10.1,105,11,5,8
2026-08-01 12:00:00+00:00,32.2,68.0,6.4,24.0,25.3,4.2,165.0,500.0,9.4,104,12,5,8
2026-08-01 13:00:00+00:00,33.0,62.0,7.7,23.6,25.0,4.0,170.0,442.0,9.0,103,13,5,8
2026-08-01 14:00:00+00:00,33.4,61.0,6.0,24.4,25.8,4.6,173.0,430.0,9.0,102,14,5,8
2026-08-01 15:00:00+00:00,33.4,62.0,4.8,25.6,27.1,3.2,180.0,459.0,9.3,102,15,5,8
2026-08-01 16:00:00+00:00,33.2,63.0,3.9,26.7,28.2,2.7,184.0,535.0,9.9,112,16,5,8
2026-08-01 17:00:00+00:00,32.5,66.0,2.2,33.1,35.6,12.6,152.0,710.0,9.0,134,17,5,8
2026-08-01 18:00:00+00:00,32.1,68.0,1.9,39.5,41.7,29.6,120.0,1113.0,9.7,145,18,5,8
2026-08-01 19:00:00+00:00,31.1,81.0,0.3,47.0,49.1,53.0,76.0,1615.0,10.8,143,19,5,8
2026-08-01 20:00:00+00:00,30.4,85.0,2.8,51.6,53.6,69.4,42.0,1885.0,11.5,126,20,5,8
2026-08-01 21:00:00+00:00,29.8,86.0,4.4,55.6,57.5,72.9,28.0,1714.0,11.7,103,21,5,8
2026-08-01 22:00:00+00:00,29.4,88.0,4.9,57.0,58.8,69.5,23.0,1311.0,11.7,105,22,5,8
2026-08-01 23:00:00+00:00,29.6,86.0,5.8,58.6,60.3,63.8,23.0,969.0,11.4,107,23,5,8
2026-08-02 00:00:00+00:00,29.3,86.0,5.4,56.1,57.9,56.0,26.0,796.0,10.7,109,0,6,8
2026-08-02 01:00:00+00:00,29.1,85.0,6.7,54.4,56.1,46.0,33.0,683.0,9.7,111,1,6,8
2026-08-02 02:00:00+00:00,29.0,85.0,7.7,53.8,55.6,38.0,38.0,599.0,9.0,112,2,6,8
2026-08-02 03:00:00+00:00,28.7,87.0,6.8,54.5,56.1,34.2,37.0,519.0,8.8,113,3,6,8
2026-08-02 04:00:00+00:00,28.4,89.0,6.0,54.9,56.5,32.4,35.0,467.0,9.0,115,4,6,8
2026-08-02 05:00:00+00:00,28.5,84.0,7.1,50.2,51.6,27.3,47.0,482.0,8.4,116,5,6,8
2026-08-02 06:00:00+00:00,28.1,85.0,6.8,47.1,48.4,24.5,57.0,634.0,8.7,116,6,6,8
2026-08-02 07:00:00+00:00,28.4,88.0,4.0,46.2,47.3,20.5,72.0,851.0,9.1,116,7,6,8
2026-08-02 08:00:00+00:00,29.4,85.0,2.7,43.8,44.7,16.4,92.0,963.0,9.8,116,8,6,8
2026-08-02 09:00:00+00:00,30.5,79.0,3.7,41.3,42.8,12.2,121.0,860.0,11.2,117,9,6,8
2026-08-02 10:00:00+00:00,31.4,75.0,6.3,39.2,41.4,7.9,156.0,652.0,12.8,118,10,6,8
2026-08-02 11:00:00+00:00,31.6,72.0,4.2,38.2,40.7,4.9,182.0,486.0,13.8,119,11,6,8
2026-08-02 12:00:00+00:00,32.8,67.0,6.2,38.1,40.9,3.7,195.0,415.0,13.5,120,12,6,8
2026-08-02 13:00:00+00:00,33.5,65.0,3.3,37.5,40.5,3.7,199.0,388.0,12.7,122,13,6,8
2026-08-02 14:00:00+00:00,33.9,64.0,4.6,36.2,39.5,4.4,201.0,400.0,12.0,123,14,6,8
2026-08-02 15:00:00+00:00,34.0,63.0,4.1,35.7,39.3,4.1,204.0,406.0,11.8,126,15,6,8
2026-08-02 16:00:00+00:00,33.9,64.0,4.0,35.3,39.0,4.4,204.0,451.0,11.9,153,16,6,8
2026-08-02 17:00:00+00:00,34.3,62.0,5.3,28.9,33.8,9.1,174.0,662.0,11.7,171,17,6,8
2026-08-02 18:00:00+00:00,33.4,68.0,3.6,36.0,40.0,22.7,143.0,1253.0,12.3,179,18,6,8
2026-08-02 19:00:00+00:00,32.1,74.0,5.0,42.5,46.1,41.2,101.0,2011.0,13.2,177,19,6,8
2026-08-02 20:00:00+00:00,31.4,76.0,5.1,46.9,49.8,53.3,69.0,2424.0,13.6,164,20,6,8
2026-08-02 21:00:00+00:00,30.8,79.0,8.2,48.3,50.8,53.4,57.0,2174.0,13.4,142,21,6,8
2026-08-02 22:00:00+00:00,29.9,83.0,8.4,47.5,49.7,47.1,54.0,1580.0,12.8,124,22,6,8
2026-08-02 23:00:00+00:00,29.9,82.0,6.7,45.9,48.0,40.2,55.0,1088.0,12.0,123,23,6,8
2026-08-03 00:00:00+00:00,29.3,82.0,4.5,43.3,45.1,33.7,58.0,871.0,10.9,122,0,0,8
2026-08-03 01:00:00+00:00,29.0,84.0,5.6,40.5,42.0,26.6,63.0,756.0,9.5,120,1,0,8
2026-08-03 02:00:00+00:00,28.8,87.0,5.8,38.3,39.5,21.6,66.0,672.0,8.6,119,2,0,8
2026-08-03 03:00:00+00:00,28.7,88.0,6.0,36.8,37.6,20.3,62.0,587.0,8.3,117,3,0,8
2026-08-03 04:00:00+00:00,28.3,90.0,3.1,36.8,37.4,21.0,56.0,533.0,8.4,115,4,0,8
2026-08-03 05:00:00+00:00,29.3,86.0,5.5,25.1,25.4,15.1,75.0,539.0,6.4,113,5,0,8
2026-08-03 06:00:00+00:00,29.1,87.0,4.6,24.4,24.7,16.1,79.0,669.0,7.3,111,6,0,8
2026-08-03 07:00:00+00:00,29.0,87.0,9.4,23.1,23.5,17.4,85.0,858.0,8.6,108,7,0,8
2026-08-03 08:00:00+00:00,30.3,80.0,5.2,22.9,23.3,17.4,96.0,949.0,9.5,106,8,0,8
2026-08-03 09:00:00+00:00,32.1,72.0,6.3,23.0,23.3,14.8,117.0,828.0,9.8,104,9,0,8
2026-08-03 10:00:00+00:00,33.3,68.0,5.6,23.6,24.0,10.9,142.0,608.0,9.8,102,10,0,8
2026-08-03 11:00:00+00:00,35.2,55.0,4.7,25.0,25.5,7.7,163.0,465.0,9.6,100,11,0,8
2026-08-03 12:00:00+00:00,35.2,57.0,4.9,25.9,26.4,5.9,174.0,485.0,9.0,99,12,0,8
2026-08-03 13:00:00+00:00,33.0,69.0,7.9,25.2,25.7,4.9,180.0,582.0,8.1,98,13,0,8
2026-08-03 14:00:00+00:00,34.5,63.0,7.6,25.4,26.0,4.9,183.0,674.0,7.7,97,14,0,8
2026-08-03 15:00:00+00:00,33.9,64.0,7.0,26.0,26.6,4.8,186.0,708.0,7.9,109,15,0,8
2026-08-03 16:00:00+00:00,31.3,76.0,5.6,26.2,26.8,5.6,186.0,737.0,8.6,130,16,0,8
2026-08-03 17:00:00+00:00,29.2,80.0,4.0,41.2,42.1,17.3,195.0,841.0,11.3,150,17,0,8
2026-08-03 18:00:00+00:00,28.9,81.0,4.4,42.5,43.5,20.9,173.0,1107.0,10.9,162,18,0,8
2026-08-03 19:00:00+00:00,28.4,83.0,5.4,45.1,46.1,25.9,141.0,1448.0,10.4,167,19,0,8
2026-08-03 20:00:00+00:00,28.1,85.0,4.1,42.7,43.5,30.4,115.0,1680.0,10.2,164,20,0,8
2026-08-03 21:00:00+00:00,27.9,87.0,3.1,41.9,42.5,34.5,99.0,1722.0,10.9,154,21,0,8
2026-08-03 22:00:00+00:00,27.7,89.0,3.2,44.4,44.8,38.1,87.0,1656.0,12.1,138,22,0,8
2026-08-03 23:00:00+00:00,27.9,91.0,5.3,46.2,46.4,39.1,79.0,1542.0,12.5,118,23,0,8
2026-08-04 00:00:00+00:00,27.6,91.0,5.9,44.2,44.4,35.3,74.0,1380.0,11.5,96,0,1,8
2026-08-04 01:00:00+00:00,27.5,91.0,5.8,43.7,43.7,28.9,71.0,1170.0,9.9,96,1,1,8
2026-08-04 02:00:00+00:00,27.4,92.0,3.9,43.7,43.8,23.7,69.0,979.0,8.5,96,2,1,8
2026-08-04 03:00:00+00:00,27.2,93.0,2.9,43.7,43.8,21.2,67.0,800.0,7.8,96,3,1,8
2026-08-04 04:00:00+00:00,26.9,95.0,3.4,44.0,44.4,19.9,65.0,639.0,7.4,97,4,1,8
2026-08-04 05:00:00+00:00,27.6,95.0,2.5,44.9,45.2,19.4,84.0,579.0,17.5,97,5,1,8
2026-08-04 06:00:00+00:00,27.4,95.0,2.7,51.1,51.3,21.4,83.0,714.0,16.8,99,6,1,8
2026-08-04 07:00:00+00:00,28.0,92.0,1.7,56.1,56.3,24.1,83.0,951.0,15.9,101,7,1,8
2026-08-04 08:00:00+00:00,29.2,86.0,2.3,51.6,51.9,24.7,92.0,1091.0,15.7,105,8,1,8
2026-08-04 09:00:00+00:00,30.1,82.0,5.9,48.1,48.9,21.5,119.0,1024.0,16.8,108,9,1,8
2026-08-04 10:00:00+00:00,31.0,77.0,4.1,47.5,48.9,16.3,156.0,860.0,18.5,110,10,1,8
2026-08-04 11:00:00+00:00,32.0,70.0,0.9,48.4,50.2,12.2,186.0,739.0,19.6,113,11,1,8
2026-08-04 12:00:00+00:00,32.5,71.0,1.4,50.1,51.9,10.2,204.0,714.0,19.4,115,12,1,8
2026-08-04 13:00:00+00:00,33.0,69.0,0.9,48.9,50.8,9.2,215.0,731.0,18.6,118,13,1,8
2026-08-04 14:00:00+00:00,33.0,69.0,0.6,46.7,48.3,9.8,217.0,763.0,17.6,120,14,1,8
2026-08-04 15:00:00+00:00,33.3,68.0,1.1,42.5,44.1,10.8,210.0,769.0,16.2,137,15,1,8
2026-08-04 16:00:00+00:00,32.8,71.0,3.7,39.0,40.6,13.2,195.0,789.0,14.5,161,16,1,8
2026-08-04 17:00:00+00:00,30.4,81.0,1.5,49.2,52.3,11.9,273.0,919.0,21.7,177,17,1,8
2026-08-04 18:00:00+00:00,30.7,80.0,2.7,49.8,53.4,33.2,217.0,1282.0,21.2,201,18,1,8
2026-08-04 19:00:00+00:00,30.2,85.0,2.2,63.1,65.9,62.3,140.0,1754.0,20.5,205,19,1,8
2026-08-04 20:00:00+00:00,29.8,88.0,3.1,71.9,74.3,83.0,81.0,2060.0,20.2,202,20,1,8
2026-08-04 21:00:00+00:00,29.4,89.0,3.7,73.6,75.7,87.3,58.0,2064.0,20.6,184,21,1,8
2026-08-04 22:00:00+00:00,28.9,91.0,4.1,79.2,81.3,83.2,53.0,1902.0,21.3,159,22,1,8
2026-08-04 23:00:00+00:00,30.5,83.0,6.5,85.2,87.1,77.9,50.0,1703.0,21.6,139,23,1,8
2026-08-05 00:00:00+00:00,30.0,82.0,0.4,87.5,89.4,74.1,43.0,1482.0,21.1,143,0,2,8
2026-08-05 01:00:00+00:00,27.1,92.0,8.9,89.4,91.3,69.2,39.0,1225.0,20.2,148,1,2,8
2026-08-05 02:00:00+00:00,26.9,93.0,5.2,88.5,90.3,62.1,40.0,1017.0,18.9,151,2,2,8
2026-08-05 03:00:00+00:00,26.5,96.0,5.7,80.8,82.9,50.6,50.0,874.0,17.0,152,3,2,8
2026-08-05 04:00:00+00:00,26.3,97.0,7.2,66.4,68.7,36.9,65.0,781.0,14.8,153,4,2,8
2026-08-05 05:00:00+00:00,28.3,89.0,4.2,52.5,53.8,25.9,76.0,776.0,15.4,154,5,2,8
2026-08-05 06:00:00+00:00,27.8,92.0,3.2,54.0,55.2,25.6,81.0,944.0,15.6,154,6,2,8
2026-08-05 07:00:00+00:00,28.6,88.0,4.4,49.8,51.0,25.1,89.0,1200.0,15.9,154,7,2,8
2026-08-05 08:00:00+00:00,29.6,83.0,4.8,43.9,45.6,23.2,103.0,1324.0,15.9,154,8,2,8
2026-08-05 09:00:00+00:00,30.9,77.0,3.4,40.7,43.3,18.8,127.0,1179.0,15.4,154,9,2,8
2026-08-05 10:00:00+00:00,32.0,71.0,3.9,43.7,49.0,13.2,157.0,902.0,14.5,153,10,2,8
2026-08-05 11:00:00+00:00,33.5,59.0,3.1,50.1,58.4,9.0,180.0,690.0,13.9,153,11,2,8
2026-08-05 12:00:00+00:00,34.0,59.0,2.7,49.1,58.1,7.5,192.0,624.0,13.6,153,12,2,8
2026-08-05 13:00:00+00:00,34.4,56.0,2.4,49.1,58.0,7.5,198.0,623.0,13.6,153,13,2,8
2026-08-05 14:00:00+00:00,34.6,56.0,2.8,49.0,58.8,8.3,200.0,642.0,13.7,153,14,2,8
2026-08-05 15:00:00+00:00,34.6,58.0,3.4,47.3,55.9,8.4,202.0,635.0,14.0,153,15,2,8
2026-08-05 16:00:00+00:00,34.3,59.0,3.9,46.4,54.1,9.2,201.0,646.0,14.4,154,16,2,8
2026-08-05 17:00:00+00:00,33.2,69.0,5.2,64.3,79.2,12.5,223.0,767.0,16.4,170,17,2,8
2026-08-05 18:00:00+00:00,32.4,76.0,5.6,68.5,79.9,37.4,174.0,1130.0,17.6,185,18,2,8
2026-08-05 19:00:00+00:00,31.2,81.0,5.8,77.3,89.2,71.1,107.0,1602.0,19.2,188,19,2,8
2026-08-05 20:00:00+00:00,30.5,82.0,5.5,84.3,95.0,91.7,59.0,1871.0,19.9,176,20,2,8
2026-08-05 21:00:00+00:00,30.2,79.0,7.6,83.6,93.6,87.3,47.0,1761.0,19.0,156,21,2,8
2026-08-05 22:00:00+00:00,29.7,80.0,6.2,78.0,87.1,69.7,55.0,1449.0,17.2,156,22,2,8
2026-08-05 23:00:00+00:00,30.4,83.0,7.1,65.9,72.4,52.9,64.0,1146.0,15.2,156,23,2,8
2026-08-06 00:00:00+00:00,29.8,85.0,7.8,59.4,62.4,40.8,71.0,900.0,13.2,155,0,3,8
2026-08-06 01:00:00+00:00,24.3,96.0,14.5,57.7,59.1,29.3,81.0,664.0,11.0,154,1,3,8
2026-08-06 02:00:00+00:00,24.7,97.0,6.2,56.5,59.8,20.6,89.0,512.0,9.3,154,2,3,8
2026-08-06 03:00:00+00:00,24.5,95.0,9.2,55.8,59.6,15.5,94.0,496.0,8.4,153,3,3,8
2026-08-06 04:00:00+00:00,24.9,96.0,7.7,55.2,61.0,13.2,97.0,564.0,8.0,152,4,3,8
2026-08-06 05:00:00+00:00,26.2,90.0,8.3,55.4,58.4,15.5,85.0,638.0,9.1,151,5,3,8
2026-08-06 06:00:00+00:00,26.6,90.0,4.8,54.7,58.2,17.4,87.0,713.0,9.7,152,6,3,8
2026-08-06 07:00:00+00:00,27.4,89.0,4.6,54.6,59.4,19.8,90.0,794.0,10.5,152,7,3,8
2026-08-06 08:00:00+00:00,29.1,82.0,7.1,53.8,63.3,20.2,101.0,816.0,11.4,152,8,3,8
2026-08-06 09:00:00+00:00,30.6,75.0,8.3,52.5,73.1,16.6,127.0,724.0,12.6,152,9,3,8
2026-08-06 10:00:00+00:00,32.0,72.0,10.0,51.9,87.1,11.1,160.0,573.0,13.9,152,10,3,8
2026-08-06 11:00:00+00:00,32.1,68.0,10.2,54.0,106.6,6.8,185.0,468.0,14.6,153,11,3,8
2026-08-06 12:00:00+00:00,33.1,64.0,6.5,58.0,124.8,5.1,194.0,452.0,14.3,153,12,3,8
2026-08-06 13:00:00+00:00,33.8,61.0,4.7,61.0,135.0,4.7,195.0,482.0,13.5,153,13,3,8
2026-08-06 14:00:00+00:00,34.3,60.0,4.2,62.4,143.4,5.3,193.0,532.0,12.9,153,14,3,8
2026-08-06 15:00:00+00:00,34.3,60.0,3.6,61.2,136.4,6.7,192.0,557.0,12.8,154,15,3,8
2026-08-06 16:00:00+00:00,34.1,60.0,5.9,58.1,125.3,9.1,188.0,602.0,12.9,154,16,3,8
2026-08-06 17:00:00+00:00,33.5,58.0,5.5,57.6,133.6,13.9,176.0,781.0,14.4,166,17,3,8
2026-08-06 18:00:00+00:00,32.3,68.0,6.0,67.1,129.9,24.4,149.0,1269.0,13.9,174,18,3,8
2026-08-06 19:00:00+00:00,30.9,73.0,7.2,68.5,114.6,38.5,113.0,1890.0,13.3,172,19,3,8
2026-08-06 20:00:00+00:00,30.2,75.0,7.7,53.9,84.3,47.2,84.0,2237.0,12.7,161,20,3,8
2026-08-06 21:00:00+00:00,29.7,78.0,10.5,47.4,63.1,45.1,72.0,2058.0,12.2,153,21,3,8
2026-08-06 22:00:00+00:00,29.1,81.0,11.4,45.5,54.2,37.5,69.0,1604.0,11.7,152,22,3,8
2026-08-06 23:00:00+00:00,29.0,85.0,9.9,46.1,51.1,31.2,66.0,1218.0,11.6,151,23,3,8
2026-08-07 00:00:00+00:00,28.3,89.0,9.4,47.7,51.1,28.8,60.0,1034.0,12.0,150,0,4,8
2026-08-07 01:00:00+00:00,28.0,91.0,8.9,49.6,52.7,27.7,55.0,918.0,12.8,150,1,4,8
2026-08-07 02:00:00+00:00,27.7,92.0,6.9,51.0,54.4,26.9,50.0,817.0,13.4,150,2,4,8
2026-08-07 03:00:00+00:00,27.3,94.0,6.1,51.7,55.2,26.1,46.0,689.0,13.7,149,3,4,8
2026-08-07 04:00:00+00:00,26.7,95.0,5.5,51.6,56.5,25.6,43.0,575.0,13.9,149,4,4,8
2026-08-07 05:00:00+00:00,23.9,96.0,11.1,43.5,53.7,19.6,66.0,549.0,12.3,148,5,4,8
2026-08-07 06:00:00+00:00,24.8,94.0,9.1,36.3,44.8,19.0,69.0,700.0,11.4,147,6,4,8
2026-08-07 07:00:00+00:00,25.6,91.0,5.5,26.3,34.2,18.0,74.0,938.0,10.2,145,7,4,8
2026-08-07 08:00:00+00:00,27.1,85.0,8.9,18.6,23.3,16.4,87.0,1072.0,9.5,142,8,4,8
2026-08-07 09:00:00+00:00,28.9,76.0,10.2,18.4,23.2,13.6,115.0,986.0,10.0,138,9,4,8
2026-08-07 10:00:00+00:00,30.2,73.0,9.6,20.7,25.8,10.2,151.0,796.0,11.2,135,10,4,8
2026-08-07 11:00:00+00:00,31.4,67.0,7.6,22.6,28.9,7.6,181.0,656.0,11.9,132,11,4,8
2026-08-07 12:00:00+00:00,32.4,64.0,7.0,24.0,31.4,6.1,198.0,630.0,11.8,128,12,4,8
2026-08-07 13:00:00+00:00,32.7,62.0,4.9,25.1,35.5,5.4,209.0,655.0,11.3,125,13,4,8
2026-08-07 14:00:00+00:00,33.4,59.0,3.8,26.9,39.9,5.6,214.0,693.0,11.0,121,14,4,8
2026-08-07 15:00:00+00:00,33.6,57.0,3.6,27.7,41.2,3.4,218.0,702.0,10.6,128,15,4,8
2026-08-07 16:00:00+00:00,33.6,57.0,5.2,28.5,41.4,2.3,216.0,725.0,10.4,156,16,4,8
2026-08-07 17:00:00+00:00,32.0,60.0,9.4,28.0,40.6,12.1,186.0,856.0,10.2,177,17,4,8
2026-08-07 18:00:00+00:00,31.0,65.0,8.9,38.0,47.0,38.6,143.0,1227.0,12.1,188,18,4,8
2026-08-07 19:00:00+00:00,30.0,73.0,3.8,50.8,57.9,74.7,82.0,1705.0,14.6,187,19,4,8
2026-08-07 20:00:00+00:00,29.8,75.0,2.5,63.6,68.9,99.1,37.0,1988.0,16.3,171,20,4,8
2026-08-07 21:00:00+00:00,29.0,81.0,3.1,68.9,72.6,101.0,20.0,1909.0,16.3,144,21,4,8
2026-08-07 22:00:00+00:00,28.6,83.0,3.1,67.8,69.6,91.1,19.0,1634.0,15.3,106,22,4,8
2026-08-07 23:00:00+00:00,29.3,83.0,3.1,66.1,66.8,80.6,19.0,1364.0,14.4,108,23,4,8
2026-08-08 00:00:00+00:00,28.5,85.0,3.8,64.5,64.7,72.4,19.0,1151.0,13.7,111,0,5,8
2026-08-08 01:00:00+00:00,28.1,86.0,3.7,64.7,65.0,63.6,21.0,943.0,13.1,112,1,5,8
2026-08-08 02:00:00+00:00,27.9,87.0,2.1,66.6,67.5,56.2,23.0,782.0,12.7,114,2,5,8
2026-08-08 03:00:00+00:00,27.5,89.0,1.7,67.5,69.8,51.5,22.0,676.0,12.8,116,3,5,8
2026-08-08 04:00:00+00:00,27.2,91.0,1.5,68.2,72.4,48.3,20.0,618.0,13.1,117,4,5,8
2026-08-08 05:00:00+00:00,28.0,84.0,5.4,56.0,56.7,36.9,35.0,624.0,12.3,119,5,5,8
2026-08-08 06:00:00+00:00,27.7,87.0,7.2,58.9,59.8,32.3,49.0,760.0,11.9,120,6,5,8
2026-08-08 07:00:00+00:00,27.8,90.0,7.2,50.1,51.3,25.8,68.0,961.0,11.2,123,7,5,8
2026-08-08 08:00:00+00:00,25.6,94.0,11.8,38.0,39.2,19.9,88.0,1045.0,10.4,125,8,5,8
2026-08-08 09:00:00+00:00,27.8,89.0,4.0,32.0,32.9,15.0,109.0,889.0,9.3,127,9,5,8
2026-08-08 10:00:00+00:00,30.3,78.0,8.5,29.8,30.6,10.7,130.0,616.0,8.0,128,10,5,8
2026-08-08 11:00:00+00:00,29.9,71.0,11.3,27.5,28.1,8.1,142.0,416.0,7.0,129,11,5,8
2026-08-08 12:00:00+00:00,29.8,72.0,10.5,24.9,25.4,7.8,138.0,370.0,6.5,130,12,5,8
2026-08-08 13:00:00+00:00,29.5,72.0,10.4,22.5,22.9,9.1,124.0,396.0,6.3,130,13,5,8
2026-08-08 14:00:00+00:00,28.6,73.0,7.5,21.2,21.8,11.3,110.0,446.0,6.1,130,14,5,8
2026-08-08 15:00:00+00:00,28.0,78.0,7.0,19.9,20.2,13.6,98.0,504.0,5.8,129,15,5,8
2026-08-08 16:00:00+00:00,27.0,86.0,5.9,19.2,19.4,16.8,85.0,585.0,5.6,128,16,5,8
2026-08-08 17:00:00+00:00,30.0,70.0,4.1,41.4,41.4,19.3,81.0,682.0,6.3,127,17,5,8
2026-08-08 18:00:00+00:00,29.3,75.0,5.5,41.8,41.9,26.7,68.0,810.0,6.7,129,18,5,8
2026-08-08 19:00:00+00:00,28.4,80.0,5.2,43.9,43.9,37.0,49.0,954.0,7.2,129,19,5,8
2026-08-08 20:00:00+00:00,27.9,84.0,4.8,45.1,45.2,44.9,34.0,1060.0,7.8,128,20,5,8
2026-08-08 21:00:00+00:00,27.5,87.0,5.2,46.3,46.6,48.1,26.0,1101.0,8.4,127,21,5,8
2026-08-08 22:00:00+00:00,27.3,89.0,3.7,49.8,49.9,49.0,21.0,1103.0,9.0,124,22,5,8
2026-08-08 23:00:00+00:00,27.9,87.0,4.8,53.2,53.3,49.4,18.0,1091.0,9.4,122,23,5,8
2026-08-09 00:00:00+00:00,27.5,89.0,2.2,54.7,54.8,50.2,14.0,1069.0,9.6,121,0,6,8
2026-08-09 01:00:00+00:00,27.5,89.0,2.5,55.8,55.9,50.5,11.0,1033.0,9.6,120,1,6,8
2026-08-09 02:00:00+00:00,27.4,90.0,1.4,57.5,57.6,49.0,12.0,999.0,9.4,119,2,6,8
2026-08-09 03:00:00+00:00,27.3,91.0,1.3,58.4,58.6,44.6,19.0,968.0,8.9,118,3,6,8
2026-08-09 04:00:00+00:00,27.1,92.0,3.0,54.4,54.7,38.5,29.0,939.0,8.1,117,4,6,8
2026-08-09 05:00:00+00:00,27.5,92.0,3.8,49.8,49.9,36.7,27.0,917.0,10.3,116,5,6,8
2026-08-09 06:00:00+00:00,27.3,93.0,4.0,56.0,56.2,34.0,38.0,914.0,11.3,115,6,6,8
2026-08-09 07:00:00+00:00,28.4,86.0,4.1,51.1,51.5,30.0,54.0,919.0,12.6,115,7,6,8
2026-08-09 08:00:00+00:00,29.5,78.0,4.5,45.3,45.8,25.2,76.0,901.0,13.6,115,8,6,8
2026-08-09 09:00:00+00:00,30.1,76.0,4.0,38.6,39.3,19.0,109.0,839.0,13.8,116,9,6,8
2026-08-09 10:00:00+00:00,30.8,74.0,2.6,35.7,36.2,12.0,147.0,754.0,13.7,116,10,6,8
2026-08-09 11:00:00+00:00,30.9,67.0,0.5,33.9,34.6,6.8,179.0,680.0,13.6,117,11,6,8
2026-08-09 12:00:00+00:00,30.2,72.0,3.0,32.8,33.9,4.6,200.0,621.0,13.8,118,12,6,8
2026-08-09 13:00:00+00:00,30.3,73.0,5.5,32.7,34.0,4.1,215.0,573.0,14.1,118,13,6,8
2026-08-09 14:00:00+00:00,30.1,74.0,5.4,34.3,35.6,4.5,223.0,555.0,14.5,119,14,6,8
2026-08-09 15:00:00+00:00,31.0,72.0,5.6,34.7,36.1,2.9,227.0,564.0,14.6,122,15,6,8
2026-08-09 16:00:00+00:00,31.4,71.0,5.0,33.9,35.3,2.1,225.0,602.0,14.8,157,16,6,8
2026-08-09 17:00:00+00:00,31.4,70.0,6.2,28.7,29.6,9.7,191.0,702.0,12.9,181,17,6,8
2026-08-09 18:00:00+00:00,31.0,72.0,3.1,31.4,32.2,37.4,152.0,905.0,15.7,194,18,6,8
2026-08-09 19:00:00+00:00,30.4,77.0,1.4,50.6,51.3,75.9,99.0,1168.0,19.7,195,19,6,8
2026-08-09 20:00:00+00:00,29.8,81.0,2.3,69.2,69.8,106.4,56.0,1398.0,23.7,182,20,6,8
2026-08-09 21:00:00+00:00,29.4,85.0,1.7,90.3,91.0,121.9,35.0,1592.0,28.2,159,21,6,8
2026-08-09 22:00:00+00:00,29.0,88.0,1.8,110.4,111.1,129.4,25.0,1752.0,32.6,129,22,6,8
2026-08-09 23:00:00+00:00,29.3,85.0,2.8,125.7,126.7,131.1,19.0,1787.0,34.7,136,23,6,8
2026-08-10 00:00:00+00:00,28.5,88.0,3.3,131.3,131.8,125.9,16.0,1604.0,32.4,143,0,0,8
2026-08-10 01:00:00+00:00,28.2,88.0,3.5,121.5,122.0,114.8,16.0,1297.0,27.8,150,1,0,8
2026-08-10 02:00:00+00:00,28.0,88.0,3.2,110.6,111.1,103.6,18.0,1050.0,24.1,152,2,0,8
2026-08-10 03:00:00+00:00,27.8,89.0,3.6,105.5,105.9,94.1,18.0,932.0,22.9,154,3,0,8
2026-08-10 04:00:00+00:00,27.6,90.0,3.1,106.6,107.3,84.3,19.0,875.0,22.7,155,4,0,8
2026-08-10 05:00:00+00:00,28.4,88.0,3.1,129.9,130.9,116.1,19.0,864.0,35.1,157,5,0,8
2026-08-10 06:00:00+00:00,28.3,89.0,3.1,133.6,134.1,91.4,54.0,929.0,34.1,159,6,0,8
2026-08-10 07:00:00+00:00,28.8,86.0,0.8,102.0,102.4,57.1,103.0,1040.0,32.6,161,7,0,8
2026-08-10 08:00:00+00:00,30.0,81.0,1.4,56.9,57.5,29.9,147.0,1091.0,30.4,163,8,0,8
2026-08-10 09:00:00+00:00,31.1,74.0,3.9,46.7,47.4,17.0,180.0,1019.0,26.8,163,9,0,8
2026-08-10 10:00:00+00:00,32.0,70.0,5.3,46.1,46.9,11.3,208.0,887.0,22.4,164,10,0,8
2026-08-10 11:00:00+00:00,33.1,66.0,4.5,46.4,47.4,7.8,233.0,773.0,19.2,164,11,0,8
2026-08-10 12:00:00+00:00,33.8,63.0,4.5,46.7,47.6,5.3,256.0,698.0,18.0,164,12,0,8
2026-08-10 13:00:00+00:00,34.3,62.0,4.4,46.8,47.7,5.1,276.0,642.0,17.9,165,13,0,8
2026-08-10 14:00:00+00:00,34.4,62.0,4.7,47.8,48.8,5.9,287.0,625.0,18.0,170,14,0,8
2026-08-10 15:00:00+00:00,34.5,63.0,4.0,48.7,49.7,3.8,293.0,640.0,17.9,203,15,0,8
2026-08-10 16:00:00+00:00,34.3,64.0,2.6,48.3,49.4,2.8,291.0,694.0,18.1,216,16,0,8
2026-08-10 17:00:00+00:00,33.8,61.0,5.5,61.7,64.3,15.4,233.0,825.0,17.0,225,17,0,8
2026-08-10 18:00:00+00:00,32.8,70.0,6.5,68.7,70.3,27.8,192.0,1127.0,17.3,229,18,0,8
2026-08-10 19:00:00+00:00,31.6,76.0,7.1,74.7,76.1,44.7,136.0,1507.0,17.6,228,19,0,8
2026-08-10 20:00:00+00:00,31.1,77.0,6.2,71.7,72.6,55.2,94.0,1725.0,17.8,221,20,0,8
2026-08-10 21:00:00+00:00,30.7,78.0,5.9,66.1,67.1,53.5,78.0,1641.0,17.6,210,21,0,8
2026-08-10 22:00:00+00:00,30.1,81.0,4.2,62.2,62.6,45.4,76.0,1394.0,17.2,193,22,0,8
2026-08-10 23:00:00+00:00,30.2,82.0,8.0,60.3,60.8,37.5,77.0,1166.0,16.7,167,23,0,8
2026-08-11 00:00:00+00:00,29.5,86.0,8.3,57.3,57.5,31.3,79.0,1019.0,16.2,165,0,1,8
2026-08-11 01:00:00+00:00,29.0,90.0,6.0,56.3,56.5,25.3,83.0,890.0,15.6,163,1,1,8
2026-08-11 02:00:00+00:00,28.7,92.0,7.8,56.7,57.0,21.0,85.0,769.0,15.2,161,2,1,8
2026-08-11 03:00:00+00:00,28.4,94.0,7.3,57.9,58.7,19.6,80.0,626.0,14.9,159,3,1,8
2026-08-11 04:00:00+00:00,28.3,94.0,6.4,60.3,61.9,19.9,71.0,491.0,14.8,158,4,1,8
2026-08-11 05:00:00+00:00,27.4,91.0,7.7,57.5,60.1,18.3,76.0,449.0,18.0,157,5,1,8
2026-08-11 06:00:00+00:00,27.3,92.0,9.5,58.4,60.8,19.9,74.0,589.0,17.9,154,6,1,8
2026-08-11 07:00:00+00:00,27.8,90.0,6.8,55.2,58.6,21.9,73.0,822.0,17.7,152,7,1,8
2026-08-11 08:00:00+00:00,28.8,87.0,7.7,52.0,56.1,22.0,85.0,962.0,17.4,151,8,1,8
2026-08-11 09:00:00+00:00,30.5,80.0,8.0,45.3,49.8,18.1,122.0,905.0,17.2,151,9,1,8
2026-08-11 10:00:00+00:00,32.1,75.0,7.7,43.0,47.5,12.3,171.0,756.0,16.9,151,10,1,8
2026-08-11 11:00:00+00:00,33.0,71.0,5.4,42.6,46.8,8.0,207.0,644.0,16.2,151,11,1,8
2026-08-11 12:00:00+00:00,32.5,71.0,7.3,41.0,44.5,6.6,217.0,621.0,14.6,150,12,1,8
2026-08-11 13:00:00+00:00,33.3,66.0,5.1,39.1,42.4,6.7,215.0,635.0,12.6,150,13,1,8
2026-08-11 14:00:00+00:00,33.2,64.0,8.3,37.7,40.5,7.5,209.0,665.0,11.2,150,14,1,8
2026-08-11 15:00:00+00:00,32.6,71.0,8.8,34.2,36.4,7.8,207.0,715.0,10.8,149,15,1,8
2026-08-11 16:00:00+00:00,32.3,75.0,8.5,32.8,34.6,8.7,202.0,781.0,11.0,166,16,1,8
2026-08-11 17:00:00+00:00,32.4,72.0,6.9,57.7,61.5,18.7,176.0,831.0,10.8,185,17,1,8
2026-08-11 18:00:00+00:00,29.9,84.0,9.6,60.1,62.6,24.7,152.0,848.0,11.2,193,18,1,8
2026-08-11 19:00:00+00:00,29.1,87.0,8.9,60.5,62.4,32.9,119.0,850.0,11.8,190,19,1,8
2026-08-11 20:00:00+00:00,29.0,87.0,8.6,59.1,60.5,38.1,94.0,858.0,12.4,176,20,1,8
2026-08-11 21:00:00+00:00,28.8,88.0,6.2,57.5,58.4,37.4,84.0,893.0,13.0,157,21,1,8
2026-08-11 22:00:00+00:00,28.6,90.0,6.0,56.9,57.6,33.7,81.0,935.0,13.6,141,22,1,8
2026-08-11 23:00:00+00:00,28.8,91.0,7.7,56.7,57.3,30.2,79.0,945.0,14.1,140,23,1,8
2026-08-12 00:00:00+00:00,28.2,93.0,7.5,56.6,56.9,27.7,75.0,892.0,14.3,140,0,2,8
2026-08-12 01:00:00+00:00,28.0,94.0,7.2,57.4,57.6,25.5,71.0,807.0,14.4,140,1,2,8
2026-08-12 02:00:00+00:00,27.8,94.0,6.5,58.7,58.8,24.1,66.0,742.0,14.5,140,2,2,8
2026-08-12 03:00:00+00:00,27.5,95.0,7.7,60.3,60.5,24.1,58.0,707.0,14.7,140,3,2,8
2026-08-12 04:00:00+00:00,27.3,95.0,7.7,62.4,62.6,24.9,50.0,692.0,15.0,140,4,2,8
2026-08-12 05:00:00+00:00,27.9,94.0,5.5,61.9,61.9,21.7,62.0,717.0,14.8,141,5,2,8
2026-08-12 06:00:00+00:00,27.7,95.0,5.0,65.4,65.7,22.4,68.0,826.0,16.1,141,6,2,8
2026-08-12 07:00:00+00:00,28.5,91.0,5.9,65.2,65.4,23.1,79.0,976.0,17.8,142,7,2,8
2026-08-12 08:00:00+00:00,29.7,84.0,5.5,57.5,57.9,22.1,96.0,1052.0,18.6,143,8,2,8
2026-08-12 09:00:00+00:00,31.0,77.0,4.8,52.3,53.0,17.9,127.0,983.0,17.8,144,9,2,8
2026-08-12 10:00:00+00:00,32.1,71.0,5.0,50.3,51.2,12.0,166.0,841.0,16.2,144,10,2,8
2026-08-12 11:00:00+00:00,33.1,68.0,4.8,50.4,51.3,7.5,196.0,731.0,14.6,145,11,2,8
2026-08-12 12:00:00+00:00,33.9,63.0,4.8,47.4,48.4,5.6,210.0,693.0,13.3,146,12,2,8
2026-08-12 13:00:00+00:00,34.5,61.0,4.1,46.9,48.3,5.2,215.0,686.0,12.0,146,13,2,8
2026-08-12 14:00:00+00:00,34.8,59.0,4.6,48.1,50.4,6.0,218.0,692.0,11.5,147,14,2,8
2026-08-12 15:00:00+00:00,35.2,57.0,3.3,48.9,52.2,4.2,225.0,660.0,11.9,148,15,2,8
2026-08-12 16:00:00+00:00,35.3,56.0,2.7,49.5,53.3,3.6,229.0,640.0,13.0,169,16,2,8
2026-08-12 17:00:00+00:00,35.0,57.0,4.1,57.2,61.9,14.7,206.0,763.0,15.7,190,17,2,8
2026-08-12 18:00:00+00:00,34.0,66.0,3.3,64.0,68.5,46.4,159.0,1126.0,18.3,201,18,2,8
2026-08-12 19:00:00+00:00,32.5,74.0,3.6,83.4,87.5,90.3,94.0,1633.0,22.1,201,19,2,8
2026-08-12 20:00:00+00:00,31.6,78.0,4.3,101.0,105.2,123.9,44.0,2126.0,25.6,186,20,2,8
2026-08-12 21:00:00+00:00,31.1,80.0,3.8,121.1,125.7,137.8,22.0,2678.0,28.8,159,21,2,8
2026-08-12 22:00:00+00:00,30.8,80.0,3.8,138.8,143.0,141.4,14.0,3217.0,31.7,154,22,2,8
2026-08-12 23:00:00+00:00,31.1,78.0,4.4,142.5,146.7,140.4,12.0,3370.0,33.3,157,23,2,8
2026-08-13 00:00:00+00:00,30.6,80.0,3.9,144.4,148.5,134.1,14.0,2819.0,32.5,159,0,3,8
2026-08-13 01:00:00+00:00,30.3,82.0,3.7,130.9,135.0,123.2,22.0,1881.0,30.4,162,1,3,8
2026-08-13 02:00:00+00:00,29.8,84.0,3.4,132.2,136.0,114.9,26.0,1137.0,28.5,164,2,3,8
2026-08-13 03:00:00+00:00,29.5,86.0,3.7,131.3,135.0,115.0,17.0,804.0,27.4,166,3,3,8
2026-08-13 04:00:00+00:00,29.2,87.0,3.0,136.9,140.2,117.8,5.0,665.0,26.6,168,4,3,8
2026-08-13 05:00:00+00:00,29.9,88.0,2.1,125.7,128.1,87.3,11.0,644.0,18.6,171,5,3,8
2026-08-13 06:00:00+00:00,29.7,87.0,1.7,133.6,136.0,73.8,43.0,791.0,20.1,173,6,3,8
2026-08-13 07:00:00+00:00,30.4,85.0,2.1,118.3,120.6,54.8,88.0,1056.0,22.1,175,7,3,8
2026-08-13 08:00:00+00:00,31.8,78.0,1.6,78.2,81.3,38.0,133.0,1213.0,23.5,176,8,3,8
2026-08-13 09:00:00+00:00,32.6,72.0,1.5,71.5,74.7,25.5,179.0,1143.0,23.9,177,9,3,8
2026-08-13 10:00:00+00:00,33.5,67.0,1.0,65.9,69.2,15.2,225.0,965.0,23.6,177,10,3,8
2026-08-13 11:00:00+00:00,34.3,63.0,0.9,62.9,66.1,8.1,258.0,806.0,23.0,178,11,3,8
2026-08-13 12:00:00+00:00,33.9,67.0,1.7,61.0,64.3,5.2,270.0,699.0,21.8,178,12,3,8
2026-08-13 13:00:00+00:00,34.8,63.0,3.3,60.1,63.6,5.5,269.0,611.0,20.3,179,13,3,8
2026-08-13 14:00:00+00:00,35.5,59.0,2.8,58.7,62.2,6.9,264.0,574.0,19.2,179,14,3,8
2026-08-13 15:00:00+00:00,35.7,59.0,1.9,56.8,60.3,5.2,263.0,577.0,18.6,203,15,3,8
2026-08-13 16:00:00+00:00,35.3,59.0,2.0,56.1,59.5,4.6,259.0,631.0,18.3,214,16,3,8
2026-08-13 17:00:00+00:00,34.1,64.0,1.5,60.5,63.6,15.9,235.0,803.0,18.3,223,17,3,8
2026-08-13 18:00:00+00:00,33.8,67.0,1.2,67.5,69.8,47.4,182.0,1249.0,20.4,227,18,3,8
2026-08-13 19:00:00+00:00,32.7,77.0,3.5,85.2,87.3,90.1,108.0,1813.0,23.2,224,19,3,8
2026-08-13 20:00:00+00:00,32.1,79.0,4.1,95.2,96.9,117.3,54.0,2098.0,25.0,214,20,3,8
2026-08-13 21:00:00+00:00,31.6,80.0,4.0,94.8,95.9,113.9,40.0,1845.0,24.8,198,21,3,8
2026-08-13 22:00:00+00:00,31.3,81.0,3.2,87.1,88.0,94.9,45.0,1313.0,23.4,179,22,3,8
2026-08-13 23:00:00+00:00,31.5,78.0,5.0,80.6,81.3,78.4,49.0,884.0,22.0,178,23,3,8
2026-08-14 00:00:00+00:00,30.9,81.0,2.9,77.5,78.0,71.6,43.0,714.0,20.7,176,0,4,8
2026-08-14 01:00:00+00:00,30.6,82.0,2.7,79.6,80.6,67.2,35.0,647.0,19.4,174,1,4,8
2026-08-14 02:00:00+00:00,30.1,83.0,3.7,85.0,86.6,61.7,32.0,598.0,17.9,172,2,4,8
2026-08-14 03:00:00+00:00,29.7,84.0,4.1,82.0,85.4,52.5,35.0,518.0,16.1,171,3,4,8
2026-08-14 04:00:00+00:00,27.8,88.0,5.9,76.8,81.5,42.1,42.0,456.0,14.3,169,4,4,8
2026-08-14 05:00:00+00:00,30.3,79.0,10.0,56.3,65.7,23.9,68.0,477.0,10.0,168,5,4,8
2026-08-14 06:00:00+00:00,28.9,86.0,7.1,56.8,62.2,25.3,70.0,666.0,11.2,165,6,4,8
2026-08-14 07:00:00+00:00,29.6,86.0,1.9,62.2,68.7,27.0,75.0,938.0,13.0,163,7,4,8
2026-08-14 08:00:00+00:00,31.0,79.0,0.7,57.4,71.9,26.5,90.0,1107.0,14.5,161,8,4,8
2026-08-14 09:00:00+00:00,32.3,73.0,2.7,52.7,70.5,21.6,125.0,1071.0,15.6,161,9,4,8
2026-08-14 10:00:00+00:00,33.3,69.0,3.9,55.1,75.4,14.5,170.0,932.0,16.4,160,10,4,8
2026-08-14 11:00:00+00:00,32.1,75.0,6.4,54.6,73.8,9.1,207.0,809.0,16.9,160,11,4,8
2026-08-14 12:00:00+00:00,28.2,90.0,3.5,54.8,72.6,7.0,229.0,734.0,16.7,160,12,4,8
2026-08-14 13:00:00+00:00,29.5,87.0,3.9,55.5,72.9,6.6,243.0,675.0,16.2,160,13,4,8
2026-08-14 14:00:00+00:00,31.3,80.0,1.3,56.2,74.5,7.5,247.0,661.0,15.7,159,14,4,8
2026-08-14 15:00:00+00:00,32.1,77.0,1.6,54.7,74.0,9.6,239.0,705.0,15.7,159,15,4,8
2026-08-14 16:00:00+00:00,32.7,73.0,3.5,54.1,73.3,12.9,222.0,794.0,15.9,185,16,4,8
2026-08-14 17:00:00+00:00,32.0,74.0,1.1,62.2,91.3,15.1,203.0,913.0,17.1,202,17,4,8
2026-08-14 18:00:00+00:00,31.7,75.0,1.2,69.4,94.1,22.6,177.0,1104.0,16.5,208,18,4,8
2026-08-14 19:00:00+00:00,30.7,83.0,3.2,72.4,91.0,32.9,142.0,1324.0,15.7,208,19,4,8
2026-08-14 20:00:00+00:00,30.2,86.0,5.7,62.6,75.2,40.0,112.0,1434.0,14.7,204,20,4,8
2026-08-14 21:00:00+00:00,29.2,91.0,8.5,58.3,67.3,41.0,95.0,1341.0,13.6,190,21,4,8
2026-08-14 22:00:00+00:00,28.4,93.0,8.6,58.4,65.9,38.8,83.0,1137.0,12.4,167,22,4,8
2026-08-14 23:00:00+00:00,29.3,92.0,6.3,56.3,63.8,35.6,75.0,955.0,11.2,156,23,4,8
2026-08-15 00:00:00+00:00,28.9,93.0,5.4,53.3,61.2,31.7,70.0,835.0,10.1,155,0,5,8
2026-08-15 01:00:00+00:00,28.7,92.0,4.2,50.9,59.1,27.0,68.0,737.0,9.0,155,1,5,8
2026-08-15 02:00:00+00:00,28.4,93.0,5.9,49.7,57.7,23.1,67.0,669.0,8.2,154,2,5,8
2026-08-15 03:00:00+00:00,28.0,94.0,6.8,48.2,56.8,20.7,66.0,617.0,7.9,153,3,5,8
2026-08-15 04:00:00+00:00,25.5,99.0,17.6,46.6,55.8,19.2,67.0,596.0,7.9,152,4,5,8
2026-08-15 05:00:00+00:00,26.9,93.0,3.2,39.2,51.2,18.7,67.0,659.0,9.8,151,5,5,8
2026-08-15 06:00:00+00:00,26.4,95.0,6.1,41.9,51.3,20.1,67.0,904.0,9.5,150,6,5,8
2026-08-15 07:00:00+00:00,27.2,93.0,3.6,40.2,47.8,21.8,68.0,1234.0,9.3,149,7,5,8
2026-08-15 08:00:00+00:00,28.8,87.0,3.9,31.5,39.9,21.6,77.0,1408.0,9.4,147,8,5,8
2026-08-15 09:00:00+00:00,30.3,81.0,5.6,29.4,42.4,17.5,102.0,1272.0,10.4,144,9,5,8
2026-08-15 10:00:00+00:00,31.5,77.0,6.1,30.7,48.5,11.5,136.0,981.0,11.8,142,10,5,8
2026-08-15 11:00:00+00:00,32.3,72.0,3.7,34.8,61.0,7.0,165.0,759.0,13.0,139,11,5,8
2026-08-15 12:00:00+00:00,32.9,71.0,3.2,38.1,73.8,5.4,186.0,704.0,13.9,137,12,5,8
2026-08-15 13:00:00+00:00,33.3,70.0,2.6,40.5,83.1,5.4,202.0,718.0,14.6,136,13,5,8
2026-08-15 14:00:00+00:00,33.5,69.0,2.4,42.3,83.8,6.4,211.0,737.0,15.1,134,14,5,8
2026-08-15 15:00:00+00:00,33.4,70.0,0.8,42.8,80.8,6.4,213.0,668.0,15.2,133,15,5,8
2026-08-15 16:00:00+00:00,33.3,70.0,1.5,43.8,78.0,7.4,207.0,604.0,15.2,141,16,5,8
2026-08-15 17:00:00+00:00,33.8,63.0,4.0,52.0,91.3,13.9,207.0,757.0,17.5,164,17,5,8
2026-08-15 18:00:00+00:00,32.7,72.0,3.7,61.7,93.4,48.1,157.0,1362.0,20.5,181,18,5,8
2026-08-15 19:00:00+00:00,31.6,78.0,2.9,83.1,109.9,94.3,89.0,2184.0,24.5,184,19,5,8
2026-08-15 20:00:00+00:00,31.0,80.0,2.3,105.0,133.6,121.6,43.0,2731.0,26.8,172,20,5,8
2026-08-15 21:00:00+00:00,30.1,85.0,4.8,99.7,127.1,112.3,41.0,2791.0,26.0,149,21,5,8
2026-08-15 22:00:00+00:00,29.5,88.0,5.6,84.5,107.3,84.2,60.0,2574.0,23.6,138,22,5,8
2026-08-15 23:00:00+00:00,30.0,87.0,7.0,74.3,94.1,59.8,76.0,2224.0,21.1,141,23,5,8
2026-08-16 00:00:00+00:00,28.3,90.0,7.4,69.4,86.6,47.4,78.0,1676.0,18.9,143,0,6,8
2026-08-16 01:00:00+00:00,27.1,96.0,11.1,66.1,81.7,38.6,76.0,994.0,16.7,145,1,6,8
2026-08-16 02:00:00+00:00,26.4,95.0,7.8,64.0,77.8,31.2,76.0,509.0,14.5,146,2,6,8
2026-08-16 03:00:00+00:00,24.2,99.0,7.0,54.5,66.1,24.0,81.0,387.0,12.2,148,3,6,8
2026-08-16 04:00:00+00:00,24.7,98.0,6.0,46.1,54.9,18.2,87.0,461.0,10.0,148,4,6,8
2026-08-16 05:00:00+00:00,26.0,92.0,6.5,56.9,68.9,22.6,81.0,568.0,13.0,148,5,6,8
2026-08-16 06:00:00+00:00,25.8,91.0,6.8,51.8,63.6,23.0,82.0,686.0,12.8,150,6,6,8
2026-08-16 07:00:00+00:00,26.8,90.0,3.1,53.3,64.0,23.4,84.0,837.0,12.6,150,7,6,8
2026-08-16 08:00:00+00:00,28.6,84.0,3.1,47.3,64.0,22.0,96.0,917.0,12.8,151,8,6,8
2026-08-16 09:00:00+00:00,30.5,76.0,4.5,46.4,69.2,17.3,129.0,869.0,14.0,151,9,6,8
2026-08-16 10:00:00+00:00,32.0,71.0,4.5,47.5,72.2,10.8,172.0,751.0,15.6,152,10,6,8
2026-08-16 11:00:00+00:00,33.0,68.0,5.4,45.1,69.6,5.9,202.0,636.0,16.4,152,11,6,8
2026-08-16 12:00:00+00:00,33.9,63.0,5.2,41.4,65.7,3.8,211.0,533.0,15.7,153,12,6,8
2026-08-16 13:00:00+00:00,34.2,62.0,5.2,39.5,65.0,3.3,207.0,434.0,14.3,153,13,6,8
2026-08-16 14:00:00+00:00,34.4,62.0,5.5,37.7,63.1,3.9,197.0,383.0,12.9,153,14,6,8
2026-08-16 15:00:00+00:00,34.3,63.0,4.9,36.2,64.3,4.5,182.0,347.0,11.5,152,15,6,8
2026-08-16 16:00:00+00:00,34.2,64.0,5.0,35.9,66.6,6.3,160.0,360.0,10.2,160,16,6,8
2026-08-16 17:00:00+00:00,32.6,73.0,8.1,34.5,65.0,10.0,130.0,570.0,9.2,170,17,6,8
2026-08-16 18:00:00+00:00,31.5,78.0,5.2,41.2,68.2,26.7,100.0,1239.0,10.6,170,18,6,8
2026-08-16 19:00:00+00:00,29.3,85.0,15.1,53.8,82.0,49.5,59.0,2106.0,12.6,159,19,6,8
2026-08-16 20:00:00+00:00,28.7,87.0,5.0,61.2,86.1,64.9,29.0,2535.0,13.9,150,20,6,8
2026-08-16 21:00:00+00:00,28.5,89.0,5.6,60.8,83.8,65.8,19.0,2105.0,14.0,145,21,6,8
2026-08-16 22:00:00+00:00,28.3,90.0,7.8,60.5,84.1,59.2,20.0,1236.0,13.5,141,22,6,8
2026-08-16 23:00:00+00:00,29.5,88.0,6.2,61.5,85.9,52.6,22.0,561.0,12.8,139,23,6,8
2026-08-17 00:00:00+00:00,29.1,90.0,6.4,61.2,87.3,48.6,21.0,344.0,12.0,138,0,0,8
2026-08-17 01:00:00+00:00,28.0,91.0,5.2,61.9,87.5,44.5,21.0,319.0,11.1,137,1,0,8
2026-08-17 02:00:00+00:00,25.1,96.0,14.1,58.8,83.6,39.6,26.0,321.0,10.1,136,2,0,8
2026-08-17 03:00:00+00:00,25.5,95.0,5.4,54.9,76.1,32.4,38.0,276.0,9.0,136,3,0,8
2026-08-17 04:00:00+00:00,25.8,94.0,0.4,43.8,56.6,24.3,54.0,257.0,7.9,136,4,0,8
2026-08-17 05:00:00+00:00,25.7,96.0,5.7,36.9,63.3,19.6,59.0,315.0,8.5,136,5,0,8
2026-08-17 06:00:00+00:00,25.8,92.0,5.2,38.3,57.2,22.5,56.0,537.0,9.0,133,6,0,8
2026-08-17 07:00:00+00:00,26.4,90.0,4.0,41.2,62.4,26.1,54.0,837.0,9.8,132,7,0,8
2026-08-17 08:00:00+00:00,27.5,86.0,5.9,44.9,74.5,26.8,64.0,1003.0,10.7,131,8,0,8
2026-08-17 09:00:00+00:00,29.4,79.0,5.0,46.6,93.1,21.6,98.0,907.0,11.9,131,9,0,8
2026-08-17 10:00:00+00:00,31.2,73.0,6.4,49.6,110.6,13.4,144.0,678.0,13.2,131,10,0,8
2026-08-17 11:00:00+00:00,32.7,66.0,4.5,52.2,122.9,7.1,179.0,495.0,14.0,131,11,0,8
2026-08-17 12:00:00+00:00,33.6,63.0,4.2,54.6,134.6,4.5,193.0,420.0,13.7,132,12,0,8
2026-08-17 13:00:00+00:00,34.3,60.0,3.6,55.8,140.2,3.8,195.0,391.0,12.9,133,13,0,8
2026-08-17 14:00:00+00:00,34.7,58.0,4.8,54.2,137.8,4.4,191.0,400.0,12.1,135,14,0,8
2026-08-17 15:00:00+00:00,34.5,57.0,6.2,54.2,136.0,5.4,182.0,423.0,11.6,136,15,0,8
2026-08-17 16:00:00+00:00,33.6,61.0,6.5,53.9,131.8,7.5,167.0,484.0,11.1,138,16,0,8
2026-08-17 17:00:00+00:00,34.3,55.0,4.6,49.7,110.8,10.8,142.0,652.0,10.2,153,17,0,8
2026-08-17 18:00:00+00:00,33.1,70.0,1.6,50.3,92.9,28.1,112.0,1071.0,11.3,160,18,0,8
2026-08-17 19:00:00+00:00,31.2,76.0,3.9,59.6,93.6,51.3,72.0,1596.0,12.7,154,19,0,8
2026-08-17 20:00:00+00:00,30.5,76.0,6.3,59.1,85.4,64.6,46.0,1866.0,13.5,143,20,0,8
2026-08-17 21:00:00+00:00,29.8,78.0,7.9,51.3,72.6,58.2,50.0,1643.0,13.2,143,21,0,8
2026-08-17 22:00:00+00:00,28.9,84.0,8.8,45.9,62.6,41.8,68.0,1164.0,12.2,142,22,0,8
2026-08-17 23:00:00+00:00,29.5,86.0,8.5,44.0,60.3,28.3,82.0,775.0,11.2,140,23,0,8
2026-08-18 00:00:00+00:00,29.0,88.0,6.7,43.9,60.5,22.7,83.0,611.0,10.2,139,0,1,8
2026-08-18 01:00:00+00:00,28.6,89.0,6.6,43.7,59.0,20.1,80.0,536.0,9.1,137,1,1,8
2026-08-18 02:00:00+00:00,28.4,90.0,2.9,41.1,56.5,18.6,76.0,489.0,8.4,135,2,1,8
2026-08-18 03:00:00+00:00,25.4,95.0,13.0,41.7,55.4,17.9,71.0,426.0,8.2,133,3,1,8
2026-08-18 04:00:00+00:00,26.2,94.0,2.5,43.7,56.6,18.3,66.0,391.0,8.3,132,4,1,8
2026-08-18 05:00:00+00:00,27.8,91.0,2.7,37.1,53.8,20.7,58.0,450.0,8.8,132,5,1,8
2026-08-18 06:00:00+00:00,27.3,93.0,1.3,36.9,47.7,21.6,60.0,714.0,9.3,132,6,1,8
2026-08-18 07:00:00+00:00,28.1,90.0,2.8,35.6,53.9,22.5,64.0,1073.0,10.0,132,7,1,8
2026-08-18 08:00:00+00:00,29.9,77.0,4.0,37.5,59.0,21.8,76.0,1262.0,10.7,131,8,1,8
2026-08-18 09:00:00+00:00,31.6,69.0,5.2,39.7,71.0,17.8,104.0,1117.0,11.6,130,9,1,8
2026-08-18 10:00:00+00:00,32.9,66.0,3.7,43.8,86.8,12.0,140.0,803.0,12.6,130,10,1,8
2026-08-18 11:00:00+00:00,34.1,60.0,6.0,50.3,108.0,7.5,169.0,546.0,13.2,129,11,1,8
2026-08-18 12:00:00+00:00,34.4,59.0,5.1,55.5,126.2,5.3,183.0,425.0,12.9,129,12,1,8
2026-08-18 13:00:00+00:00,34.9,57.0,4.8,54.7,126.7,4.4,189.0,361.0,12.2,129,13,1,8
2026-08-18 14:00:00+00:00,35.1,56.0,5.1,53.4,125.3,4.6,191.0,347.0,11.8,129,14,1,8
2026-08-18 15:00:00+00:00,32.6,64.0,8.7,54.2,129.0,4.3,193.0,397.0,11.9,129,15,1,8
2026-08-18 16:00:00+00:00,32.9,65.0,3.1,54.4,130.4,5.3,192.0,498.0,12.2,131,16,1,8
2026-08-18 17:00:00+00:00,32.2,69.0,0.0,64.7,155.5,14.0,143.0,598.0,10.1,154,17,1,8
2026-08-18 18:00:00+00:00,31.9,72.0,3.7,66.4,125.7,28.1,116.0,694.0,10.5,161,18,1,8
2026-08-18 19:00:00+00:00,30.7,80.0,5.0,66.1,104.8,47.3,79.0,789.0,11.1,157,19,1,8
2026-08-18 20:00:00+00:00,30.3,83.0,6.5,64.3,89.4,59.4,52.0,851.0,11.4,140,20,1,8
2026-08-18 21:00:00+00:00,29.9,85.0,7.8,60.3,81.0,57.9,45.0,864.0,11.2,133,21,1,8
2026-08-18 22:00:00+00:00,29.5,87.0,9.4,57.7,77.1,49.4,49.0,842.0,10.8,134,22,1,8
2026-08-18 23:00:00+00:00,28.9,93.0,7.9,57.0,76.4,40.8,53.0,798.0,10.3,135,23,1,8
2026-08-19 00:00:00+00:00,28.4,94.0,7.7,56.6,75.9,33.9,54.0,723.0,9.8,137,0,2,8
2026-08-19 01:00:00+00:00,27.4,93.0,12.1,54.7,74.3,27.0,55.0,625.0,9.2,138,1,2,8
2026-08-19 02:00:00+00:00,25.6,98.0,15.3,52.0,71.5,22.0,56.0,538.0,8.8,139,2,2,8
2026-08-19 03:00:00+00:00,25.9,97.0,6.9,48.5,65.9,19.9,55.0,437.0,8.8,140,3,2,8
2026-08-19 04:00:00+00:00,26.1,97.0,6.0,49.4,67.1,19.7,54.0,347.0,9.0,141,4,2,8
2026-08-19 05:00:00+00:00,27.6,96.0,5.6,40.2,51.5,18.3,59.0,374.0,9.0,142,5,2,8
2026-08-19 06:00:00+00:00,27.0,97.0,10.9,40.7,52.7,20.9,56.0,650.0,10.0,142,6,2,8
2026-08-19 07:00:00+00:00,27.2,96.0,8.1,41.2,56.1,24.2,53.0,1043.0,11.5,142,7,2,8
2026-08-19 08:00:00+00:00,28.2,93.0,8.8,43.0,62.2,25.1,60.0,1266.0,12.6,143,8,2,8
2026-08-19 09:00:00+00:00,29.6,85.0,8.8,43.5,68.0,21.1,85.0,1146.0,13.3,143,9,2,8
2026-08-19 10:00:00+00:00,31.1,79.0,7.9,46.9,81.5,14.6,121.0,856.0,13.6,144,10,2,8
2026-08-19 11:00:00+00:00,31.6,72.0,8.3,51.6,99.9,9.4,150.0,623.0,13.7,144,11,2,8
2026-08-19 12:00:00+00:00,32.3,70.0,8.0,54.7,107.3,7.0,167.0,507.0,13.2,144,12,2,8
2026-08-19 13:00:00+00:00,32.8,68.0,7.4,54.6,106.6,5.9,179.0,447.0,12.4,144,13,2,8
2026-08-19 14:00:00+00:00,32.0,70.0,8.3,55.4,109.7,6.0,187.0,494.0,12.1,144,14,2,8
2026-08-19 15:00:00+00:00,28.4,90.0,7.7,57.9,113.4,4.8,198.0,661.0,12.8,144,15,2,8
2026-08-19 16:00:00+00:00,28.9,88.0,0.9,59.6,115.0,4.7,206.0,934.0,14.1,145,16,2,8
2026-08-19 17:00:00+00:00,31.5,76.0,7.5,63.6,118.5,14.1,179.0,1317.0,12.8,145,17,2,8
2026-08-19 18:00:00+00:00,30.1,85.0,6.2,66.6,113.4,27.9,145.0,1995.0,13.4,159,18,2,8
2026-08-19 19:00:00+00:00,29.1,90.0,5.0,73.3,113.2,46.7,99.0,2784.0,14.3,162,19,2,8
2026-08-19 20:00:00+00:00,28.8,91.0,7.2,69.2,102.4,58.4,64.0,3133.0,14.6,154,20,2,8
2026-08-19 21:00:00+00:00,28.6,92.0,7.2,63.6,93.4,56.3,51.0,2650.0,14.0,146,21,2,8
2026-08-19 22:00:00+00:00,28.3,93.0,6.2,61.5,89.2,47.2,49.0,1728.0,12.9,147,22,2,8
2026-08-19 23:00:00+00:00,29.0,91.0,7.0,60.5,87.8,39.2,49.0,996.0,12.0,147,23,2,8
2026-08-20 00:00:00+00:00,28.5,92.0,6.9,60.1,87.1,35.6,46.0,715.0,11.5,148,0,3,8
2026-08-20 01:00:00+00:00,28.2,92.0,6.7,60.1,86.6,33.1,45.0,624.0,11.1,148,1,3,8
2026-08-20 02:00:00+00:00,28.0,93.0,7.3,60.1,86.4,30.2,46.0,568.0,10.6,149,2,3,8
2026-08-20 03:00:00+00:00,27.5,95.0,5.5,57.6,82.2,25.5,53.0,490.0,9.5,149,3,3,8
2026-08-20 04:00:00+00:00,25.9,94.0,13.7,52.4,76.8,20.4,62.0,448.0,8.2,150,4,3,8
2026-08-20 05:00:00+00:00,28.5,93.0,6.3,54.7,80.3,20.1,61.0,454.0,11.0,150,5,3,8
2026-08-20 06:00:00+00:00,27.8,96.0,10.0,53.6,75.2,20.4,66.0,552.0,11.1,151,6,3,8
2026-08-20 07:00:00+00:00,27.2,88.0,10.4,52.2,75.2,20.5,74.0,699.0,11.3,151,7,3,8
2026-08-20 08:00:00+00:00,28.1,84.0,9.1,49.9,78.7,19.4,87.0,779.0,11.4,151,8,3,8
2026-08-20 09:00:00+00:00,29.5,80.0,8.5,47.5,82.7,15.7,110.0,720.0,11.5,152,9,3,8
2026-08-20 10:00:00+00:00,31.0,76.0,9.0,49.1,91.3,10.6,137.0,594.0,11.5,152,10,3,8
2026-08-20 11:00:00+00:00,31.5,72.0,7.6,49.7,94.8,6.8,161.0,500.0,11.6,152,11,3,8
2026-08-20 12:00:00+00:00,32.3,69.0,7.9,47.5,91.0,4.9,179.0,462.0,11.8,152,12,3,8
2026-08-20 13:00:00+00:00,32.9,68.0,6.6,48.1,94.1,4.3,194.0,457.0,12.1,151,13,3,8
2026-08-20 14:00:00+00:00,32.9,69.0,7.4,49.4,100.8,5.2,197.0,516.0,12.0,151,14,3,8
2026-08-20 15:00:00+00:00,32.1,73.0,5.2,49.0,98.0,7.8,184.0,649.0,11.1,151,15,3,8
2026-08-20 16:00:00+00:00,29.5,82.0,4.9,46.6,87.1,12.0,160.0,845.0,9.8,151,16,3,8
2026-08-20 17:00:00+00:00,31.5,72.0,6.6,55.4,115.3,15.8,166.0,1103.0,11.2,150,17,3,8
2026-08-20 18:00:00+00:00,30.3,81.0,4.8,61.0,102.0,29.1,132.0,1478.0,11.6,157,18,3,8
2026-08-20 19:00:00+00:00,29.3,86.0,3.5,64.0,102.2,47.5,86.0,1914.0,12.1,156,19,3,8
2026-08-20 20:00:00+00:00,28.7,89.0,4.3,66.4,103.6,61.2,49.0,2242.0,12.5,149,20,3,8
2026-08-20 21:00:00+00:00,28.2,92.0,4.0,69.2,103.6,65.9,32.0,2430.0,12.9,149,21,3,8
2026-08-20 22:00:00+00:00,28.0,94.0,2.8,72.2,104.3,66.0,25.0,2508.0,13.2,149,22,3,8
2026-08-20 23:00:00+00:00,28.7,92.0,3.0,75.4,107.3,65.1,20.0,2404.0,13.3,150,23,3,8
2026-08-21 00:00:00+00:00,28.2,93.0,3.7,78.7,111.8,64.9,14.0,1986.0,13.1,151,0,4,8
2026-08-21 01:00:00+00:00,27.8,93.0,4.1,81.5,115.5,63.7,10.0,1384.0,12.6,151,1,4,8
2026-08-21 02:00:00+00:00,27.7,92.0,4.0,82.7,115.3,59.7,12.0,915.0,12.2,152,2,4,8
2026-08-21 03:00:00+00:00,27.4,92.0,3.7,75.9,105.7,50.4,21.0,697.0,11.8,152,3,4,8
2026-08-21 04:00:00+00:00,27.2,92.0,3.6,64.5,90.6,38.4,35.0,611.0,11.4,153,4,4,8
2026-08-21 05:00:00+00:00,27.7,92.0,4.9,95.7,145.8,77.2,4.0,619.0,18.2,153,5,4,8
2026-08-21 06:00:00+00:00,27.3,93.0,5.5,97.3,145.3,65.6,26.0,784.0,19.3,155,6,4,8
2026-08-21 07:00:00+00:00,28.0,91.0,4.4,84.3,134.6,49.2,59.0,1043.0,20.7,156,7,4,8
2026-08-21 08:00:00+00:00,29.6,84.0,4.3,75.2,132.2,34.7,97.0,1170.0,22.0,157,8,4,8
2026-08-21 09:00:00+00:00,31.0,78.0,4.5,74.7,136.4,24.0,145.0,1026.0,22.9,158,9,4,8
2026-08-21 10:00:00+00:00,32.3,72.0,4.9,75.2,142.5,15.2,198.0,750.0,23.5,158,10,4,8
2026-08-21 11:00:00+00:00,32.9,67.0,5.3,76.6,149.0,8.9,240.0,533.0,23.8,159,11,4,8
2026-08-21 12:00:00+00:00,33.4,65.0,4.8,77.1,153.2,6.0,264.0,437.0,23.6,160,12,4,8
2026-08-21 13:00:00+00:00,33.9,63.0,2.9,76.1,153.2,5.6,275.0,400.0,23.0,161,13,4,8
2026-08-21 14:00:00+00:00,33.9,62.0,2.7,72.4,146.7,6.2,278.0,426.0,22.3,162,14,4,8
2026-08-21 15:00:00+00:00,33.9,64.0,2.2,65.4,130.9,5.6,273.0,522.0,21.3,186,15,4,8
2026-08-21 16:00:00+00:00,33.6,64.0,1.6,63.1,124.3,5.9,258.0,682.0,20.0,208,16,4,8
2026-08-21 17:00:00+00:00,31.0,75.0,4.9,59.4,119.0,13.2,201.0,887.0,16.7,219,17,4,8
2026-08-21 18:00:00+00:00,30.2,82.0,4.5,62.6,110.6,39.4,155.0,1199.0,17.7,223,18,4,8
2026-08-21 19:00:00+00:00,29.4,87.0,6.5,82.4,123.4,74.8,91.0,1556.0,19.1,220,19,4,8
2026-08-21 20:00:00+00:00,29.0,90.0,5.6,78.7,112.2,96.3,47.0,1759.0,20.0,210,20,4,8
2026-08-21 21:00:00+00:00,28.6,91.0,4.9,71.5,101.0,91.1,40.0,1692.0,20.2,189,21,4,8
2026-08-21 22:00:00+00:00,28.4,92.0,5.1,68.0,92.7,72.0,52.0,1470.0,19.9,164,22,4,8
2026-08-21 23:00:00+00:00,29.7,92.0,4.9,65.7,88.5,54.4,64.0,1238.0,19.1,164,23,4,8
2026-08-22 00:00:00+00:00,29.1,94.0,3.7,62.2,83.4,43.4,69.0,1014.0,17.4,164,0,5,8
2026-08-22 01:00:00+00:00,29.2,91.0,7.3,56.9,78.7,34.0,75.0,779.0,15.1,164,1,5,8
2026-08-22 02:00:00+00:00,27.7,94.0,13.9,53.0,71.0,26.2,81.0,625.0,13.2,163,2,5,8
2026-08-22 03:00:00+00:00,26.1,91.0,7.5,48.5,65.9,20.0,91.0,598.0,12.1,162,3,5,8
2026-08-22 04:00:00+00:00,25.3,95.0,8.5,42.7,60.5,15.4,102.0,653.0,11.3,161,4,5,8
2026-08-22 05:00:00+00:00,27.9,89.0,7.6,57.5,79.6,25.2,78.0,739.0,15.5,160,5,5,8
2026-08-22 06:00:00+00:00,27.5,91.0,7.3,51.6,68.7,25.4,83.0,886.0,14.7,159,6,5,8
2026-08-22 07:00:00+00:00,28.0,89.0,5.3,50.3,65.9,25.3,90.0,1066.0,13.5,158,7,5,8
2026-08-22 08:00:00+00:00,29.2,83.0,5.2,47.3,68.2,23.6,105.0,1143.0,12.8,157,8,5,8
2026-08-22 09:00:00+00:00,30.9,75.0,5.6,46.9,77.3,18.5,132.0,1024.0,13.0,156,9,5,8
2026-08-22 10:00:00+00:00,32.3,69.0,5.9,50.6,93.8,11.8,167.0,803.0,13.7,155,10,5,8
2026-08-22 11:00:00+00:00,32.9,63.0,4.8,57.4,115.9,6.7,194.0,624.0,14.1,155,11,5,8
2026-08-22 12:00:00+00:00,33.7,59.0,3.9,62.2,132.2,4.5,209.0,542.0,13.7,154,12,5,8
2026-08-22 13:00:00+00:00,34.3,56.0,3.8,63.6,140.2,4.0,217.0,502.0,13.0,154,13,5,8
2026-08-22 14:00:00+00:00,34.7,53.0,4.0,64.0,143.9,4.7,218.0,491.0,12.4,153,14,5,8
2026-08-22 15:00:00+00:00,34.7,53.0,4.7,63.6,146.7,5.4,210.0,373.0,12.1,153,15,5,8
2026-08-22 16:00:00+00:00,34.5,54.0,4.6,64.0,150.9,7.4,195.0,282.0,11.9,169,16,5,8
2026-08-22 17:00:00+00:00,34.4,56.0,5.2,59.4,137.4,13.7,159.0,611.0,11.0,183,17,5,8
2026-08-22 18:00:00+00:00,32.9,70.0,3.1,70.1,133.2,32.3,125.0,1821.0,12.4,188,18,5,8
2026-08-22 19:00:00+00:00,31.6,73.0,3.7,83.4,139.2,57.7,78.0,3450.0,14.3,181,19,5,8
2026-08-22 20:00:00+00:00,31.0,72.0,5.6,84.8,130.9,74.8,43.0,4504.0,15.5,162,20,5,8
2026-08-22 21:00:00+00:00,30.4,75.0,4.3,82.9,123.4,75.9,32.0,4494.0,15.3,153,21,5,8
2026-08-22 22:00:00+00:00,29.7,77.0,6.8,78.7,112.5,68.8,33.0,3911.0,14.5,154,22,5,8
2026-08-22 23:00:00+00:00,30.1,77.0,5.6,75.0,102.9,61.3,35.0,3227.0,13.5,154,23,5,8
2026-08-23 00:00:00+00:00,29.0,84.0,5.5,70.3,93.8,56.0,36.0,2507.0,12.5,154,0,6,8
2026-08-23 01:00:00+00:00,28.5,88.0,4.7,66.4,87.5,50.5,38.0,1688.0,11.4,155,1,6,8
2026-08-23 02:00:00+00:00,28.2,91.0,4.7,63.8,83.6,44.9,40.0,1054.0,10.6,155,2,6,8
2026-08-23 03:00:00+00:00,27.6,90.0,11.1,62.2,81.5,39.4,40.0,737.0,10.4,155,3,6,8
2026-08-23 04:00:00+00:00,26.0,90.0,14.3,61.0,80.1,33.9,40.0,606.0,10.5,156,4,6,8
2026-08-23 05:00:00+00:00,28.7,81.0,8.8,57.4,72.6,36.3,35.0,555.0,10.5,156,5,6,8
2026-08-23 06:00:00+00:00,27.2,85.0,9.1,56.6,68.2,31.7,50.0,595.0,10.4,156,6,6,8
2026-08-23 07:00:00+00:00,27.9,87.0,7.4,54.5,65.2,25.2,72.0,714.0,10.3,156,7,6,8
2026-08-23 08:00:00+00:00,29.1,83.0,6.9,48.3,64.0,19.0,96.0,770.0,10.4,156,8,6,8
2026-08-23 09:00:00+00:00,30.8,77.0,7.4,43.1,65.0,13.6,124.0,681.0,11.1,156,9,6,8
2026-08-23 10:00:00+00:00,32.2,70.0,6.0,42.3,70.5,8.5,154.0,529.0,12.0,156,10,6,8
2026-08-23 11:00:00+00:00,33.2,60.0,4.7,45.4,88.7,4.9,177.0,418.0,12.6,156,11,6,8
2026-08-23 12:00:00+00:00,33.8,58.0,3.1,46.9,101.0,3.4,188.0,392.0,12.4,156,12,6,8
2026-08-23 13:00:00+00:00,34.2,56.0,0.4,47.5,105.2,3.3,193.0,407.0,11.9,155,13,6,8
2026-08-23 14:00:00+00:00,34.7,53.0,3.5,46.3,103.4,3.7,196.0,430.0,11.7,155,14,6,8
2026-08-23 15:00:00+00:00,34.7,52.0,5.2,47.4,104.3,3.5,202.0,432.0,12.3,154,15,6,8
2026-08-23 16:00:00+00:00,34.3,53.0,6.7,50.2,109.0,3.9,207.0,443.0,13.2,154,16,6,8
2026-08-23 17:00:00+00:00,33.4,60.0,9.8,58.2,126.7,9.0,173.0,523.0,11.8,167,17,6,8
2026-08-23 18:00:00+00:00,32.0,69.0,5.6,61.2,109.9,20.3,146.0,728.0,12.7,175,18,6,8
2026-08-23 19:00:00+00:00,31.0,75.0,5.7,66.8,109.9,35.7,107.0,1002.0,13.9,174,19,6,8
2026-08-23 20:00:00+00:00,30.5,79.0,4.9,66.1,101.3,46.9,78.0,1233.0,15.0,163,20,6,8
2026-08-23 21:00:00+00:00,29.9,84.0,3.7,62.6,93.4,49.2,67.0,1372.0,15.7,152,21,6,8
2026-08-23 22:00:00+00:00,29.6,86.0,2.6,64.3,94.3,47.3,64.0,1469.0,16.2,151,22,6,8
2026-08-23 23:00:00+00:00,29.9,82.0,6.8,68.2,100.1,46.3,60.0,1556.0,16.6,151,23,6,8
2026-08-24 00:00:00+00:00,29.2,85.0,2.5,71.5,104.3,48.1,52.0,1677.0,16.9,151,0,0,8
2026-08-24 01:00:00+00:00,28.8,85.0,3.7,75.0,109.2,51.0,43.0,1790.0,17.1,151,1,0,8
2026-08-24 02:00:00+00:00,28.0,88.0,3.1,80.1,115.0,54.5,34.0,1799.0,17.4,151,2,0,8
2026-08-24 03:00:00+00:00,27.5,90.0,2.5,85.4,121.1,60.9,21.0,1612.0,17.9,152,3,0,8
2026-08-24 04:00:00+00:00,27.3,90.0,3.1,90.3,126.7,67.9,8.0,1322.0,18.4,152,4,0,8
2026-08-24 05:00:00+00:00,28.8,88.0,4.2,86.6,129.9,54.8,34.0,1115.0,21.5,153,5,0,8
2026-08-24 06:00:00+00:00,28.6,88.0,4.5,92.9,136.4,46.7,60.0,1103.0,22.5,154,6,0,8
2026-08-24 07:00:00+00:00,29.7,83.0,5.1,77.1,121.5,35.3,97.0,1175.0,23.9,155,7,0,8
2026-08-24 08:00:00+00:00,31.2,72.0,3.5,60.8,110.4,25.1,132.0,1176.0,24.3,156,8,0,8
2026-08-24 09:00:00+00:00,32.2,66.0,3.1,55.6,103.6,17.4,164.0,1019.0,23.2,156,9,0,8
2026-08-24 10:00:00+00:00,33.3,61.0,2.9,51.8,96.6,10.9,193.0,793.0,21.1,156,10,0,8
2026-08-24 11:00:00+00:00,34.1,57.0,4.3,48.3,89.9,6.3,213.0,608.0,19.0,157,11,0,8
2026-08-24 12:00:00+00:00,34.8,55.0,5.2,44.2,82.0,4.2,217.0,506.0,16.9,157,12,0,8
2026-08-24 13:00:00+00:00,35.3,52.0,5.2,40.6,74.5,4.1,211.0,446.0,14.7,157,13,0,8
2026-08-24 14:00:00+00:00,35.6,52.0,5.4,38.4,69.6,4.8,203.0,417.0,13.2,157,14,0,8
2026-08-24 15:00:00+00:00,35.6,51.0,6.5,37.3,66.1,3.3,200.0,366.0,12.5,165,15,0,8
2026-08-24 16:00:00+00:00,35.2,52.0,7.7,36.4,63.8,2.8,194.0,346.0,12.3,182,16,0,8
2026-08-24 17:00:00+00:00,34.5,56.0,6.4,36.6,61.9,11.3,177.0,509.0,13.1,192,17,0,8
2026-08-24 17:15:00+00:00,34.3,56.0,5.4,36.6,61.9,11.3,177.0,509.0,13.1,192,17,0,8
2026-08-24 18:00:00+00:00,33.3,67.0,3.1,44.0,62.6,37.7,136.0,985.0,15.1,194,18,0,8
2026-08-24 18:30:00+00:00,32.5,69.0,2.9,44.0,62.6,37.7,136.0,985.0,15.1,194,18,0,8
2026-08-24 19:00:00+00:00,32.3,72.0,1.7,57.0,76.1,73.2,82.0,1644.0,17.9,185,19,0,8
2026-08-24 19:30:00+00:00,31.7,72.0,1.3,57.0,76.1,73.2,82.0,1644.0,17.9,185,19,0,8
2026-08-24 20:00:00+00:00,31.8,74.0,0.7,68.7,87.8,99.8,41.0,2244.0,20.8,164,20,0,8
2026-08-24 20:15:00+00:00,31.2,75.0,1.8,68.7,87.8,99.8,41.0,3445.0,20.8,164,20,0,8
2026-08-24 21:00:00+00:00,30.9,79.0,2.0,78.9,98.5,108.8,25.0,2746.0,24.2,154,21,0,8
2026-08-24 21:15:00+00:00,30.1,81.0,2.8,78.9,98.5,108.8,25.0,4348.0,24.2,154,21,0,8
2026-08-24 22:00:00+00:00,30.4,81.0,0.4,92.2,112.7,108.9,21.0,3189.0,27.6,155,22,0,8
2026-08-24 22:15:00+00:00,29.2,84.0,3.6,92.2,112.7,108.9,21.0,5147.0,27.6,155,22,0,8
2026-08-24 23:00:00+00:00,29.5,85.0,2.7,104.8,126.7,107.9,18.0,3451.0,29.5,156,23,0,8
2026-08-24 23:15:00+00:00,28.5,86.0,4.6,104.8,126.7,107.9,18.0,5415.0,29.5,156,23,0,8
2026-08-25 00:15:00+00:00,28.9,82.0,5.5,107.6,129.0,108.7,11.0,4798.0,28.5,157,0,1,8
2026-08-25 01:15:00+00:00,28.5,83.0,4.3,109.0,130.4,108.4,4.0,3652.0,26.0,158,1,1,8
2026-08-25 02:15:00+00:00,28.1,85.0,3.8,112.9,133.6,106.7,0.0,2613.0,23.8,159,2,1,8
2026-08-25 03:00:00+00:00,28.0,86.0,3.6,96.4,117.6,88.8,8.0,1838.0,19.9,162,3,1,8
2026-08-25 04:00:00+00:00,27.7,88.0,3.8,94.3,114.6,86.2,4.0,1171.0,19.3,162,4,1,8
2026-08-25 05:30:00+00:00,27.5,87.0,5.2,95.2,115.3,80.9,9.0,786.0,18.8,162,5,1,8
2026-08-25 07:00:00+00:00,28.4,86.0,4.8,94.1,107.3,58.3,57.0,1277.0,17.9,162,7,1,8
2026-08-25 08:30:00+00:00,31.1,74.0,4.2,82.4,103.1,45.3,91.0,1489.0,17.8,163,8,1,8
2026-08-25 09:15:00+00:00,32.4,66.0,3.9,70.8,97.8,31.4,136.0,1289.0,18.4,164,9,1,8
2026-08-25 10:15:00+00:00,33.8,59.0,2.3,59.5,87.8,17.1,187.0,915.0,19.2,164,10,1,8
2026-08-25 11:15:00+00:00,34.7,54.0,0.4,52.6,78.7,7.0,224.0,626.0,19.4,164,11,1,8
2026-08-25 12:30:00+00:00,35.4,54.0,1.2,49.1,73.8,3.5,239.0,534.0,18.2,164,12,1,8
2026-08-25 13:15:00+00:00,35.8,51.0,0.6,47.5,71.2,4.2,240.0,527.0,16.4,165,13,1,8
2026-08-25 14:15:00+00:00,36.3,48.0,0.6,46.6,69.6,5.7,237.0,531.0,15.0,165,14,1,8
2026-08-25 15:15:00+00:00,36.3,46.0,2.3,45.6,68.0,4.0,235.0,438.0,14.3,165,15,1,8
2026-08-25 16:15:00+00:00,36.1,45.0,4.3,37.1,57.7,3.8,213.0,357.0,12.5,192,16,1,8
2026-08-25 17:15:00+00:00,35.3,47.0,3.8,37.4,56.5,12.8,191.0,538.0,13.0,203,17,1,8
2026-08-25 18:30:00+00:00,33.6,57.0,3.5,45.3,60.8,41.0,146.0,1276.0,15.1,206,18,1,8
2026-08-25 19:30:00+00:00,31.8,70.0,3.6,59.5,74.5,78.7,89.0,2275.0,18.0,203,19,1,8
2026-08-25 20:30:00+00:00,30.8,77.0,4.7,69.6,84.3,105.7,46.0,2784.0,20.6,186,20,1,8
2026-08-25 21:15:00+00:00,30.3,79.0,5.4,79.2,93.6,111.8,29.0,3034.0,22.6,163,21,1,8
2026-08-25 22:15:00+00:00,29.9,79.0,5.0,90.8,104.3,107.3,26.0,3044.0,24.2,163,22,1,8
